customer_id,first_name,last_name,state,total_orders,units_purchased,lifetime_revenue,lifetime_profit,last_order_date,customer_name,repeat_customer
C000001,Noah,Patel,NJ,3,17,2283.83,914.3600000000001,2026-07-27 10:55:00,Noah Patel,True
C000002,Mia,Thomas,MO,3,24,3167.74,1206.5500000000002,2025-11-20 08:05:00,Mia Thomas,True
C000003,Olivia,Smith,PA,3,10,981.3100000000001,339.12,2026-06-24 09:29:00,Olivia Smith,True
C000004,Noah,Brown,GA,5,39,5999.75,1956.7,2026-07-07 22:05:00,Noah Brown,True
C000005,Ava,Wilson,NY,4,24,2939.37,1246.77,2026-02-17 11:06:00,Ava Wilson,True
C000006,James,Wilson,NJ,4,30,5877.66,2618.38,2026-09-10 14:36:00,James Wilson,True
C000007,Mason,Garcia,IL,5,35,5732.24,2435.2700000000004,2026-09-11 12:49:00,Mason Garcia,True
C000008,James,Miller,TX,3,10,2202.26,890.63,2026-02-06 10:22:00,James Miller,True
C000009,Liam,Lee,TX,1,13,1974.0400000000002,780.3000000000002,2025-02-10 14:12:00,Liam Lee,False
C000010,Noah,Lee,FL,1,3,516.19,200.11,2026-08-03 18:05:00,Noah Lee,False
C000011,Ava,Thomas,IA,4,26,4929.38,1957.5399999999997,2026-03-17 09:26:00,Ava Thomas,True
C000012,Sophia,Smith,VA,3,15,3032.4300000000003,897.7200000000001,2026-03-31 20:51:00,Sophia Smith,True
C000013,Mason,Lee,NJ,5,32,4096.24,1559.27,2026-08-17 09:44:00,Mason Lee,True
C000014,Ava,Taylor,VA,7,48,6854.81,2878.49,2026-08-03 21:10:00,Ava Taylor,True
C000015,Noah,Brown,IA,1,11,2318.04,1001.45,2025-09-09 22:22:00,Noah Brown,False
C000016,Lucas,Taylor,IA,2,19,3386.52,1457.1399999999999,2026-04-22 09:16:00,Lucas Taylor,True
C000017,Ethan,Brown,NC,7,45,6212.14,1983.96,2026-05-06 16:26:00,Ethan Brown,True
C000018,Isabella,Smith,NJ,1,5,556.28,220.23999999999995,2026-03-17 16:48:00,Isabella Smith,False
C000019,Liam,Johnson,PA,4,27,4431.17,1676.96,2026-03-15 21:37:00,Liam Johnson,True
C000020,Isabella,Thomas,IA,4,21,2870.5,1018.0699999999999,2026-03-17 21:10:00,Isabella Thomas,True
C000021,Ava,Brown,NC,2,6,794.98,209.40999999999997,2026-02-16 20:00:00,Ava Brown,True
C000022,Sophia,Garcia,NC,6,40,6646.29,2835.2000000000003,2026-09-03 18:47:00,Sophia Garcia,True
C000023,James,Lee,NY,1,12,2522.98,1137.5,2025-04-18 15:14:00,James Lee,False
C000024,Sophia,Taylor,IL,5,39,6454.4,2329.61,2026-07-24 14:15:00,Sophia Taylor,True
C000025,Mia,Brown,IA,4,16,2798.23,957.88,2026-08-06 18:11:00,Mia Brown,True
C000026,Sophia,Anderson,NY,4,30,5646.78,2113.19,2025-11-04 15:22:00,Sophia Anderson,True
C000027,Mia,Wilson,MO,10,53,7160.79,2676.6800000000003,2026-06-02 10:04:00,Mia Wilson,True
C000028,Noah,Johnson,GA,2,7,1124.47,457.43,2026-04-16 22:24:00,Noah Johnson,True
C000029,Sophia,Anderson,NJ,4,31,3000.94,1024.32,2026-08-08 14:02:00,Sophia Anderson,True
C000030,Mason,Davis,FL,3,21,3916.16,1412.38,2026-09-11 09:30:00,Mason Davis,True
C000031,Isabella,Thomas,GA,7,45,7458.68,3278.1899999999996,2026-07-13 15:10:00,Isabella Thomas,True
C000032,Emma,Taylor,CA,4,27,3389.56,1021.2800000000001,2026-09-10 09:52:00,Emma Taylor,True
C000033,Sophia,Johnson,IA,1,5,763.54,353.51,2026-06-10 10:53:00,Sophia Johnson,False
C000034,James,Garcia,PA,6,49,8410.12,3662.85,2026-05-24 17:18:00,James Garcia,True
C000035,Isabella,Garcia,VA,3,21,4158.31,1767.94,2026-05-01 12:39:00,Isabella Garcia,True
C000036,Mia,Wilson,NC,5,27,3663.77,1394.33,2026-06-18 16:51:00,Mia Wilson,True
C000037,Lucas,Patel,NC,6,33,5218.88,1704.5299999999997,2026-09-04 18:08:00,Lucas Patel,True
C000038,Liam,Patel,IA,4,25,3144.37,1209.03,2026-09-12 21:42:00,Liam Patel,True
C000039,Noah,Smith,NY,3,19,2185.38,820.28,2026-03-29 16:28:00,Noah Smith,True
C000040,Olivia,Johnson,VA,6,38,5730.04,2142.64,2026-06-06 21:18:00,Olivia Johnson,True
C000041,Olivia,Johnson,IL,7,44,5715.54,2266.71,2026-08-12 20:06:00,Olivia Johnson,True
C000042,Sophia,Brown,NY,3,14,1885.6399999999999,687.9699999999999,2026-04-04 21:08:00,Sophia Brown,True
C000043,Sophia,Taylor,IA,8,54,10843.9,4304.87,2026-09-04 19:34:00,Sophia Taylor,True
C000044,Lucas,Smith,CA,2,20,2270.38,873.49,2026-01-21 17:12:00,Lucas Smith,True
C000045,Ethan,Patel,VA,3,16,2266.25,936.0799999999999,2026-08-12 22:05:00,Ethan Patel,True
C000046,Ava,Smith,MO,1,1,224.83,91.67000000000002,2026-08-18 13:28:00,Ava Smith,False
C000047,Ava,Lee,VA,5,42,6335.25,2186.94,2026-06-29 20:56:00,Ava Lee,True
C000048,Emma,Taylor,MO,2,19,2228.65,727.78,2025-08-14 08:19:00,Emma Taylor,True
C000049,Mia,Thomas,CA,2,9,763.9100000000001,264.08000000000004,2025-08-08 12:46:00,Mia Thomas,True
C000050,Sophia,Brown,IL,2,11,2636.11,887.7,2025-11-13 20:45:00,Sophia Brown,True
C000051,Sophia,Lee,NJ,3,21,3745.1,1563.73,2026-08-29 08:40:00,Sophia Lee,True
C000052,James,Patel,IL,5,25,4309.2,1516.6900000000003,2026-08-09 18:38:00,James Patel,True
C000053,James,Lee,FL,5,18,2891.33,905.87,2026-02-18 16:36:00,James Lee,True
C000054,Liam,Wilson,MO,3,19,2536.71,1042.4699999999998,2026-08-10 12:48:00,Liam Wilson,True
C000055,Mia,Garcia,FL,3,21,2411.02,1000.95,2026-08-18 17:37:00,Mia Garcia,True
C000056,Lucas,Wilson,VA,6,32,5233.25,1992.71,2026-09-12 17:13:00,Lucas Wilson,True
C000057,Olivia,Patel,NJ,4,26,4479.38,1774.09,2026-06-12 09:43:00,Olivia Patel,True
C000058,Mia,Miller,MO,2,12,1429.92,552.19,2026-07-06 22:36:00,Mia Miller,True
C000059,Sophia,Patel,MO,2,22,2849.65,1128.21,2026-08-30 09:45:00,Sophia Patel,True
C000060,Sophia,Garcia,GA,4,14,2144.79,823.0199999999998,2026-09-05 17:49:00,Sophia Garcia,True
C000061,James,Thomas,FL,3,24,3113.65,1248.98,2025-10-04 10:33:00,James Thomas,True
C000062,Emma,Brown,MO,1,7,1088.3600000000001,345.24000000000007,2026-09-05 18:04:00,Emma Brown,False
C000063,Olivia,Patel,PA,1,7,800.39,240.52999999999997,2026-06-23 19:09:00,Olivia Patel,False
C000064,Mason,Davis,GA,4,32,5543.46,1594.74,2026-08-28 17:04:00,Mason Davis,True
C000065,Noah,Johnson,CA,4,28,4546.99,1632.06,2026-03-24 15:53:00,Noah Johnson,True
C000066,Isabella,Brown,VA,5,26,5238.49,1955.1499999999999,2026-02-04 11:48:00,Isabella Brown,True
C000067,Liam,Anderson,NY,5,47,7939.900000000001,2833.1600000000003,2026-08-21 13:18:00,Liam Anderson,True
C000068,Sophia,Taylor,VA,3,18,2886.15,1248.1999999999998,2025-08-07 10:18:00,Sophia Taylor,True
C000069,Isabella,Thomas,MO,4,23,5285.03,2146.84,2026-09-13 20:23:00,Isabella Thomas,True
C000070,Sophia,Johnson,IA,4,42,6330.0,2394.69,2026-06-23 10:24:00,Sophia Johnson,True
C000071,Noah,Patel,NC,2,20,3209.38,1277.6,2026-01-15 08:32:00,Noah Patel,True
C000072,Noah,Smith,NY,5,19,2969.02,1160.6799999999998,2026-07-12 12:32:00,Noah Smith,True
C000073,Mia,Lee,IA,4,28,4646.59,1400.28,2026-04-10 14:55:00,Mia Lee,True
C000074,Ethan,Garcia,MO,7,38,5661.46,1947.5600000000002,2026-07-12 14:04:00,Ethan Garcia,True
C000075,James,Garcia,CA,3,31,6070.88,2269.3500000000004,2026-04-03 17:52:00,James Garcia,True
C000076,Emma,Taylor,CA,3,11,2312.92,1069.17,2026-09-13 18:19:00,Emma Taylor,True
C000077,Emma,Smith,TX,2,18,1857.09,598.42,2026-05-26 09:37:00,Emma Smith,True
C000078,Mia,Garcia,CA,7,57,10014.04,3977.0300000000007,2026-08-29 17:25:00,Mia Garcia,True
C000079,James,Lee,MO,2,14,1843.21,790.3600000000001,2026-09-05 08:06:00,James Lee,True
C000080,Emma,Wilson,NJ,6,35,5374.99,1979.51,2026-04-11 13:16:00,Emma Wilson,True
C000081,Noah,Taylor,GA,4,37,5650.48,2486.2999999999997,2026-05-07 12:15:00,Noah Taylor,True
C000082,Ava,Patel,IA,3,24,2816.2200000000003,1060.1100000000001,2026-04-29 22:14:00,Ava Patel,True
C000083,Isabella,Garcia,TX,7,48,8617.52,3518.83,2026-07-13 22:33:00,Isabella Garcia,True
C000084,Olivia,Thomas,IL,4,25,3564.0099999999998,1402.44,2026-04-05 15:54:00,Olivia Thomas,True
C000085,Noah,Smith,GA,3,13,1967.64,670.24,2026-07-03 15:59:00,Noah Smith,True
C000086,Ethan,Anderson,GA,5,19,3867.55,1147.55,2026-07-14 16:02:00,Ethan Anderson,True
C000087,Ava,Garcia,TX,4,26,5168.22,1816.32,2026-07-30 09:57:00,Ava Garcia,True
C000088,Ethan,Brown,GA,5,30,4249.23,1776.9199999999998,2026-06-22 18:16:00,Ethan Brown,True
C000089,Ethan,Wilson,VA,3,17,2350.1299999999997,1053.6,2026-07-24 16:46:00,Ethan Wilson,True
C000090,Mia,Brown,PA,3,14,3116.61,1334.03,2026-02-05 16:07:00,Mia Brown,True
C000091,Sophia,Patel,TX,7,39,6224.76,2131.5,2026-07-09 10:35:00,Sophia Patel,True
C000092,Sophia,Taylor,NC,2,16,1389.73,469.55000000000007,2026-04-05 18:08:00,Sophia Taylor,True
C000093,James,Smith,TX,5,33,5738.0,2219.28,2026-08-29 19:13:00,James Smith,True
C000094,Lucas,Brown,GA,1,6,611.15,245.26999999999995,2025-02-16 13:31:00,Lucas Brown,False
C000095,Ethan,Garcia,IL,4,24,3221.59,1371.2400000000002,2026-06-22 20:09:00,Ethan Garcia,True
C000096,Isabella,Brown,GA,3,33,4511.37,1561.3500000000001,2026-09-01 20:38:00,Isabella Brown,True
C000097,Noah,Garcia,IA,1,10,1376.15,475.78,2026-02-21 20:18:00,Noah Garcia,False
C000098,Sophia,Taylor,CA,1,3,631.38,149.85000000000002,2025-03-19 09:28:00,Sophia Taylor,False
C000099,Emma,Johnson,VA,4,31,5167.34,2068.04,2025-12-09 09:22:00,Emma Johnson,True
C000100,Mason,Miller,VA,2,12,2531.98,942.77,2026-01-22 13:13:00,Mason Miller,True
C000101,Sophia,Anderson,NC,8,51,9387.55,4052.41,2026-08-14 13:10:00,Sophia Anderson,True
C000102,Liam,Garcia,NY,3,28,5105.45,1949.54,2026-06-19 16:08:00,Liam Garcia,True
C000103,Ava,Wilson,FL,13,92,12885.72,4810.43,2026-08-24 17:24:00,Ava Wilson,True
C000104,Noah,Taylor,FL,3,24,3601.71,1354.65,2026-06-07 17:45:00,Noah Taylor,True
C000105,Isabella,Smith,NC,2,15,3340.76,1422.3200000000002,2025-06-13 18:19:00,Isabella Smith,True
C000106,Isabella,Miller,IA,3,14,2034.9399999999998,734.7499999999999,2025-12-16 16:35:00,Isabella Miller,True
C000107,Emma,Wilson,PA,4,27,4500.14,1653.59,2026-08-18 13:26:00,Emma Wilson,True
C000108,Isabella,Miller,FL,5,31,4929.52,1775.03,2026-08-11 12:23:00,Isabella Miller,True
C000109,Emma,Miller,NY,5,21,2916.22,1184.91,2026-08-19 12:51:00,Emma Miller,True
C000110,Liam,Miller,IA,6,40,5819.67,2014.5700000000002,2026-09-11 20:46:00,Liam Miller,True
C000111,Lucas,Taylor,IL,4,30,3963.2,1371.4799999999998,2026-07-02 16:27:00,Lucas Taylor,True
C000112,James,Johnson,IL,2,15,1894.1599999999999,821.41,2025-05-25 16:54:00,James Johnson,True
C000113,Isabella,Taylor,CA,4,27,3981.73,1447.6200000000001,2026-03-08 11:17:00,Isabella Taylor,True
C000114,Isabella,Garcia,MO,4,17,3557.81,1344.1200000000001,2026-08-28 09:56:00,Isabella Garcia,True
C000115,Mia,Patel,MO,4,14,2248.53,891.44,2026-07-19 14:23:00,Mia Patel,True
C000116,Mason,Smith,IL,5,17,2515.86,955.2800000000001,2026-06-29 12:54:00,Mason Smith,True
C000117,Mason,Brown,NJ,5,43,7392.76,2937.5,2026-03-20 09:23:00,Mason Brown,True
C000119,Sophia,Brown,VA,2,8,1829.4299999999998,807.64,2026-05-12 09:56:00,Sophia Brown,True
C000120,Olivia,Davis,PA,2,10,1580.71,549.76,2026-09-10 11:02:00,Olivia Davis,True
C000121,Noah,Davis,MO,4,24,3028.5099999999998,1118.2099999999998,2026-08-20 13:25:00,Noah Davis,True
C000122,Isabella,Wilson,IL,3,14,1859.3899999999999,574.38,2026-08-18 17:11:00,Isabella Wilson,True
C000123,Mason,Thomas,IL,7,48,6141.74,2240.46,2026-07-17 13:50:00,Mason Thomas,True
C000124,Lucas,Johnson,CA,6,35,5167.94,1950.81,2026-05-07 09:25:00,Lucas Johnson,True
C000125,Liam,Taylor,IA,2,8,1777.3,739.6,2025-09-02 17:16:00,Liam Taylor,True
C000126,Lucas,Taylor,CA,2,15,1483.83,530.67,2025-03-29 11:30:00,Lucas Taylor,True
C000127,Noah,Thomas,IL,4,29,4218.73,1686.95,2026-08-05 19:42:00,Noah Thomas,True
C000128,Ethan,Lee,IA,4,33,4706.54,1649.7900000000002,2026-09-09 20:15:00,Ethan Lee,True
C000130,Noah,Miller,MO,3,18,3323.46,1278.16,2025-12-19 20:15:00,Noah Miller,True
C000131,Lucas,Miller,CA,4,29,4149.35,1575.01,2026-01-14 09:36:00,Lucas Miller,True
C000132,Sophia,Anderson,FL,3,17,2634.09,896.86,2026-07-07 22:05:00,Sophia Anderson,True
C000133,Sophia,Davis,NY,6,45,8610.21,3306.4700000000003,2026-08-03 16:31:00,Sophia Davis,True
C000134,Sophia,Miller,IA,3,19,2043.17,831.3000000000001,2026-02-07 11:54:00,Sophia Miller,True
C000135,Emma,Miller,MO,2,12,2306.3199999999997,906.9200000000001,2026-04-27 08:14:00,Emma Miller,True
C000136,Ethan,Taylor,FL,3,15,1806.8,819.43,2026-05-28 22:45:00,Ethan Taylor,True
C000137,Lucas,Johnson,TX,6,31,5915.36,2061.38,2026-08-12 15:20:00,Lucas Johnson,True
C000138,Mason,Taylor,NY,4,27,4325.38,1746.0,2026-07-31 10:17:00,Mason Taylor,True
C000139,Sophia,Johnson,NJ,4,16,1982.8799999999999,560.9799999999998,2026-07-17 21:27:00,Sophia Johnson,True
C000140,Emma,Miller,GA,6,35,6733.35,2781.09,2026-07-05 08:30:00,Emma Miller,True
C000141,Ethan,Lee,IL,3,13,2021.71,601.92,2025-12-10 20:35:00,Ethan Lee,True
C000142,Emma,Smith,FL,5,40,4483.19,1901.1499999999999,2026-04-19 16:33:00,Emma Smith,True
C000143,Olivia,Patel,PA,5,30,4975.69,1914.6499999999999,2026-07-18 14:55:00,Olivia Patel,True
C000144,Noah,Taylor,NJ,3,21,4347.1900000000005,1596.6100000000001,2026-01-19 13:58:00,Noah Taylor,True
C000145,Liam,Brown,GA,2,9,733.17,280.77,2026-05-15 22:12:00,Liam Brown,True
C000146,Liam,Johnson,TX,1,1,143.41,32.14,2025-07-06 21:14:00,Liam Johnson,False
C000147,Mason,Brown,VA,6,45,7569.76,3107.13,2026-09-07 13:42:00,Mason Brown,True
C000148,Ethan,Johnson,IA,3,12,1702.3499999999997,653.9299999999998,2026-06-23 12:37:00,Ethan Johnson,True
C000149,Emma,Smith,TX,4,19,2022.9399999999998,657.56,2026-06-01 17:23:00,Emma Smith,True
C000150,Isabella,Miller,NY,7,32,5335.65,1951.8899999999999,2026-05-24 10:28:00,Isabella Miller,True
C000151,Noah,Anderson,MO,1,13,1252.0800000000002,474.05000000000007,2025-03-18 08:09:00,Noah Anderson,False
C000152,Emma,Taylor,PA,2,8,1758.1499999999999,658.6500000000001,2025-10-02 16:29:00,Emma Taylor,True
C000153,Ava,Lee,NY,7,39,7346.96,2946.21,2026-03-26 22:47:00,Ava Lee,True
C000154,Noah,Wilson,NC,3,16,1279.66,387.38,2026-01-30 13:01:00,Noah Wilson,True
C000156,Lucas,Thomas,NJ,3,27,5318.92,2174.58,2026-06-19 16:18:00,Lucas Thomas,True
C000157,James,Wilson,TX,6,30,4366.55,1532.41,2025-12-18 15:52:00,James Wilson,True
C000158,Lucas,Davis,CA,4,36,6365.86,2237.15,2026-06-28 09:42:00,Lucas Davis,True
C000159,Mason,Garcia,PA,2,12,2176.07,796.4100000000001,2025-12-04 13:48:00,Mason Garcia,True
C000160,Noah,Garcia,MO,8,46,5608.57,1876.5400000000002,2026-09-04 08:58:00,Noah Garcia,True
C000161,Mason,Anderson,IL,3,9,960.8100000000001,358.03000000000003,2026-08-16 15:38:00,Mason Anderson,True
C000162,Lucas,Lee,GA,4,14,1067.06,388.97,2026-02-23 19:25:00,Lucas Lee,True
C000163,Ethan,Garcia,MO,4,31,3605.27,1272.8999999999999,2026-02-21 11:04:00,Ethan Garcia,True
C000164,James,Garcia,NY,3,9,1229.67,525.4799999999999,2026-08-19 19:19:00,James Garcia,True
C000165,Noah,Brown,MO,5,22,2657.54,1094.23,2025-12-26 15:23:00,Noah Brown,True
C000166,Liam,Thomas,CA,6,35,4987.1,2013.82,2026-07-06 17:01:00,Liam Thomas,True
C000167,Lucas,Davis,PA,6,33,5637.14,2395.54,2025-07-25 15:26:00,Lucas Davis,True
C000168,Liam,Miller,IA,5,46,7624.63,3262.43,2026-05-24 16:41:00,Liam Miller,True
C000169,Mason,Lee,NJ,5,30,4545.04,1693.05,2026-04-28 08:05:00,Mason Lee,True
C000170,Ethan,Miller,CA,4,30,5059.06,1903.0600000000002,2026-08-16 17:05:00,Ethan Miller,True
C000171,Lucas,Garcia,PA,5,35,5296.26,1803.33,2026-05-15 14:44:00,Lucas Garcia,True
C000172,Noah,Thomas,MO,4,21,3592.58,1249.06,2026-01-08 08:55:00,Noah Thomas,True
C000173,James,Wilson,VA,3,20,3640.84,1012.74,2026-07-01 16:00:00,James Wilson,True
C000174,James,Davis,MO,2,20,3377.12,1098.16,2026-04-24 22:55:00,James Davis,True
C000175,Olivia,Anderson,NY,5,35,4762.46,1943.63,2026-09-01 12:52:00,Olivia Anderson,True
C000176,Emma,Brown,MO,2,13,1226.7,521.62,2025-11-21 15:00:00,Emma Brown,True
C000177,Ava,Thomas,IA,8,50,9307.64,3551.6,2026-07-24 13:44:00,Ava Thomas,True
C000178,Ava,Wilson,GA,3,25,4801.45,2062.25,2026-03-16 09:50:00,Ava Wilson,True
C000179,Isabella,Davis,TX,2,12,2625.69,1034.46,2026-08-22 20:13:00,Isabella Davis,True
C000180,Mason,Garcia,GA,5,38,7389.79,3122.34,2026-06-26 15:28:00,Mason Garcia,True
C000181,Ethan,Johnson,IL,5,16,1665.98,581.9100000000001,2025-11-23 09:27:00,Ethan Johnson,True
C000182,Noah,Smith,IL,6,34,4648.87,1970.8300000000002,2026-05-03 15:26:00,Noah Smith,True
C000183,Mason,Taylor,VA,1,3,297.84000000000003,102.24000000000001,2025-09-30 15:06:00,Mason Taylor,False
C000184,Mason,Garcia,TX,5,16,2800.0299999999997,920.8199999999999,2026-05-03 22:47:00,Mason Garcia,True
C000185,Olivia,Miller,VA,5,31,3813.34,1427.3799999999999,2026-07-14 22:47:00,Olivia Miller,True
C000186,Sophia,Davis,CA,9,53,9059.75,3629.57,2026-06-08 16:23:00,Sophia Davis,True
C000187,Sophia,Garcia,NY,3,24,4085.5699999999997,1514.1800000000003,2026-05-20 19:55:00,Sophia Garcia,True
C000188,Noah,Brown,PA,4,28,4122.14,1562.91,2026-09-06 11:50:00,Noah Brown,True
C000189,Noah,Johnson,NJ,5,26,3959.3500000000004,1268.6200000000001,2026-08-05 08:17:00,Noah Johnson,True
C000190,Noah,Johnson,CA,8,46,5722.9400000000005,2335.83,2026-07-07 13:32:00,Noah Johnson,True
C000191,James,Anderson,IL,1,6,1203.81,475.56,2025-03-08 12:43:00,James Anderson,False
C000192,Liam,Garcia,GA,4,37,6178.92,2268.23,2026-03-04 10:47:00,Liam Garcia,True
C000193,Noah,Taylor,IL,3,20,3076.61,1186.38,2025-12-19 11:01:00,Noah Taylor,True
C000194,Mason,Taylor,NJ,7,32,3496.44,1274.68,2026-08-26 18:44:00,Mason Taylor,True
C000195,Olivia,Brown,VA,2,10,819.37,312.61,2026-09-06 16:04:00,Olivia Brown,True
C000196,Noah,Patel,TX,1,3,511.61,227.21999999999997,2025-06-11 12:31:00,Noah Patel,False
C000197,Mason,Thomas,IA,1,7,1290.26,515.44,2025-05-06 21:29:00,Mason Thomas,False
C000198,Lucas,Thomas,VA,4,26,3668.9500000000003,1439.98,2026-01-09 22:24:00,Lucas Thomas,True
C000199,Emma,Wilson,FL,3,31,6577.29,2641.85,2026-01-31 20:37:00,Emma Wilson,True
C000200,Mason,Patel,VA,4,28,3444.34,1417.45,2026-04-09 11:04:00,Mason Patel,True
C000201,Mason,Garcia,NC,3,21,2556.36,1066.31,2025-04-03 15:33:00,Mason Garcia,True
C000202,Isabella,Anderson,MO,5,30,4784.2,1885.01,2026-05-19 18:23:00,Isabella Anderson,True
C000203,Emma,Anderson,NJ,1,7,987.99,405.35,2025-10-14 15:23:00,Emma Anderson,False
C000204,Lucas,Wilson,TX,3,20,2173.23,969.6699999999998,2026-04-12 19:13:00,Lucas Wilson,True
C000205,Mason,Miller,TX,5,25,3769.71,1578.4,2026-01-04 22:53:00,Mason Miller,True
C000206,Ethan,Miller,IL,4,22,3843.5,1650.19,2026-06-07 15:23:00,Ethan Miller,True
C000207,Noah,Johnson,NJ,3,14,2501.56,959.19,2025-06-27 15:19:00,Noah Johnson,True
C000208,Lucas,Garcia,PA,2,8,1487.9700000000003,694.3300000000002,2026-04-03 18:10:00,Lucas Garcia,True
C000209,Ava,Davis,CA,3,23,2963.2,1200.33,2026-09-11 20:09:00,Ava Davis,True
C000210,Ethan,Smith,IA,2,6,975.96,409.72,2026-08-04 10:51:00,Ethan Smith,True
C000211,Ava,Taylor,CA,2,3,91.05,46.85999999999999,2026-09-11 15:13:00,Ava Taylor,True
C000212,Liam,Wilson,GA,5,28,4011.2799999999997,1454.81,2026-05-15 19:47:00,Liam Wilson,True
C000213,Isabella,Davis,IL,4,28,4234.1,1759.4299999999998,2026-01-25 08:00:00,Isabella Davis,True
C000214,Olivia,Johnson,IA,4,23,3537.7599999999998,1501.49,2025-08-31 11:51:00,Olivia Johnson,True
C000215,Lucas,Smith,PA,3,20,3468.0,1108.32,2026-08-15 09:48:00,Lucas Smith,True
C000216,Liam,Thomas,NY,7,57,9300.51,3632.8900000000003,2026-07-22 14:04:00,Liam Thomas,True
C000217,Ava,Wilson,CA,6,44,6633.5199999999995,2437.36,2026-07-14 13:43:00,Ava Wilson,True
C000218,Noah,Davis,MO,1,7,869.4,192.20999999999998,2026-09-09 09:10:00,Noah Davis,False
C000219,Lucas,Thomas,TX,3,28,4874.47,1962.39,2026-08-12 16:28:00,Lucas Thomas,True
C000220,Emma,Miller,PA,6,37,5851.47,2136.63,2026-04-13 15:08:00,Emma Miller,True
C000221,Lucas,Wilson,MO,2,8,2023.72,821.88,2026-03-09 22:50:00,Lucas Wilson,True
C000222,Mason,Wilson,MO,4,18,3211.95,962.8399999999999,2026-05-24 11:51:00,Mason Wilson,True
C000223,Emma,Miller,VA,2,19,3389.5,1310.74,2026-09-02 15:15:00,Emma Miller,True
C000224,Emma,Patel,CA,1,1,108.36,35.44,2025-07-09 19:43:00,Emma Patel,False
C000225,Mason,Anderson,IA,4,24,3255.25,1226.83,2026-06-08 18:55:00,Mason Anderson,True
C000226,Lucas,Wilson,TX,4,34,5631.91,2511.84,2025-11-11 17:31:00,Lucas Wilson,True
C000227,Olivia,Wilson,NC,4,27,4331.5,1637.8700000000001,2026-04-22 11:45:00,Olivia Wilson,True
C000228,Liam,Thomas,NC,4,18,3268.9,1120.25,2026-07-26 13:31:00,Liam Thomas,True
C000229,Liam,Miller,FL,3,27,4109.65,1559.04,2026-05-22 13:30:00,Liam Miller,True
C000230,Lucas,Thomas,PA,1,8,588.34,256.12,2025-08-19 12:42:00,Lucas Thomas,False
C000231,Isabella,Johnson,NJ,5,37,5518.29,2089.07,2026-06-19 19:12:00,Isabella Johnson,True
C000232,Olivia,Anderson,TX,5,30,5602.26,2183.99,2026-08-03 08:10:00,Olivia Anderson,True
C000233,Lucas,Smith,VA,1,6,449.52,106.11999999999996,2025-08-25 09:08:00,Lucas Smith,False
C000234,Mia,Miller,PA,5,43,5914.31,2390.2200000000003,2026-08-07 19:09:00,Mia Miller,True
C000236,Ethan,Taylor,VA,3,25,4009.07,1554.2200000000003,2026-05-09 21:28:00,Ethan Taylor,True
C000237,James,Davis,NJ,3,22,3310.08,1302.52,2026-07-01 15:03:00,James Davis,True
C000238,Liam,Taylor,VA,4,27,5509.2699999999995,2121.7599999999998,2026-07-13 19:46:00,Liam Taylor,True
C000239,Noah,Miller,PA,6,22,5473.08,2283.75,2026-06-01 13:41:00,Noah Miller,True
C000240,James,Smith,NJ,5,34,6031.25,2195.1,2026-03-19 08:05:00,James Smith,True
C000241,Emma,Patel,PA,5,34,6249.79,2389.69,2026-06-15 15:08:00,Emma Patel,True
C000242,Emma,Lee,GA,1,2,213.02,85.92000000000002,2025-10-28 19:37:00,Emma Lee,False
C000243,Liam,Wilson,TX,2,18,2233.23,470.59999999999997,2026-03-09 19:46:00,Liam Wilson,True
C000244,Mia,Johnson,NJ,3,15,3335.0699999999997,1169.67,2026-03-03 15:42:00,Mia Johnson,True
C000245,Sophia,Anderson,NY,3,20,2028.9099999999999,892.6800000000001,2026-08-30 17:08:00,Sophia Anderson,True
C000246,Mia,Brown,NY,4,15,2567.96,1085.06,2026-07-27 13:50:00,Mia Brown,True
C000247,Lucas,Garcia,IA,2,12,1720.8999999999999,527.28,2025-09-22 09:48:00,Lucas Garcia,True
C000248,Emma,Taylor,IL,5,40,5906.65,2172.88,2026-06-14 22:59:00,Emma Taylor,True
C000249,Ethan,Anderson,IL,6,31,4648.88,1940.45,2026-07-29 20:32:00,Ethan Anderson,True
C000250,James,Garcia,FL,7,57,10304.35,3682.95,2026-09-05 10:22:00,James Garcia,True
C000251,Liam,Miller,IA,5,25,2613.27,1099.77,2026-08-16 18:25:00,Liam Miller,True
C000252,Sophia,Anderson,MO,2,6,1603.65,730.9300000000001,2026-08-05 11:58:00,Sophia Anderson,True
C000253,James,Garcia,IA,4,19,2353.11,967.07,2026-08-01 18:00:00,James Garcia,True
C000254,Sophia,Garcia,NJ,4,29,5150.59,1997.2900000000002,2026-07-06 22:50:00,Sophia Garcia,True
C000255,James,Patel,NJ,3,21,3329.43,1233.21,2026-09-03 08:23:00,James Patel,True
C000256,Liam,Anderson,IA,3,15,987.1600000000001,413.76,2026-05-24 13:42:00,Liam Anderson,True
C000257,Liam,Anderson,NJ,3,7,1063.07,397.76,2026-07-02 16:32:00,Liam Anderson,True
C000258,Isabella,Taylor,PA,6,60,8411.47,3428.5499999999997,2026-02-04 10:13:00,Isabella Taylor,True
C000259,Isabella,Taylor,VA,1,4,364.99,110.40999999999998,2026-02-05 13:32:00,Isabella Taylor,False
C000260,Ava,Anderson,IL,5,36,4389.84,1498.1000000000001,2026-08-19 20:00:00,Ava Anderson,True
C000261,Noah,Garcia,TX,2,20,3062.9700000000003,1235.04,2026-06-07 16:55:00,Noah Garcia,True
C000262,Mia,Brown,FL,7,36,4537.29,1639.4099999999999,2026-06-29 12:25:00,Mia Brown,True
C000263,Ethan,Wilson,CA,2,17,2985.48,1231.0199999999998,2025-12-06 15:35:00,Ethan Wilson,True
C000264,Emma,Davis,TX,1,2,95.5,21.22,2025-03-06 20:13:00,Emma Davis,False
C000265,Noah,Davis,NC,5,21,4502.65,1882.97,2026-07-16 09:37:00,Noah Davis,True
C000266,Isabella,Thomas,MO,6,36,4965.92,1927.31,2026-07-26 08:50:00,Isabella Thomas,True
C000267,Ethan,Smith,CA,1,14,3011.64,1243.74,2026-08-17 09:41:00,Ethan Smith,False
C000268,Olivia,Smith,IA,1,7,1478.52,551.3199999999999,2025-05-11 22:32:00,Olivia Smith,False
C000269,James,Taylor,NJ,3,7,660.3399999999999,222.17,2026-07-07 09:30:00,James Taylor,True
C000270,Isabella,Lee,FL,3,27,4506.51,1655.0300000000002,2026-06-23 21:47:00,Isabella Lee,True
C000271,Lucas,Patel,MO,3,21,3291.77,1468.0,2026-05-13 17:34:00,Lucas Patel,True
C000272,Isabella,Smith,MO,5,32,4791.9,1999.4899999999998,2026-07-29 13:37:00,Isabella Smith,True
C000273,Isabella,Miller,IA,4,29,4913.43,1928.4,2026-07-13 14:17:00,Isabella Miller,True
C000274,Ava,Garcia,GA,2,11,1959.85,738.3299999999999,2026-02-19 17:32:00,Ava Garcia,True
C000275,Liam,Wilson,VA,2,13,1446.06,527.4,2026-05-22 21:03:00,Liam Wilson,True
C000276,Ethan,Taylor,IL,3,14,2897.36,1214.76,2026-04-14 21:43:00,Ethan Taylor,True
C000277,James,Johnson,PA,2,14,1621.28,697.45,2026-01-20 22:05:00,James Johnson,True
C000278,Lucas,Anderson,VA,6,39,6115.09,2261.22,2026-08-21 15:41:00,Lucas Anderson,True
C000279,James,Lee,GA,6,36,4821.21,1729.7499999999998,2026-04-30 08:18:00,James Lee,True
C000280,Liam,Lee,IL,2,12,2063.92,784.71,2026-04-03 14:52:00,Liam Lee,True
C000281,Olivia,Taylor,NC,3,29,5844.96,1981.1000000000001,2026-07-21 22:39:00,Olivia Taylor,True
C000282,Emma,Brown,FL,2,12,1650.73,768.13,2026-08-31 08:54:00,Emma Brown,True
C000283,Noah,Taylor,IL,5,40,6768.2,2014.76,2026-05-18 18:04:00,Noah Taylor,True
C000284,Mason,Patel,NJ,3,14,3115.8199999999997,1209.8,2025-11-13 12:07:00,Mason Patel,True
C000285,Liam,Johnson,NC,3,19,3174.54,1226.24,2026-05-26 09:00:00,Liam Johnson,True
C000286,Liam,Anderson,CA,2,13,2797.13,1199.42,2026-06-29 10:48:00,Liam Anderson,True
C000287,Ethan,Johnson,MO,6,34,4949.15,1750.2199999999998,2026-05-28 08:23:00,Ethan Johnson,True
C000288,Mia,Wilson,TX,3,18,3306.68,1213.2300000000002,2025-11-12 15:58:00,Mia Wilson,True
C000289,Noah,Taylor,TX,1,2,417.22,197.28000000000003,2026-01-15 11:16:00,Noah Taylor,False
C000290,Ethan,Brown,GA,3,10,2062.17,608.8100000000001,2026-04-02 14:42:00,Ethan Brown,True
C000291,Emma,Patel,TX,2,3,601.79,285.70000000000005,2025-11-28 11:15:00,Emma Patel,True
C000292,Olivia,Smith,FL,5,23,3429.74,1385.7199999999998,2025-12-27 18:00:00,Olivia Smith,True
C000293,Ethan,Wilson,IL,8,37,5702.78,2007.27,2026-08-11 15:21:00,Ethan Wilson,True
C000294,Liam,Anderson,CA,10,55,8493.99,3588.83,2026-08-21 10:14:00,Liam Anderson,True
C000295,Olivia,Garcia,NJ,4,26,3901.0600000000004,1574.48,2026-05-05 21:26:00,Olivia Garcia,True
C000296,Ava,Davis,GA,3,23,4106.77,1367.61,2026-06-29 15:56:00,Ava Davis,True
C000297,Noah,Davis,NJ,7,41,6707.01,2646.09,2026-08-06 16:23:00,Noah Davis,True
C000298,Ethan,Anderson,VA,1,8,917.03,382.28999999999996,2025-05-23 18:15:00,Ethan Anderson,False
C000299,Emma,Anderson,TX,3,13,1567.02,581.44,2026-06-07 13:34:00,Emma Anderson,True
C000302,Isabella,Wilson,NJ,2,13,2244.0,1099.8899999999999,2026-07-27 17:03:00,Isabella Wilson,True
C000303,Liam,Miller,IL,3,13,2261.93,873.25,2025-04-09 13:46:00,Liam Miller,True
C000304,Sophia,Miller,IL,3,31,4895.62,1799.94,2026-07-27 12:59:00,Sophia Miller,True
C000305,Ethan,Taylor,FL,8,50,8159.45,3140.42,2026-08-28 09:45:00,Ethan Taylor,True
C000306,Isabella,Davis,TX,3,11,1192.12,577.06,2025-12-29 21:36:00,Isabella Davis,True
C000307,Noah,Miller,VA,6,31,4997.74,1894.6000000000001,2026-04-23 17:42:00,Noah Miller,True
C000308,Ethan,Johnson,PA,5,22,3568.0699999999997,1426.24,2026-05-04 15:48:00,Ethan Johnson,True
C000309,Olivia,Lee,CA,2,20,2930.0199999999995,1141.6599999999996,2025-07-16 10:37:00,Olivia Lee,True
C000310,Isabella,Miller,NC,5,31,5879.75,2155.76,2026-07-24 16:21:00,Isabella Miller,True
C000311,Emma,Lee,NY,2,14,1835.5,767.9,2025-04-15 11:39:00,Emma Lee,True
C000312,Liam,Johnson,CA,3,20,4002.46,1669.96,2026-05-12 22:28:00,Liam Johnson,True
C000313,Ethan,Wilson,VA,2,15,1662.34,600.3899999999999,2026-04-18 21:23:00,Ethan Wilson,True
C000314,Mason,Brown,IA,2,10,945.3900000000001,330.62,2026-02-05 18:07:00,Mason Brown,True
C000315,Mason,Anderson,CA,5,34,4791.53,1721.18,2026-06-22 12:23:00,Mason Anderson,True
C000316,James,Garcia,NJ,6,40,4530.21,1608.72,2026-05-14 12:54:00,James Garcia,True
C000318,Mia,Johnson,GA,4,33,4053.94,1741.52,2026-08-02 10:41:00,Mia Johnson,True
C000319,James,Taylor,TX,4,22,4372.5599999999995,1682.9499999999998,2026-07-20 10:10:00,James Taylor,True
C000320,Olivia,Brown,PA,2,19,3834.85,1812.5700000000002,2026-01-01 18:14:00,Olivia Brown,True
C000321,Ethan,Johnson,IL,5,29,5019.95,1630.21,2026-08-06 12:32:00,Ethan Johnson,True
C000322,Ethan,Anderson,PA,4,19,4368.07,1688.4099999999999,2026-04-29 16:55:00,Ethan Anderson,True
C000323,Mia,Anderson,TX,2,19,1856.1100000000001,593.55,2025-12-03 09:07:00,Mia Anderson,True
C000324,Emma,Davis,VA,7,36,4457.63,1694.64,2026-04-24 21:06:00,Emma Davis,True
C000325,Lucas,Miller,NY,4,32,4818.1,1741.6100000000001,2025-11-13 22:04:00,Lucas Miller,True
C000326,Noah,Lee,CA,1,1,249.55,108.02000000000001,2025-12-13 10:50:00,Noah Lee,False
C000327,Isabella,Taylor,IA,1,11,1747.1599999999999,593.97,2026-02-17 12:28:00,Isabella Taylor,False
C000328,Emma,Patel,NJ,2,18,2550.3500000000004,875.9600000000002,2026-07-13 08:46:00,Emma Patel,True
C000329,Ava,Patel,NY,1,2,192.46,82.38000000000001,2026-07-20 18:00:00,Ava Patel,False
C000330,Mia,Garcia,MO,4,33,3738.64,1398.3799999999999,2026-02-09 09:37:00,Mia Garcia,True
C000331,Ava,Davis,VA,2,16,1389.1,466.97999999999996,2026-07-31 19:43:00,Ava Davis,True
C000332,Sophia,Wilson,TX,5,32,3787.34,1139.6000000000001,2026-07-24 12:34:00,Sophia Wilson,True
C000333,Isabella,Lee,CA,3,15,2260.78,855.2300000000001,2026-07-29 13:04:00,Isabella Lee,True
C000334,Ava,Miller,PA,1,5,957.61,296.38,2025-05-11 16:48:00,Ava Miller,False
C000335,Ethan,Anderson,VA,3,13,1965.92,535.09,2026-04-28 15:15:00,Ethan Anderson,True
C000336,James,Taylor,FL,2,8,1362.83,584.84,2025-07-02 10:04:00,James Taylor,True
C000337,Sophia,Patel,VA,6,34,3870.73,1408.6,2026-05-29 08:55:00,Sophia Patel,True
C000338,Lucas,Thomas,NY,2,15,1789.8,805.03,2026-08-23 17:58:00,Lucas Thomas,True
C000339,Noah,Brown,FL,3,13,1955.39,797.1100000000001,2026-04-17 14:18:00,Noah Brown,True
C000340,Olivia,Smith,FL,2,7,1101.8,357.87,2026-06-03 20:00:00,Olivia Smith,True
C000341,James,Lee,IA,3,17,1930.22,655.07,2025-12-24 19:42:00,James Lee,True
C000342,Noah,Wilson,TX,2,23,3483.38,1123.6100000000001,2026-07-01 14:02:00,Noah Wilson,True
C000343,Liam,Lee,CA,5,29,3308.04,1296.2,2026-07-26 15:38:00,Liam Lee,True
C000344,Mia,Brown,NJ,2,15,1283.75,502.6600000000001,2025-10-20 12:24:00,Mia Brown,True
C000345,Liam,Johnson,IA,1,5,1080.54,498.62,2025-02-20 09:07:00,Liam Johnson,False
C000346,Noah,Johnson,NJ,1,6,916.69,292.80999999999995,2025-10-13 12:45:00,Noah Johnson,False
C000347,Mason,Davis,NY,1,5,476.51,115.72000000000003,2025-02-16 20:59:00,Mason Davis,False
C000348,Ethan,Johnson,NJ,4,17,1628.1899999999998,685.51,2026-07-09 21:23:00,Ethan Johnson,True
C000349,Lucas,Taylor,IL,6,31,5543.12,2127.78,2026-08-22 17:40:00,Lucas Taylor,True
C000350,Mason,Patel,IA,4,20,3842.01,1434.18,2026-05-05 09:17:00,Mason Patel,True
C000351,Emma,Davis,VA,3,21,3373.52,1256.21,2026-08-23 09:45:00,Emma Davis,True
C000352,Ethan,Garcia,GA,5,25,2883.3900000000003,1180.48,2026-08-14 21:11:00,Ethan Garcia,True
C000353,Mason,Anderson,VA,1,7,979.8800000000001,270.40000000000003,2026-08-09 08:48:00,Mason Anderson,False
C000354,Olivia,Thomas,NY,6,55,9643.88,3456.79,2026-08-19 09:40:00,Olivia Thomas,True
C000355,Isabella,Brown,NY,6,32,4952.14,1631.4599999999998,2026-08-19 22:53:00,Isabella Brown,True
C000356,Olivia,Johnson,IL,6,40,5681.95,2316.64,2026-09-02 14:11:00,Olivia Johnson,True
C000357,Ethan,Thomas,VA,3,15,1881.63,655.32,2026-02-28 11:41:00,Ethan Thomas,True
C000358,Mia,Patel,NJ,7,48,7439.84,2926.96,2026-09-10 10:16:00,Mia Patel,True
C000359,Lucas,Wilson,IL,5,25,3677.3199999999997,1400.03,2026-07-31 10:57:00,Lucas Wilson,True
C000360,Emma,Miller,NC,4,28,3927.59,1550.2800000000002,2026-09-13 13:35:00,Emma Miller,True
C000361,Isabella,Anderson,NC,5,49,7237.0,2718.0299999999997,2026-06-02 16:14:00,Isabella Anderson,True
C000362,Isabella,Lee,NJ,2,13,2491.4700000000003,1110.88,2026-01-23 09:53:00,Isabella Lee,True
C000363,Olivia,Taylor,VA,6,38,4246.5599999999995,1607.18,2026-09-01 11:32:00,Olivia Taylor,True
C000364,James,Taylor,IA,1,11,1351.0200000000002,597.7200000000003,2025-09-24 20:44:00,James Taylor,False
C000365,Mason,Taylor,VA,5,27,4917.31,1871.38,2026-05-30 16:16:00,Mason Taylor,True
C000366,Isabella,Thomas,IA,2,9,941.27,344.09,2026-06-23 09:41:00,Isabella Thomas,True
C000367,James,Smith,NY,3,19,3251.86,1361.13,2026-09-08 08:02:00,James Smith,True
C000368,Isabella,Lee,FL,5,34,6386.16,2373.56,2026-08-26 10:03:00,Isabella Lee,True
C000369,James,Taylor,PA,1,11,1891.54,555.1199999999999,2025-12-11 12:45:00,James Taylor,False
C000370,Sophia,Wilson,NJ,3,17,2719.59,1080.06,2026-05-11 15:11:00,Sophia Wilson,True
C000372,Liam,Brown,IL,3,12,1856.12,554.74,2026-01-23 12:15:00,Liam Brown,True
C000373,Emma,Smith,VA,5,30,3293.24,1306.1899999999998,2026-07-03 14:36:00,Emma Smith,True
C000374,Mason,Johnson,NC,1,6,737.29,239.26,2026-04-01 17:40:00,Mason Johnson,False
C000375,Mia,Thomas,TX,2,13,1869.8400000000001,652.2900000000001,2025-03-18 19:09:00,Mia Thomas,True
C000376,Ava,Miller,IL,1,8,751.19,285.47,2025-03-03 18:05:00,Ava Miller,False
C000377,Liam,Davis,PA,3,14,3319.78,1483.92,2026-07-18 18:09:00,Liam Davis,True
C000378,Lucas,Brown,PA,2,10,832.39,309.49,2026-07-20 11:12:00,Lucas Brown,True
C000379,Liam,Lee,IL,2,18,2218.39,730.9,2026-01-19 10:21:00,Liam Lee,True
C000380,Sophia,Wilson,IA,7,44,8285.51,3625.36,2026-05-29 19:03:00,Sophia Wilson,True
C000381,Mason,Johnson,MO,4,23,4231.51,1475.6100000000001,2025-07-31 09:37:00,Mason Johnson,True
C000382,Lucas,Lee,NJ,4,25,3798.07,1591.2200000000003,2026-06-19 12:47:00,Lucas Lee,True
C000383,Noah,Garcia,CA,1,14,3536.2799999999997,1452.79,2025-06-10 21:24:00,Noah Garcia,False
C000384,Emma,Davis,TX,4,38,6123.61,2446.23,2025-08-03 17:34:00,Emma Davis,True
C000385,Noah,Brown,FL,3,25,4536.93,1894.6799999999998,2026-08-31 18:44:00,Noah Brown,True
C000386,Sophia,Patel,GA,5,22,3960.82,1518.34,2026-07-08 11:44:00,Sophia Patel,True
C000388,Ava,Lee,MO,3,26,4192.54,1508.5500000000002,2026-06-23 12:20:00,Ava Lee,True
C000389,Isabella,Lee,PA,3,20,2758.23,977.9399999999998,2026-08-08 08:15:00,Isabella Lee,True
C000390,Emma,Davis,GA,2,13,2622.91,976.23,2025-11-05 12:01:00,Emma Davis,True
C000391,Lucas,Davis,PA,4,28,4172.51,1497.28,2026-08-26 20:26:00,Lucas Davis,True
C000392,Emma,Brown,GA,4,17,1927.23,755.9300000000001,2026-08-09 22:12:00,Emma Brown,True
C000393,Mason,Wilson,PA,2,15,1814.69,648.04,2025-12-12 17:13:00,Mason Wilson,True
C000394,Liam,Garcia,IA,1,7,1004.21,420.58000000000004,2025-06-12 15:42:00,Liam Garcia,False
C000395,Sophia,Taylor,MO,2,18,2299.21,897.26,2025-12-08 15:46:00,Sophia Taylor,True
C000396,Lucas,Anderson,VA,4,27,3969.29,1490.04,2026-05-03 21:53:00,Lucas Anderson,True
C000397,Mason,Brown,CA,4,22,3516.2700000000004,1352.0900000000001,2026-07-14 19:16:00,Mason Brown,True
C000398,Ava,Anderson,FL,6,35,6900.05,2649.7,2026-08-20 09:04:00,Ava Anderson,True
C000399,Sophia,Johnson,NY,4,18,1436.72,479.48,2026-08-07 19:07:00,Sophia Johnson,True
C000401,Ava,Taylor,IL,3,18,1909.6100000000001,798.28,2026-06-24 18:27:00,Ava Taylor,True
C000402,James,Patel,IA,6,43,7693.38,2554.69,2026-06-14 13:30:00,James Patel,True
C000403,Ethan,Brown,VA,4,17,2828.7799999999997,994.03,2026-06-13 14:02:00,Ethan Brown,True
C000404,James,Lee,NY,5,37,6696.87,2572.17,2026-06-26 08:18:00,James Lee,True
C000405,Olivia,Lee,NC,6,28,3838.8199999999997,1434.7,2026-08-26 10:37:00,Olivia Lee,True
C000407,Mia,Smith,TX,4,25,4616.46,1980.88,2026-08-31 14:24:00,Mia Smith,True
C000409,Emma,Wilson,NC,5,22,2613.23,998.69,2026-04-29 12:17:00,Emma Wilson,True
C000410,Lucas,Garcia,CA,7,51,8319.86,3527.09,2026-09-04 08:37:00,Lucas Garcia,True
C000411,Liam,Garcia,NJ,4,20,3950.67,1543.6799999999998,2026-05-15 16:17:00,Liam Garcia,True
C000412,Isabella,Lee,GA,4,11,1254.49,324.93,2026-05-06 09:23:00,Isabella Lee,True
C000413,Sophia,Miller,NC,3,20,3028.0099999999998,1023.56,2026-02-12 20:47:00,Sophia Miller,True
C000414,Mia,Davis,NC,5,40,5256.14,1786.7,2026-07-29 11:09:00,Mia Davis,True
C000415,Emma,Smith,CA,4,23,4159.19,1407.3000000000002,2026-06-28 12:51:00,Emma Smith,True
C000416,Mason,Johnson,FL,4,19,3464.56,1315.52,2026-06-19 21:39:00,Mason Johnson,True
C000417,Noah,Lee,VA,5,34,4747.4,1703.75,2026-02-22 19:45:00,Noah Lee,True
C000418,Mason,Thomas,IL,5,31,5389.11,2035.84,2026-09-10 16:39:00,Mason Thomas,True
C000419,Lucas,Lee,PA,5,40,4878.07,1901.3,2026-06-14 20:36:00,Lucas Lee,True
C000420,Ethan,Anderson,PA,3,32,5500.360000000001,2433.8,2025-09-14 20:49:00,Ethan Anderson,True
C000421,Ava,Smith,NJ,4,24,3732.4,1250.48,2026-08-11 14:55:00,Ava Smith,True
C000422,James,Taylor,CA,5,44,6321.87,2446.71,2026-08-23 09:02:00,James Taylor,True
C000423,Mason,Taylor,TX,3,11,1386.5,441.22,2026-04-05 12:58:00,Mason Taylor,True
C000424,Noah,Brown,TX,3,22,2319.83,945.0100000000001,2026-07-06 10:34:00,Noah Brown,True
C000425,Mason,Patel,FL,2,6,740.29,298.84,2026-08-12 18:51:00,Mason Patel,True
C000426,Ethan,Lee,IL,3,20,3550.79,1436.5700000000002,2026-05-08 22:38:00,Ethan Lee,True
C000427,Mason,Johnson,VA,3,25,2173.35,712.33,2026-02-05 10:25:00,Mason Johnson,True
C000428,Isabella,Garcia,NC,2,11,1108.2,312.76000000000005,2026-02-01 15:59:00,Isabella Garcia,True
C000429,James,Johnson,GA,1,8,1826.96,619.1199999999999,2025-04-20 13:06:00,James Johnson,False
C000430,Olivia,Smith,FL,6,46,7357.030000000001,2416.6800000000003,2026-09-02 17:15:00,Olivia Smith,True
C000431,James,Davis,IA,6,38,6884.05,2897.1000000000004,2026-06-03 11:39:00,James Davis,True
C000432,James,Davis,IA,4,27,3431.8700000000003,1201.3300000000002,2026-07-13 15:52:00,James Davis,True
C000433,Noah,Davis,TX,4,30,3750.19,1265.4800000000002,2026-01-01 08:03:00,Noah Davis,True
C000434,Noah,Taylor,IL,3,12,1286.32,385.4,2025-11-30 08:11:00,Noah Taylor,True
C000435,James,Smith,NC,7,42,6214.72,2347.2,2026-07-31 15:25:00,James Smith,True
C000436,James,Thomas,TX,8,57,8299.619999999999,2816.35,2026-08-30 15:30:00,James Thomas,True
C000437,Olivia,Brown,NC,4,18,3307.75,1357.25,2026-03-09 16:12:00,Olivia Brown,True
C000438,Liam,Davis,TX,5,36,6432.75,2470.7,2025-12-29 17:08:00,Liam Davis,True
C000439,Mason,Lee,CA,5,25,3890.5499999999997,1527.4999999999998,2026-08-29 22:47:00,Mason Lee,True
C000440,Mia,Anderson,CA,4,36,3770.62,1293.93,2026-05-23 12:01:00,Mia Anderson,True
C000441,Sophia,Thomas,IA,4,14,1911.5900000000001,757.8500000000001,2026-04-20 16:24:00,Sophia Thomas,True
C000442,Sophia,Anderson,FL,4,19,3201.62,1178.8700000000001,2026-08-28 09:13:00,Sophia Anderson,True
C000443,Isabella,Smith,NC,4,21,2467.29,784.98,2026-06-27 18:48:00,Isabella Smith,True
C000444,Olivia,Lee,NJ,7,40,6005.36,2000.4699999999998,2026-06-04 18:53:00,Olivia Lee,True
C000445,Isabella,Anderson,CA,2,14,2011.81,700.4,2025-04-29 15:50:00,Isabella Anderson,True
C000446,Sophia,Wilson,TX,4,17,2682.62,1083.56,2026-04-17 09:36:00,Sophia Wilson,True
C000447,Olivia,Johnson,VA,1,7,775.53,238.43000000000006,2025-09-27 21:11:00,Olivia Johnson,False
C000448,Ethan,Thomas,TX,1,15,1672.6200000000001,696.7100000000002,2025-11-21 12:26:00,Ethan Thomas,False
C000449,Emma,Smith,CA,3,16,3026.28,1028.73,2025-12-31 18:30:00,Emma Smith,True
C000450,Olivia,Garcia,NJ,7,49,6403.74,2332.08,2026-09-04 20:22:00,Olivia Garcia,True
C000451,Mason,Wilson,IA,6,54,5913.71,2018.46,2026-08-29 15:06:00,Mason Wilson,True
C000453,Mason,Thomas,NJ,6,22,3739.12,1350.6299999999999,2026-04-23 14:58:00,Mason Thomas,True
C000454,Ava,Patel,NY,3,20,3159.01,999.19,2026-06-05 13:11:00,Ava Patel,True
C000455,Mason,Garcia,NJ,5,25,4605.58,1855.9300000000003,2026-05-31 15:39:00,Mason Garcia,True
C000456,Sophia,Anderson,NY,7,39,5771.139999999999,2120.8199999999997,2026-06-14 11:28:00,Sophia Anderson,True
C000457,Olivia,Garcia,NJ,2,8,1251.8,495.37,2026-05-14 14:53:00,Olivia Garcia,True
C000458,Isabella,Miller,MO,5,33,4896.9,2076.63,2026-07-22 18:16:00,Isabella Miller,True
C000459,James,Patel,VA,1,1,19.52,9.77,2025-12-07 21:07:00,James Patel,False
C000460,Lucas,Davis,FL,9,43,6844.13,2705.14,2026-09-13 19:41:00,Lucas Davis,True
C000461,Mia,Lee,NY,2,9,1165.33,261.19,2025-12-05 18:20:00,Mia Lee,True
C000462,Sophia,Johnson,NC,7,52,7009.89,2988.6,2026-08-05 16:07:00,Sophia Johnson,True
C000463,Noah,Lee,CA,1,6,805.54,319.16,2026-06-13 22:22:00,Noah Lee,False
C000464,Emma,Davis,VA,4,22,3103.1299999999997,1320.1599999999999,2026-09-01 16:43:00,Emma Davis,True
C000465,Ava,Garcia,VA,2,17,2178.35,694.8300000000002,2026-01-04 17:29:00,Ava Garcia,True
C000466,Sophia,Brown,NY,3,23,3307.2400000000002,948.5900000000001,2026-02-16 13:56:00,Sophia Brown,True
C000467,Mason,Thomas,NC,6,49,7349.88,2606.08,2026-08-11 19:45:00,Mason Thomas,True
C000468,Lucas,Wilson,TX,4,22,3510.85,1408.28,2026-06-02 09:14:00,Lucas Wilson,True
C000469,Lucas,Patel,IA,1,7,950.42,201.10999999999999,2026-08-28 09:35:00,Lucas Patel,False
C000470,Lucas,Brown,CA,4,31,4633.02,1799.7900000000002,2026-09-08 12:04:00,Lucas Brown,True
C000471,Ava,Patel,NC,2,11,2368.18,923.9099999999999,2025-04-02 12:08:00,Ava Patel,True
C000472,Isabella,Taylor,NY,3,17,2577.35,1076.19,2026-09-09 13:36:00,Isabella Taylor,True
C000473,Ava,Smith,CA,2,14,1696.43,679.95,2026-03-22 17:34:00,Ava Smith,True
C000474,James,Lee,IA,4,21,2615.82,1085.0100000000002,2026-01-09 11:24:00,James Lee,True
C000475,Sophia,Patel,GA,2,8,2017.72,924.02,2025-05-23 08:27:00,Sophia Patel,True
C000476,Emma,Smith,CA,3,19,3099.31,1094.82,2025-12-03 16:13:00,Emma Smith,True
C000477,Olivia,Garcia,IL,2,14,2635.12,972.0600000000001,2026-05-12 09:34:00,Olivia Garcia,True
C000478,Sophia,Lee,VA,4,30,5220.63,1861.26,2026-07-16 21:45:00,Sophia Lee,True
C000479,Mia,Brown,NC,1,5,579.39,238.76,2025-10-28 18:43:00,Mia Brown,False
C000480,Ava,Patel,GA,3,14,2410.39,868.3899999999999,2026-06-20 11:26:00,Ava Patel,True
C000481,Lucas,Wilson,NC,1,3,489.9,220.03,2026-03-20 16:20:00,Lucas Wilson,False
C000482,Olivia,Johnson,NY,4,38,7114.14,2909.3,2026-08-12 17:45:00,Olivia Johnson,True
C000483,Mia,Miller,NC,3,28,3617.06,1403.0,2026-07-08 10:26:00,Mia Miller,True
C000484,Olivia,Wilson,NC,3,22,3149.68,1130.1,2026-09-12 09:16:00,Olivia Wilson,True
C000485,Emma,Davis,NY,3,20,2782.38,1094.8700000000001,2025-06-03 18:09:00,Emma Davis,True
C000486,Isabella,Smith,NC,5,49,7635.889999999999,3157.47,2026-06-13 16:52:00,Isabella Smith,True
C000487,James,Thomas,IA,1,3,751.77,285.51,2025-08-24 13:03:00,James Thomas,False
C000488,Emma,Taylor,IL,4,30,4472.71,1848.6,2026-04-02 18:42:00,Emma Taylor,True
C000489,Mason,Davis,GA,1,14,2518.42,957.77,2026-01-06 16:14:00,Mason Davis,False
C000490,James,Anderson,NJ,2,8,1421.35,596.5,2026-06-24 16:27:00,James Anderson,True
C000491,Liam,Patel,NJ,3,16,2432.87,912.3800000000001,2025-08-01 09:53:00,Liam Patel,True
C000492,Lucas,Lee,GA,3,11,2968.5,1414.69,2025-12-04 18:02:00,Lucas Lee,True
C000493,James,Brown,FL,2,9,1424.8100000000002,629.3900000000001,2026-07-10 10:32:00,James Brown,True
C000494,Lucas,Thomas,NY,3,17,3296.69,1218.31,2026-08-26 10:20:00,Lucas Thomas,True
C000495,Olivia,Brown,TX,5,33,5454.42,2173.68,2026-02-13 11:21:00,Olivia Brown,True
C000496,Olivia,Miller,IL,4,27,2876.26,1050.34,2026-05-12 13:32:00,Olivia Miller,True
C000497,Olivia,Lee,IL,2,16,3185.91,1045.1399999999999,2026-04-24 11:52:00,Olivia Lee,True
C000498,Isabella,Taylor,PA,5,36,4817.68,2090.19,2026-07-29 21:21:00,Isabella Taylor,True
C000499,Liam,Brown,IL,5,22,2619.38,1105.17,2026-06-08 14:16:00,Liam Brown,True
C000500,Liam,Garcia,IA,2,17,2631.8,993.97,2025-07-28 16:46:00,Liam Garcia,True
C000501,James,Thomas,MO,4,31,4119.12,1781.67,2026-08-28 14:20:00,James Thomas,True
C000502,Ethan,Wilson,IL,5,34,4626.48,1980.62,2026-07-02 14:24:00,Ethan Wilson,True
C000504,Mia,Garcia,NC,5,28,4444.39,1769.04,2026-06-14 16:21:00,Mia Garcia,True
C000505,Noah,Lee,PA,5,29,4009.4500000000003,1457.73,2026-08-21 17:54:00,Noah Lee,True
C000506,James,Davis,IA,3,19,2119.85,590.32,2025-10-31 20:24:00,James Davis,True
C000508,Mason,Thomas,VA,6,47,7111.51,2708.19,2026-09-08 22:23:00,Mason Thomas,True
C000509,Isabella,Wilson,GA,6,46,6729.29,2532.64,2026-07-20 22:33:00,Isabella Wilson,True
C000510,Ava,Smith,MO,1,12,1284.6399999999999,402.47999999999996,2026-07-04 15:49:00,Ava Smith,False
C000511,Lucas,Smith,PA,7,39,4513.57,1712.5399999999997,2026-09-13 15:01:00,Lucas Smith,True
C000512,Mia,Miller,CA,3,27,3737.97,1423.78,2026-03-26 14:12:00,Mia Miller,True
C000513,Liam,Garcia,NJ,1,2,259.45,107.85999999999999,2025-10-16 19:14:00,Liam Garcia,False
C000514,Ava,Smith,NJ,2,13,3043.77,1359.48,2026-06-09 19:04:00,Ava Smith,True
C000515,James,Patel,PA,4,23,3929.33,1455.4099999999999,2026-05-30 15:51:00,James Patel,True
C000516,Ava,Miller,TX,4,17,3186.66,1255.3400000000001,2026-07-02 20:10:00,Ava Miller,True
C000517,Emma,Patel,PA,3,20,3022.77,888.5599999999998,2026-02-12 08:43:00,Emma Patel,True
C000518,Mason,Smith,NY,4,22,3891.52,1469.9100000000003,2026-02-17 20:52:00,Mason Smith,True
C000519,Isabella,Wilson,IL,3,24,2513.6,861.4900000000001,2026-06-07 10:38:00,Isabella Wilson,True
C000521,Ethan,Johnson,VA,3,17,2250.65,851.3199999999999,2026-08-01 08:50:00,Ethan Johnson,True
C000522,James,Johnson,IA,7,42,6447.47,2524.1,2025-09-17 11:04:00,James Johnson,True
C000523,Emma,Anderson,NC,1,10,721.4,290.89,2025-07-07 18:39:00,Emma Anderson,False
C000524,Isabella,Miller,NY,3,10,1130.51,467.91999999999996,2026-02-25 12:58:00,Isabella Miller,True
C000525,Noah,Miller,NC,4,16,1599.99,510.39,2026-06-07 20:53:00,Noah Miller,True
C000526,Lucas,Lee,TX,4,17,2480.84,1090.33,2026-03-18 20:18:00,Lucas Lee,True
C000527,Sophia,Brown,IA,3,16,2722.87,941.1599999999999,2026-02-09 15:19:00,Sophia Brown,True
C000528,Ethan,Garcia,IA,4,31,6208.49,2720.87,2026-03-23 09:59:00,Ethan Garcia,True
C000529,Ethan,Thomas,NJ,5,29,4726.2,1497.9899999999998,2026-05-11 14:46:00,Ethan Thomas,True
C000530,Noah,Davis,NJ,5,21,3313.29,1140.0299999999997,2026-07-12 22:18:00,Noah Davis,True
C000531,Isabella,Wilson,FL,3,23,3328.84,1134.21,2026-06-29 17:42:00,Isabella Wilson,True
C000532,Isabella,Garcia,VA,2,4,778.04,320.42999999999995,2026-03-23 16:55:00,Isabella Garcia,True
C000533,Liam,Johnson,MO,5,21,2882.7999999999997,960.61,2026-04-24 08:20:00,Liam Johnson,True
C000534,James,Anderson,IL,3,24,3378.71,1221.47,2026-02-26 11:34:00,James Anderson,True
C000535,Olivia,Davis,PA,3,29,4496.92,1993.82,2026-09-09 08:59:00,Olivia Davis,True
C000536,Isabella,Anderson,MO,4,32,4186.74,1551.4399999999998,2026-05-19 20:36:00,Isabella Anderson,True
C000537,Olivia,Thomas,IL,2,15,2400.27,760.0800000000002,2026-06-13 10:58:00,Olivia Thomas,True
C000538,Noah,Patel,NY,4,21,2782.21,953.23,2026-06-11 08:56:00,Noah Patel,True
C000539,Mia,Johnson,CA,3,20,2523.15,901.85,2026-04-05 11:14:00,Mia Johnson,True
C000540,Lucas,Smith,CA,5,25,3259.13,1074.66,2026-01-16 08:44:00,Lucas Smith,True
C000541,Lucas,Smith,NY,5,27,4489.38,1496.29,2026-08-27 11:05:00,Lucas Smith,True
C000542,Lucas,Johnson,GA,4,29,4823.15,1902.7,2025-08-07 13:44:00,Lucas Johnson,True
C000543,Ava,Wilson,NY,4,27,3527.26,1471.02,2026-05-03 17:31:00,Ava Wilson,True
C000544,James,Patel,IA,4,15,1766.07,607.69,2026-08-06 12:58:00,James Patel,True
C000545,James,Brown,GA,3,18,2624.86,1008.5,2026-06-09 14:17:00,James Brown,True
C000546,Ethan,Thomas,FL,5,57,8631.76,3294.17,2026-05-08 13:47:00,Ethan Thomas,True
C000547,Noah,Davis,GA,3,32,4228.38,1437.3,2025-10-09 12:17:00,Noah Davis,True
C000548,Mia,Johnson,FL,5,34,4560.74,1750.73,2026-08-09 12:49:00,Mia Johnson,True
C000549,Lucas,Miller,FL,7,43,5424.62,2044.04,2025-12-28 15:57:00,Lucas Miller,True
C000550,Isabella,Wilson,NJ,6,18,2624.8900000000003,1166.51,2026-07-25 17:35:00,Isabella Wilson,True
C000551,Noah,Johnson,NC,1,4,788.16,394.43999999999994,2026-08-09 09:52:00,Noah Johnson,False
C000552,James,Brown,TX,4,21,1863.22,786.31,2025-09-05 21:28:00,James Brown,True
C000553,Emma,Davis,GA,2,16,2428.49,750.28,2026-03-14 08:47:00,Emma Davis,True
C000554,Liam,Brown,FL,3,11,1806.21,802.27,2026-01-12 18:28:00,Liam Brown,True
C000555,Emma,Brown,TX,4,23,3413.1499999999996,1246.8999999999999,2026-07-29 18:04:00,Emma Brown,True
C000556,Sophia,Anderson,NJ,2,14,1893.65,648.8300000000002,2026-06-05 13:25:00,Sophia Anderson,True
C000557,Noah,Smith,MO,4,21,3187.91,1431.78,2026-02-17 08:37:00,Noah Smith,True
C000558,Isabella,Thomas,NY,4,37,5023.18,2154.38,2026-08-12 12:02:00,Isabella Thomas,True
C000559,Ava,Miller,PA,6,35,5658.94,2527.7999999999997,2026-08-03 11:50:00,Ava Miller,True
C000560,Liam,Patel,CA,5,38,4631.99,1686.04,2026-03-18 13:57:00,Liam Patel,True
C000561,Liam,Thomas,IA,6,39,6337.17,2369.6099999999997,2026-09-08 20:46:00,Liam Thomas,True
C000562,Isabella,Lee,NY,6,36,5992.03,1876.5900000000001,2026-06-13 17:10:00,Isabella Lee,True
C000563,Isabella,Wilson,TX,1,7,863.1,395.31,2026-03-15 11:37:00,Isabella Wilson,False
C000564,Emma,Patel,IA,8,45,5180.95,2026.83,2026-06-18 20:53:00,Emma Patel,True
C000565,Sophia,Wilson,NJ,3,12,2222.8599999999997,782.7700000000001,2026-07-24 17:09:00,Sophia Wilson,True
C000566,Isabella,Taylor,NC,1,13,2267.68,762.4299999999998,2025-09-30 11:18:00,Isabella Taylor,False
C000567,Ethan,Thomas,CA,2,9,1366.8,588.03,2026-07-08 19:02:00,Ethan Thomas,True
C000569,Lucas,Brown,CA,5,33,3960.6800000000003,1422.71,2026-07-01 13:26:00,Lucas Brown,True
C000570,Mia,Davis,PA,1,9,1373.51,594.5999999999999,2026-06-09 22:41:00,Mia Davis,False
C000571,Sophia,Wilson,FL,2,8,637.7199999999999,187.51999999999995,2026-08-28 15:38:00,Sophia Wilson,True
C000572,Emma,Brown,MO,4,32,5763.07,2131.15,2026-02-21 13:04:00,Emma Brown,True
C000573,Lucas,Lee,VA,1,3,352.79999999999995,145.13999999999996,2025-01-03 10:52:00,Lucas Lee,False
C000574,Liam,Patel,PA,7,33,4949.33,1743.04,2026-09-10 21:19:00,Liam Patel,True
C000575,Mason,Anderson,NJ,4,20,2118.16,870.9600000000002,2026-06-22 12:48:00,Mason Anderson,True
C000576,Liam,Anderson,VA,4,19,3377.15,1435.49,2026-07-12 21:02:00,Liam Anderson,True
C000577,Ethan,Garcia,MO,6,38,6957.99,2355.85,2026-04-16 11:35:00,Ethan Garcia,True
C000578,James,Smith,MO,2,15,3189.26,1437.1100000000001,2026-07-16 11:00:00,James Smith,True
C000579,Mason,Thomas,PA,9,49,9390.13,3921.19,2026-08-07 13:11:00,Mason Thomas,True
C000580,Olivia,Lee,MO,7,37,4239.45,1283.0200000000002,2026-07-20 09:54:00,Olivia Lee,True
C000581,Olivia,Taylor,IL,6,38,4571.18,1613.6399999999999,2026-02-04 12:19:00,Olivia Taylor,True
C000582,Ethan,Wilson,IA,4,17,3014.27,1107.0700000000002,2026-07-31 17:37:00,Ethan Wilson,True
C000583,James,Davis,VA,2,8,885.3199999999999,366.40000000000003,2025-10-05 16:15:00,James Davis,True
C000584,Ethan,Miller,NC,2,17,3281.61,1471.1200000000001,2025-10-28 08:10:00,Ethan Miller,True
C000585,James,Johnson,MO,5,37,5086.9800000000005,2044.5500000000002,2026-06-13 15:22:00,James Johnson,True
C000586,Mason,Anderson,CA,2,7,1093.48,286.15000000000003,2026-04-28 13:37:00,Mason Anderson,True
C000587,Liam,Lee,TX,2,15,2803.39,1266.52,2026-05-17 20:27:00,Liam Lee,True
C000588,Liam,Davis,NY,6,24,3445.09,1389.73,2026-08-07 17:35:00,Liam Davis,True
C000589,James,Taylor,IL,1,4,288.25,76.53,2025-12-31 13:59:00,James Taylor,False
C000590,James,Lee,TX,4,23,3690.5600000000004,1362.98,2026-09-08 11:47:00,James Lee,True
C000591,Olivia,Davis,PA,5,19,4229.11,1897.79,2026-02-09 22:48:00,Olivia Davis,True
C000592,Ava,Wilson,NJ,3,17,2115.25,917.29,2026-05-24 14:19:00,Ava Wilson,True
C000593,Isabella,Patel,VA,2,13,1431.51,488.73,2026-04-29 10:13:00,Isabella Patel,True
C000594,Isabella,Brown,TX,2,5,810.8,277.91,2025-07-21 12:34:00,Isabella Brown,True
C000595,Ava,Brown,TX,2,12,2060.35,681.9000000000001,2026-01-15 18:41:00,Ava Brown,True
C000596,Mason,Taylor,GA,5,35,4298.28,1481.25,2026-09-08 09:03:00,Mason Taylor,True
C000598,Olivia,Thomas,GA,4,20,3254.13,1311.69,2026-01-27 14:04:00,Olivia Thomas,True
C000600,Noah,Smith,TX,3,14,2096.26,822.48,2025-10-14 15:04:00,Noah Smith,True
C000601,Mason,Wilson,MO,3,13,1831.1899999999998,636.18,2026-02-06 16:39:00,Mason Wilson,True
C000602,Emma,Miller,NC,5,30,4315.83,1423.8400000000001,2026-08-09 13:54:00,Emma Miller,True
C000603,Lucas,Anderson,FL,1,7,1003.28,328.99999999999994,2026-06-26 22:28:00,Lucas Anderson,False
C000604,Emma,Taylor,MO,3,19,2725.82,1145.15,2025-10-29 16:57:00,Emma Taylor,True
C000605,Ava,Smith,NJ,4,22,2870.4300000000003,977.6600000000001,2026-05-14 22:29:00,Ava Smith,True
C000606,Olivia,Davis,FL,3,18,3014.38,1046.18,2026-05-18 11:09:00,Olivia Davis,True
C000607,James,Johnson,GA,5,32,5224.66,1913.37,2026-08-18 11:15:00,James Johnson,True
C000608,Isabella,Lee,FL,4,18,2380.06,1015.8500000000001,2026-03-07 15:37:00,Isabella Lee,True
C000609,Liam,Brown,GA,5,28,3873.0299999999997,1381.74,2025-10-29 08:37:00,Liam Brown,True
C000610,Noah,Taylor,GA,2,20,2582.54,1239.68,2026-07-04 18:23:00,Noah Taylor,True
C000611,Isabella,Patel,NY,3,16,1720.4099999999999,682.04,2026-09-03 17:28:00,Isabella Patel,True
C000612,Ava,Brown,NC,3,17,2440.29,871.5700000000002,2026-08-23 17:00:00,Ava Brown,True
C000613,Sophia,Smith,PA,5,27,5244.92,2102.92,2026-05-09 15:45:00,Sophia Smith,True
C000614,Liam,Anderson,NY,1,5,1023.8599999999999,460.29999999999995,2025-11-07 20:39:00,Liam Anderson,False
C000615,Ethan,Miller,CA,2,12,1376.37,419.1099999999999,2026-04-24 17:28:00,Ethan Miller,True
C000616,James,Smith,PA,2,5,1110.42,402.83,2025-12-23 21:59:00,James Smith,True
C000617,Sophia,Brown,VA,5,35,5067.68,2200.05,2026-08-28 20:42:00,Sophia Brown,True
C000618,Mason,Anderson,NY,2,19,3424.39,1308.76,2026-02-13 11:09:00,Mason Anderson,True
C000619,Ava,Taylor,NC,4,22,3147.21,1073.8300000000002,2026-05-26 16:46:00,Ava Taylor,True
C000620,Lucas,Brown,IL,5,30,4912.43,1795.53,2026-03-09 13:25:00,Lucas Brown,True
C000621,Sophia,Johnson,FL,4,23,3666.62,1428.94,2026-05-20 21:46:00,Sophia Johnson,True
C000622,Emma,Brown,NY,3,25,4026.38,1536.7600000000002,2026-09-04 08:37:00,Emma Brown,True
C000623,Mia,Miller,IA,4,28,4753.15,1998.75,2026-05-28 14:52:00,Mia Miller,True
C000624,Ethan,Lee,FL,7,45,4498.389999999999,1716.56,2026-07-12 10:43:00,Ethan Lee,True
C000625,Emma,Davis,GA,5,25,3102.75,1181.9199999999998,2026-07-11 10:46:00,Emma Davis,True
C000626,Noah,Johnson,IA,6,32,5453.3,2076.1,2026-01-12 09:09:00,Noah Johnson,True
C000627,Lucas,Wilson,FL,1,11,976.53,304.59000000000003,2025-06-16 08:35:00,Lucas Wilson,False
C000628,Noah,Lee,GA,5,23,3772.33,1418.02,2026-05-21 12:35:00,Noah Lee,True
C000630,Sophia,Smith,FL,7,42,7795.96,2902.7200000000003,2026-02-16 18:06:00,Sophia Smith,True
C000631,Mia,Taylor,CA,1,4,677.2800000000001,348.2900000000001,2026-08-15 20:22:00,Mia Taylor,False
C000632,Emma,Garcia,TX,5,37,5024.41,2084.9,2026-04-20 22:41:00,Emma Garcia,True
C000633,Noah,Johnson,TX,3,18,3510.2200000000003,1423.88,2026-04-19 12:53:00,Noah Johnson,True
C000634,Emma,Davis,FL,4,35,5130.57,1989.23,2026-04-08 16:55:00,Emma Davis,True
C000635,Liam,Thomas,IA,5,26,5008.11,1578.07,2025-11-03 16:26:00,Liam Thomas,True
C000636,Liam,Davis,NY,4,34,4735.69,1830.8099999999997,2026-09-02 13:10:00,Liam Davis,True
C000637,Ava,Miller,IA,4,27,3627.0,1325.7399999999998,2026-05-13 14:34:00,Ava Miller,True
C000638,Sophia,Lee,NY,2,7,1173.5,447.20000000000005,2025-10-24 19:35:00,Sophia Lee,True
C000639,Isabella,Anderson,FL,1,1,279.31,132.84,2025-04-02 11:31:00,Isabella Anderson,False
C000640,Mason,Thomas,NC,5,29,4038.02,1518.6299999999999,2026-03-28 11:52:00,Mason Thomas,True
C000641,Mia,Miller,NC,1,8,967.95,295.37,2025-12-03 18:30:00,Mia Miller,False
C000642,James,Taylor,PA,2,8,1594.42,483.44000000000005,2026-01-14 21:13:00,James Taylor,True
C000643,Ethan,Miller,MO,3,10,1719.76,726.99,2026-05-18 22:36:00,Ethan Miller,True
C000644,Ethan,Smith,FL,4,34,3045.15,1152.47,2026-09-10 08:51:00,Ethan Smith,True
C000645,Mia,Taylor,CA,1,4,802.75,399.78,2025-12-28 10:18:00,Mia Taylor,False
C000646,James,Brown,IL,4,10,1716.14,791.6300000000001,2026-05-06 15:45:00,James Brown,True
C000647,James,Smith,IA,2,16,2212.0,852.99,2026-07-11 22:10:00,James Smith,True
C000648,Mia,Taylor,IL,2,12,1697.0300000000002,547.3600000000001,2025-09-23 19:27:00,Mia Taylor,True
C000649,Isabella,Johnson,IA,4,22,3626.76,1586.9900000000002,2026-08-17 10:26:00,Isabella Johnson,True
C000650,Noah,Davis,FL,8,42,7030.0,2475.21,2026-09-09 14:10:00,Noah Davis,True
C000651,Olivia,Wilson,FL,5,21,2994.6,1325.83,2026-07-24 20:14:00,Olivia Wilson,True
C000652,Ethan,Thomas,GA,7,55,8834.17,3454.44,2026-09-10 22:51:00,Ethan Thomas,True
C000653,Isabella,Taylor,MO,6,51,8037.58,2691.37,2026-08-24 16:08:00,Isabella Taylor,True
C000654,Mason,Patel,NJ,2,11,938.24,393.88999999999993,2026-02-11 21:28:00,Mason Patel,True
C000655,Sophia,Smith,NC,3,17,3348.71,1438.07,2026-07-16 12:09:00,Sophia Smith,True
C000656,Liam,Wilson,IA,2,10,1311.59,480.69,2026-04-29 20:15:00,Liam Wilson,True
C000657,Sophia,Davis,NC,2,10,1916.76,811.3000000000001,2026-07-21 18:49:00,Sophia Davis,True
C000658,Lucas,Smith,GA,5,22,2478.67,896.2000000000002,2026-06-08 11:21:00,Lucas Smith,True
C000659,Noah,Thomas,VA,10,73,10610.02,4074.9,2026-06-11 08:17:00,Noah Thomas,True
C000660,Ethan,Davis,IA,3,20,2317.3,739.7099999999999,2026-07-11 08:25:00,Ethan Davis,True
C000661,Ethan,Davis,IL,2,15,2103.99,820.62,2025-07-06 08:17:00,Ethan Davis,True
C000662,James,Davis,PA,1,5,1064.55,432.35999999999996,2026-08-28 13:02:00,James Davis,False
C000663,Ava,Thomas,IA,3,17,2672.4700000000003,980.6800000000002,2026-06-21 14:18:00,Ava Thomas,True
C000664,Isabella,Smith,NC,2,4,486.94,207.39,2026-08-28 16:51:00,Isabella Smith,True
C000665,Olivia,Johnson,MO,3,17,3570.95,1500.64,2026-06-03 22:24:00,Olivia Johnson,True
C000666,Sophia,Davis,CA,1,9,1928.6999999999998,822.8699999999999,2025-05-14 08:45:00,Sophia Davis,False
C000667,Isabella,Johnson,FL,1,1,91.42,36.38,2025-06-20 13:53:00,Isabella Johnson,False
C000668,Sophia,Miller,NJ,7,29,4767.39,1856.91,2026-07-11 17:41:00,Sophia Miller,True
C000669,Liam,Davis,NY,1,5,863.56,395.8299999999999,2026-06-20 20:06:00,Liam Davis,False
C000670,James,Brown,GA,3,18,1343.8,447.75999999999993,2026-04-19 18:51:00,James Brown,True
C000671,Noah,Anderson,PA,4,29,5743.82,2694.94,2026-04-07 18:15:00,Noah Anderson,True
C000672,Mia,Lee,CA,4,25,3795.14,1137.5500000000002,2026-05-28 16:13:00,Mia Lee,True
C000673,Noah,Garcia,IL,2,18,2133.87,959.8799999999999,2025-08-10 19:26:00,Noah Garcia,True
C000674,Ethan,Anderson,NJ,4,22,3204.5299999999997,1102.7199999999998,2026-06-09 08:27:00,Ethan Anderson,True
C000675,Mason,Smith,FL,2,18,1999.6100000000001,845.33,2026-04-15 10:26:00,Mason Smith,True
C000676,Mason,Johnson,IL,5,43,7577.3,3018.78,2026-05-27 18:06:00,Mason Johnson,True
C000677,Noah,Taylor,NY,4,21,2732.17,823.9399999999998,2026-03-11 22:26:00,Noah Taylor,True
C000678,Liam,Garcia,VA,4,20,3159.7999999999997,1142.59,2026-03-31 13:44:00,Liam Garcia,True
C000679,James,Johnson,NC,6,35,5767.78,2564.02,2026-08-23 16:26:00,James Johnson,True
C000680,Mia,Anderson,NY,4,30,5496.23,2265.38,2026-04-27 13:14:00,Mia Anderson,True
C000681,Lucas,Taylor,TX,3,13,1893.33,658.8500000000001,2026-06-13 11:11:00,Lucas Taylor,True
C000682,Lucas,Garcia,TX,2,3,286.31,87.63000000000001,2025-12-02 09:05:00,Lucas Garcia,True
C000683,Lucas,Anderson,NC,2,12,1438.69,540.62,2025-12-18 13:21:00,Lucas Anderson,True
C000684,Ava,Davis,NC,8,55,7692.73,2387.48,2026-08-12 19:59:00,Ava Davis,True
C000685,Olivia,Wilson,FL,6,48,6134.610000000001,2325.1600000000003,2026-06-17 21:26:00,Olivia Wilson,True
C000686,Lucas,Miller,NJ,2,16,2027.6200000000001,851.98,2026-04-22 18:28:00,Lucas Miller,True
C000687,Noah,Anderson,TX,5,28,5103.91,1995.5199999999998,2026-08-27 09:25:00,Noah Anderson,True
C000688,Emma,Patel,MO,2,12,1496.0,475.5300000000001,2026-06-02 20:35:00,Emma Patel,True
C000689,Emma,Johnson,CA,7,43,7791.2699999999995,2840.6,2026-08-11 11:39:00,Emma Johnson,True
C000690,Lucas,Wilson,PA,2,19,1984.5,535.2800000000001,2026-07-26 21:49:00,Lucas Wilson,True
C000691,Emma,Wilson,VA,1,4,666.12,202.87000000000003,2026-08-09 09:45:00,Emma Wilson,False
C000692,James,Davis,GA,4,21,2834.44,991.56,2026-08-18 13:14:00,James Davis,True
C000693,James,Taylor,VA,2,12,2249.9300000000003,875.9300000000001,2025-04-03 14:41:00,James Taylor,True
C000694,Lucas,Garcia,GA,2,18,1759.78,569.28,2026-03-20 11:40:00,Lucas Garcia,True
C000695,Lucas,Smith,VA,7,56,6323.97,2311.34,2026-07-11 15:33:00,Lucas Smith,True
C000696,Mason,Thomas,PA,2,16,2872.95,934.8000000000001,2026-07-22 08:35:00,Mason Thomas,True
C000697,Mason,Taylor,PA,4,34,5741.46,1929.89,2026-06-27 20:31:00,Mason Taylor,True
C000698,Mia,Brown,NY,1,6,1320.15,589.5000000000001,2026-07-03 18:56:00,Mia Brown,False
C000699,Mason,Lee,GA,3,19,2752.96,976.34,2026-08-03 15:31:00,Mason Lee,True
C000700,Mia,Lee,CA,3,14,2399.43,1038.58,2025-07-10 08:55:00,Mia Lee,True
C000701,Emma,Wilson,NY,3,10,1244.8,404.64000000000004,2026-06-26 09:08:00,Emma Wilson,True
C000702,Ava,Garcia,FL,3,8,1055.36,355.69999999999993,2026-05-27 08:14:00,Ava Garcia,True
C000703,Liam,Johnson,TX,4,15,1252.25,402.48999999999995,2025-06-20 09:45:00,Liam Johnson,True
C000704,Isabella,Miller,MO,4,32,4022.79,1321.23,2025-12-10 12:07:00,Isabella Miller,True
C000705,Isabella,Garcia,NY,1,6,1255.5500000000002,457.18000000000006,2025-03-17 11:17:00,Isabella Garcia,False
C000706,Noah,Taylor,IL,3,24,3452.65,1298.41,2026-03-18 22:00:00,Noah Taylor,True
C000707,James,Garcia,CA,4,24,3052.9900000000002,1184.5300000000002,2026-04-07 15:11:00,James Garcia,True
C000708,Ethan,Anderson,IL,5,42,6976.6900000000005,2720.27,2026-06-11 16:38:00,Ethan Anderson,True
C000709,Noah,Thomas,PA,3,24,4583.69,1808.1399999999999,2026-06-15 17:14:00,Noah Thomas,True
C000710,James,Lee,NJ,2,13,1744.19,785.06,2026-01-09 09:58:00,James Lee,True
C000711,Sophia,Brown,CA,6,47,8460.09,3018.28,2026-08-04 08:40:00,Sophia Brown,True
C000712,Lucas,Garcia,MO,4,21,3491.2000000000003,939.19,2025-11-24 17:37:00,Lucas Garcia,True
C000713,Ethan,Wilson,IA,2,8,689.0500000000001,299.27000000000004,2026-02-18 12:49:00,Ethan Wilson,True
C000714,Ethan,Taylor,IL,7,43,4731.63,1446.96,2026-06-14 19:38:00,Ethan Taylor,True
C000715,Isabella,Davis,VA,5,13,1668.9300000000003,510.8100000000002,2026-06-13 09:26:00,Isabella Davis,True
C000716,Lucas,Davis,TX,3,24,2905.85,1091.92,2026-06-26 18:57:00,Lucas Davis,True
C000717,James,Johnson,MO,5,48,8529.86,3295.63,2026-06-19 22:38:00,James Johnson,True
C000718,Noah,Taylor,IA,5,31,5336.09,2270.4800000000005,2025-09-30 08:39:00,Noah Taylor,True
C000719,Ethan,Taylor,VA,6,29,4762.95,1711.09,2026-09-06 14:53:00,Ethan Taylor,True
C000720,Isabella,Garcia,FL,4,34,5348.25,2250.48,2026-03-22 14:24:00,Isabella Garcia,True
C000721,Noah,Thomas,NJ,2,13,1421.81,579.0299999999999,2026-06-06 08:32:00,Noah Thomas,True
C000722,Lucas,Smith,MO,1,8,382.57,163.74,2025-12-04 08:08:00,Lucas Smith,False
C000723,Olivia,Taylor,MO,5,45,9242.619999999999,3391.3399999999997,2026-06-29 12:51:00,Olivia Taylor,True
C000724,James,Lee,GA,4,19,3657.59,1532.08,2026-01-19 18:20:00,James Lee,True
C000725,James,Johnson,FL,4,33,6668.04,3061.58,2026-04-14 12:38:00,James Johnson,True
C000726,Sophia,Smith,MO,2,15,2687.86,919.61,2025-06-14 13:19:00,Sophia Smith,True
C000727,Ethan,Garcia,NC,4,30,4815.7699999999995,1656.0899999999997,2026-08-25 17:50:00,Ethan Garcia,True
C000728,Isabella,Taylor,TX,2,15,2268.75,894.3700000000001,2025-10-17 15:40:00,Isabella Taylor,True
C000729,Mason,Patel,CA,3,23,3050.88,1318.23,2026-02-19 12:04:00,Mason Patel,True
C000730,James,Brown,NC,4,16,2484.9,1075.43,2026-05-07 12:07:00,James Brown,True
C000731,Isabella,Davis,NY,2,20,2464.36,955.57,2026-02-08 22:02:00,Isabella Davis,True
C000732,Mia,Smith,VA,3,12,1951.58,675.29,2026-02-14 09:43:00,Mia Smith,True
C000733,Ethan,Johnson,FL,3,25,3680.27,1462.5800000000002,2026-04-02 13:09:00,Ethan Johnson,True
C000734,Noah,Brown,NJ,2,19,4059.9300000000003,1904.3600000000001,2025-03-30 19:28:00,Noah Brown,True
C000735,Ava,Taylor,PA,3,21,4506.7,2040.8099999999997,2026-01-22 18:22:00,Ava Taylor,True
C000736,Mason,Wilson,CA,1,3,332.52,162.81,2025-02-02 08:29:00,Mason Wilson,False
C000737,Emma,Taylor,FL,3,23,3383.3,1320.61,2025-07-30 15:54:00,Emma Taylor,True
C000738,Lucas,Miller,MO,3,21,4409.65,1809.9,2025-06-17 16:00:00,Lucas Miller,True
C000739,Isabella,Anderson,IL,5,42,7624.0199999999995,2718.08,2026-03-05 15:15:00,Isabella Anderson,True
C000740,Ethan,Lee,GA,5,30,5455.62,1948.65,2026-05-28 10:18:00,Ethan Lee,True
C000741,Sophia,Lee,NY,5,33,4801.87,1701.4,2026-07-25 09:55:00,Sophia Lee,True
C000742,Noah,Patel,IL,3,21,4067.27,1745.4299999999998,2026-08-28 20:54:00,Noah Patel,True
C000743,Liam,Patel,IA,3,14,2516.18,968.5799999999999,2026-07-17 08:01:00,Liam Patel,True
C000744,Olivia,Garcia,FL,4,20,2198.48,836.3500000000001,2026-07-14 12:39:00,Olivia Garcia,True
C000745,Sophia,Smith,PA,4,24,5269.150000000001,2137.77,2026-09-03 12:02:00,Sophia Smith,True
C000746,Emma,Smith,VA,4,25,3702.56,1493.74,2026-09-05 15:34:00,Emma Smith,True
C000747,Olivia,Lee,TX,5,38,5325.63,1587.17,2026-07-17 17:53:00,Olivia Lee,True
C000748,Isabella,Taylor,NJ,2,10,1592.35,451.77000000000004,2025-12-15 14:54:00,Isabella Taylor,True
C000749,Sophia,Thomas,PA,2,14,2207.82,891.59,2026-04-22 10:26:00,Sophia Thomas,True
C000750,Noah,Miller,MO,2,14,2362.34,813.8700000000001,2026-09-04 15:55:00,Noah Miller,True
C000751,Mason,Patel,NY,3,11,1366.16,544.06,2026-05-13 12:47:00,Mason Patel,True
C000752,Isabella,Thomas,PA,2,9,1756.09,725.77,2025-12-26 13:05:00,Isabella Thomas,True
C000753,James,Johnson,GA,2,9,1618.5099999999998,662.93,2026-07-21 16:30:00,James Johnson,True
C000755,Mia,Thomas,NC,3,14,1633.77,615.08,2026-07-04 10:16:00,Mia Thomas,True
C000756,Ava,Lee,VA,3,13,2618.75,1030.21,2026-07-22 12:28:00,Ava Lee,True
C000757,Noah,Garcia,CA,4,18,2271.69,770.99,2026-06-12 21:10:00,Noah Garcia,True
C000758,Olivia,Lee,IL,6,39,4995.46,1606.27,2026-07-23 18:23:00,Olivia Lee,True
C000759,Mia,Lee,NY,4,28,5276.9800000000005,2064.22,2026-03-18 16:30:00,Mia Lee,True
C000760,Mason,Taylor,VA,1,8,804.1,372.96,2026-04-11 12:17:00,Mason Taylor,False
C000761,Olivia,Patel,PA,2,5,1138.99,346.03999999999996,2025-08-11 20:37:00,Olivia Patel,True
C000762,Liam,Patel,GA,2,25,4137.03,1672.69,2026-08-20 16:06:00,Liam Patel,True
C000763,Mia,Johnson,FL,4,23,3287.45,1013.31,2026-03-31 13:17:00,Mia Johnson,True
C000764,James,Taylor,PA,2,13,1382.82,467.9699999999999,2026-05-24 12:49:00,James Taylor,True
C000765,Liam,Miller,NC,4,30,3574.0299999999997,1328.5900000000001,2026-07-10 08:12:00,Liam Miller,True
C000766,Mason,Lee,VA,9,41,6793.09,2350.31,2026-08-08 17:21:00,Mason Lee,True
C000767,Ava,Johnson,NJ,4,35,6912.4,3108.49,2026-02-02 12:06:00,Ava Johnson,True
C000768,Ava,Miller,CA,3,24,4012.51,1615.6,2026-01-02 11:18:00,Ava Miller,True
C000769,Emma,Garcia,IL,2,8,1565.74,698.0699999999999,2025-06-15 18:04:00,Emma Garcia,True
C000770,Lucas,Patel,CA,4,41,6045.65,2378.87,2026-06-20 18:40:00,Lucas Patel,True
C000772,Mason,Davis,NC,3,24,3610.6800000000003,1418.8100000000002,2026-06-08 17:44:00,Mason Davis,True
C000773,Liam,Johnson,CA,4,32,3756.79,1493.27,2026-09-07 16:11:00,Liam Johnson,True
C000774,Liam,Wilson,GA,1,12,2349.94,988.0,2025-05-21 16:47:00,Liam Wilson,False
C000775,Ava,Lee,PA,5,46,6515.9,2481.34,2026-09-11 09:37:00,Ava Lee,True
C000776,Sophia,Thomas,NJ,4,14,1665.32,628.88,2026-06-12 11:40:00,Sophia Thomas,True
C000777,Olivia,Brown,MO,3,26,2912.89,1000.7700000000001,2026-07-10 10:09:00,Olivia Brown,True
C000778,Mia,Thomas,GA,5,35,5901.4400000000005,2477.82,2026-08-31 11:53:00,Mia Thomas,True
C000779,Liam,Wilson,GA,3,24,4089.26,1214.69,2026-03-09 20:40:00,Liam Wilson,True
C000780,Lucas,Thomas,NC,5,27,3230.17,1172.51,2026-04-21 13:12:00,Lucas Thomas,True
C000781,Olivia,Johnson,VA,7,31,4649.54,1971.55,2026-08-04 10:08:00,Olivia Johnson,True
C000782,Mason,Patel,NY,6,42,7950.51,3044.4900000000002,2026-08-11 11:31:00,Mason Patel,True
C000783,Liam,Garcia,TX,6,25,3503.11,1152.39,2026-02-22 12:26:00,Liam Garcia,True
C000784,Sophia,Thomas,NC,5,24,2649.57,876.8100000000001,2026-07-22 18:12:00,Sophia Thomas,True
C000785,Emma,Brown,IL,2,7,876.78,373.59000000000003,2025-08-19 10:05:00,Emma Brown,True
C000786,Mason,Smith,TX,4,25,4678.05,1745.08,2026-08-26 10:26:00,Mason Smith,True
C000787,Lucas,Davis,TX,3,19,2565.41,1179.7,2026-05-25 19:10:00,Lucas Davis,True
C000788,Olivia,Lee,VA,5,27,4368.65,1654.57,2026-06-30 12:48:00,Olivia Lee,True
C000789,Lucas,Garcia,IA,1,11,1556.1299999999999,660.0899999999999,2026-09-12 15:36:00,Lucas Garcia,False
C000790,Isabella,Garcia,TX,7,43,5327.35,2277.52,2026-08-24 10:19:00,Isabella Garcia,True
C000791,Mia,Smith,NC,6,35,4091.68,1460.98,2025-11-22 19:37:00,Mia Smith,True
C000792,Olivia,Patel,FL,2,6,611.03,169.73000000000002,2026-08-18 12:08:00,Olivia Patel,True
C000793,Ava,Miller,TX,6,33,6440.32,2484.18,2026-08-04 19:13:00,Ava Miller,True
C000794,Olivia,Brown,PA,4,27,4890.03,2154.7000000000003,2026-08-28 19:27:00,Olivia Brown,True
C000795,Mia,Smith,VA,5,25,3142.7,949.64,2026-09-07 09:12:00,Mia Smith,True
C000796,Mia,Brown,MO,4,28,4890.400000000001,2234.01,2026-03-13 18:19:00,Mia Brown,True
C000797,Isabella,Taylor,NJ,7,33,5404.549999999999,2077.96,2026-06-06 09:27:00,Isabella Taylor,True
C000798,Emma,Smith,NY,3,15,1637.55,636.2500000000001,2025-10-16 13:30:00,Emma Smith,True
C000799,Isabella,Davis,MO,2,16,2242.9900000000002,840.25,2026-03-03 21:11:00,Isabella Davis,True
C000800,Noah,Patel,NC,3,13,1292.8700000000001,431.9800000000001,2026-07-26 22:05:00,Noah Patel,True
C000801,Mason,Miller,TX,6,36,4845.93,1848.4699999999998,2026-09-07 17:15:00,Mason Miller,True
C000802,Sophia,Taylor,GA,3,18,3679.39,1631.66,2026-08-03 18:30:00,Sophia Taylor,True
C000803,Liam,Johnson,NC,5,44,7209.69,3011.0099999999998,2026-05-02 10:11:00,Liam Johnson,True
C000804,Mia,Patel,IL,3,29,4265.16,1851.3899999999999,2025-10-28 11:59:00,Mia Patel,True
C000805,Lucas,Miller,IA,6,32,5024.16,1973.96,2026-04-04 22:02:00,Lucas Miller,True
C000806,Emma,Miller,VA,2,15,2499.19,895.5600000000002,2025-12-26 08:17:00,Emma Miller,True
C000807,Isabella,Wilson,MO,7,30,4782.21,2067.84,2026-03-27 11:45:00,Isabella Wilson,True
C000808,Ava,Miller,CA,2,16,2207.89,785.9799999999999,2025-06-03 20:22:00,Ava Miller,True
C000809,Lucas,Lee,CA,5,26,3076.9900000000002,1058.3000000000002,2026-08-01 13:46:00,Lucas Lee,True
C000810,Mia,Patel,IA,4,27,3665.31,1355.6100000000001,2026-07-26 19:22:00,Mia Patel,True
C000811,Ava,Garcia,MO,1,4,711.86,162.41000000000005,2025-09-19 19:04:00,Ava Garcia,False
C000812,Olivia,Lee,IL,2,11,1918.4799999999998,623.6299999999999,2026-07-10 15:13:00,Olivia Lee,True
C000814,James,Patel,CA,4,17,3347.71,966.95,2026-02-18 20:27:00,James Patel,True
C000815,Ethan,Johnson,FL,2,7,525.8599999999999,160.1899999999999,2025-03-27 08:09:00,Ethan Johnson,True
C000816,Ethan,Thomas,NY,5,41,7411.43,3033.2,2026-08-05 19:40:00,Ethan Thomas,True
C000817,James,Thomas,GA,6,43,6859.78,2749.35,2026-05-01 22:00:00,James Thomas,True
C000818,Mia,Anderson,NY,1,3,463.11,127.98000000000002,2025-05-21 08:15:00,Mia Anderson,False
C000819,Olivia,Garcia,IL,10,63,10065.34,3767.31,2026-09-11 14:22:00,Olivia Garcia,True
C000820,Noah,Patel,GA,3,29,3378.81,1122.18,2025-09-13 21:08:00,Noah Patel,True
C000821,Ava,Wilson,MO,1,2,173.07000000000002,28.53000000000003,2025-04-19 20:34:00,Ava Wilson,False
C000822,Mason,Brown,NC,3,20,3942.9799999999996,1659.5199999999998,2026-06-19 15:05:00,Mason Brown,True
C000823,Mia,Lee,PA,6,44,6677.4800000000005,2246.38,2026-09-02 14:32:00,Mia Lee,True
C000824,Mason,Thomas,TX,4,21,3041.89,1068.35,2025-11-23 19:48:00,Mason Thomas,True
C000825,Olivia,Lee,VA,3,17,2077.04,714.8300000000002,2026-04-12 16:49:00,Olivia Lee,True
C000826,Isabella,Miller,PA,11,60,8357.4,3339.06,2026-07-25 14:25:00,Isabella Miller,True
C000827,Ethan,Johnson,IA,8,43,6536.82,2267.6899999999996,2026-09-04 17:36:00,Ethan Johnson,True
C000828,Isabella,Davis,FL,3,12,2317.87,1122.4099999999999,2026-07-27 21:03:00,Isabella Davis,True
C000829,Olivia,Thomas,PA,4,25,3812.46,1482.3,2026-06-08 08:42:00,Olivia Thomas,True
C000830,Mason,Johnson,NJ,1,12,1531.17,350.2900000000001,2025-03-12 19:51:00,Mason Johnson,False
C000831,James,Garcia,PA,2,10,1851.85,535.98,2026-06-01 11:11:00,James Garcia,True
C000832,Ava,Thomas,PA,2,12,2779.04,1099.36,2026-08-30 20:43:00,Ava Thomas,True
C000833,Ava,Johnson,NY,3,13,1952.21,827.1199999999999,2026-04-13 08:04:00,Ava Johnson,True
C000834,Liam,Taylor,NY,4,18,2563.93,887.9599999999999,2026-02-23 14:30:00,Liam Taylor,True
C000835,Ethan,Thomas,TX,2,8,1595.41,541.55,2026-06-21 15:15:00,Ethan Thomas,True
C000836,Ethan,Johnson,NC,2,15,2173.3100000000004,825.3500000000001,2026-06-22 13:00:00,Ethan Johnson,True
C000837,Isabella,Taylor,PA,8,54,6847.67,2579.82,2026-07-19 08:52:00,Isabella Taylor,True
C000838,Emma,Brown,GA,2,19,2465.4300000000003,1122.15,2026-03-13 15:38:00,Emma Brown,True
C000839,Ethan,Garcia,VA,2,17,2456.73,1037.25,2026-01-30 13:02:00,Ethan Garcia,True
C000840,Ava,Miller,GA,4,23,4381.23,1436.9,2026-05-21 11:20:00,Ava Miller,True
C000841,Mia,Miller,FL,1,7,653.39,245.35999999999996,2026-07-13 20:57:00,Mia Miller,False
C000842,Olivia,Miller,NC,4,27,2855.08,1209.64,2025-09-12 17:02:00,Olivia Miller,True
C000843,Mason,Taylor,IL,2,16,2743.5499999999997,1051.39,2025-12-12 15:33:00,Mason Taylor,True
C000844,Noah,Patel,IL,4,20,2523.37,874.2,2026-01-01 20:31:00,Noah Patel,True
C000845,Emma,Smith,NC,5,25,4037.64,1741.05,2026-08-05 19:56:00,Emma Smith,True
C000846,Sophia,Johnson,TX,3,24,4886.22,1928.0100000000002,2026-02-27 19:11:00,Sophia Johnson,True
C000847,Ethan,Anderson,VA,3,16,2640.17,1006.76,2025-09-19 14:15:00,Ethan Anderson,True
C000848,Sophia,Taylor,GA,6,39,5637.71,2383.85,2026-08-18 15:53:00,Sophia Taylor,True
C000849,Mia,Patel,FL,4,28,3218.54,980.62,2026-08-23 17:58:00,Mia Patel,True
C000850,Liam,Miller,MO,2,4,358.49,135.39000000000001,2026-07-19 19:46:00,Liam Miller,True
C000851,Emma,Brown,IA,4,7,1752.73,750.71,2026-01-02 20:03:00,Emma Brown,True
C000852,Mason,Wilson,FL,3,14,2481.7,809.1700000000001,2026-01-21 12:41:00,Mason Wilson,True
C000853,Ethan,Patel,GA,3,17,3426.0299999999997,1162.48,2026-08-20 11:30:00,Ethan Patel,True
C000854,Isabella,Taylor,IA,2,11,1967.5700000000002,682.6300000000001,2026-05-25 10:23:00,Isabella Taylor,True
C000855,Ava,Brown,VA,1,1,135.72,58.56,2026-08-05 22:16:00,Ava Brown,False
C000856,Noah,Davis,IA,5,29,4026.88,1455.03,2026-07-17 12:04:00,Noah Davis,True
C000857,Lucas,Davis,FL,2,12,891.5999999999999,263.15999999999997,2026-03-16 09:42:00,Lucas Davis,True
C000858,Olivia,Miller,NJ,5,37,4467.45,1665.86,2026-05-06 10:13:00,Olivia Miller,True
C000859,Ethan,Johnson,FL,3,13,3122.85,1498.82,2026-07-17 21:29:00,Ethan Johnson,True
C000860,Lucas,Davis,IA,2,17,3735.17,1454.49,2025-10-15 15:57:00,Lucas Davis,True
C000862,Isabella,Smith,PA,3,19,2601.86,860.3800000000001,2026-09-08 10:00:00,Isabella Smith,True
C000863,Olivia,Miller,NC,3,19,2653.34,962.6800000000001,2026-02-15 09:18:00,Olivia Miller,True
C000864,Sophia,Wilson,GA,4,26,3652.31,1064.2000000000003,2026-06-11 18:31:00,Sophia Wilson,True
C000865,Lucas,Anderson,NJ,5,30,6332.01,2827.2999999999997,2026-08-21 16:26:00,Lucas Anderson,True
C000866,Noah,Miller,IA,1,3,302.1,128.26999999999998,2025-08-10 16:56:00,Noah Miller,False
C000867,Olivia,Anderson,NY,2,18,2103.87,792.81,2026-08-24 08:57:00,Olivia Anderson,True
C000868,Mia,Johnson,IL,4,13,2543.84,1093.26,2026-07-27 20:47:00,Mia Johnson,True
C000869,Mia,Patel,MO,6,47,7564.42,2654.95,2026-07-25 10:03:00,Mia Patel,True
C000870,Sophia,Brown,NJ,4,38,5213.5599999999995,1962.2200000000003,2026-04-27 20:01:00,Sophia Brown,True
C000871,Emma,Lee,NY,3,17,1783.27,589.6999999999999,2026-05-27 10:34:00,Emma Lee,True
C000872,Olivia,Miller,FL,1,5,448.88,160.4,2026-05-30 15:30:00,Olivia Miller,False
C000873,Olivia,Davis,IA,6,40,5687.86,1865.89,2026-05-03 14:09:00,Olivia Davis,True
C000874,Mason,Anderson,PA,3,25,3464.16,1472.25,2025-10-07 19:30:00,Mason Anderson,True
C000875,Mia,Johnson,FL,4,21,4222.3099999999995,1710.52,2026-04-27 13:37:00,Mia Johnson,True
C000876,Noah,Garcia,NY,5,29,4826.02,1984.87,2026-06-23 16:31:00,Noah Garcia,True
C000877,Emma,Miller,FL,2,9,1900.9799999999998,841.78,2026-07-06 20:54:00,Emma Miller,True
C000878,Lucas,Patel,NY,2,14,3383.95,1430.1,2026-07-07 21:16:00,Lucas Patel,True
C000879,Mia,Anderson,FL,3,16,2815.95,1189.09,2026-05-01 18:41:00,Mia Anderson,True
C000880,Ethan,Thomas,FL,4,16,2148.0099999999998,881.6099999999999,2026-09-04 08:21:00,Ethan Thomas,True
C000881,Lucas,Garcia,PA,3,24,4296.45,1670.07,2026-08-25 22:49:00,Lucas Garcia,True
C000882,Emma,Garcia,NC,4,21,3470.73,1260.33,2026-06-19 16:24:00,Emma Garcia,True
C000883,James,Taylor,IL,4,32,4985.849999999999,1944.9899999999998,2026-05-21 19:03:00,James Taylor,True
C000884,Mia,Garcia,MO,5,47,6242.03,2137.38,2026-06-21 20:05:00,Mia Garcia,True
C000885,Emma,Thomas,NC,7,37,6132.43,2433.68,2026-06-03 17:49:00,Emma Thomas,True
C000886,Noah,Brown,NJ,2,14,2144.91,728.79,2025-10-27 14:25:00,Noah Brown,True
C000887,James,Davis,FL,3,18,3387.09,1613.1,2025-12-06 10:14:00,James Davis,True
C000888,Olivia,Johnson,GA,2,11,1837.49,761.8000000000001,2025-10-04 20:22:00,Olivia Johnson,True
C000889,Olivia,Miller,PA,4,25,4246.8,1586.47,2026-01-21 22:09:00,Olivia Miller,True
C000890,Mason,Patel,CA,3,18,2651.29,1009.9999999999999,2025-09-26 15:01:00,Mason Patel,True
C000891,Ava,Brown,MO,2,16,2233.01,786.8100000000001,2026-07-14 12:21:00,Ava Brown,True
C000892,Ethan,Thomas,GA,2,5,700.85,235.18999999999997,2025-10-30 16:53:00,Ethan Thomas,True
C000893,Lucas,Wilson,NC,2,12,1895.74,704.5799999999999,2026-03-08 19:49:00,Lucas Wilson,True
C000895,Mason,Davis,IL,2,18,1416.67,522.9100000000001,2025-10-22 18:46:00,Mason Davis,True
C000896,Mason,Wilson,IL,6,36,5606.37,2113.0299999999997,2026-08-26 21:55:00,Mason Wilson,True
C000897,Emma,Thomas,TX,8,54,6464.28,2165.11,2026-03-10 21:38:00,Emma Thomas,True
C000898,Sophia,Patel,GA,3,8,1046.7,453.93,2026-03-29 09:23:00,Sophia Patel,True
C000899,Liam,Brown,NY,3,13,1670.75,636.5699999999999,2026-06-28 19:44:00,Liam Brown,True
C000900,Emma,Taylor,MO,5,31,4998.5,2234.27,2026-08-05 17:21:00,Emma Taylor,True
C000901,Isabella,Patel,GA,5,40,7788.77,2830.48,2026-08-26 16:24:00,Isabella Patel,True
C000902,Mia,Anderson,NJ,4,33,5874.78,1929.9299999999998,2026-02-21 18:46:00,Mia Anderson,True
C000903,Mason,Garcia,IA,4,18,3146.13,1233.91,2026-08-03 18:27:00,Mason Garcia,True
C000904,Ethan,Davis,FL,6,32,4702.23,1763.06,2026-05-29 17:56:00,Ethan Davis,True
C000905,Emma,Taylor,IL,3,23,3819.04,1334.65,2026-07-04 17:59:00,Emma Taylor,True
C000906,Ava,Wilson,VA,1,9,2397.73,1107.0,2025-04-03 09:59:00,Ava Wilson,False
C000907,Mason,Anderson,NJ,5,30,3180.03,1296.43,2026-05-22 22:31:00,Mason Anderson,True
C000908,Noah,Davis,NJ,4,19,2774.4,1125.42,2026-08-23 19:04:00,Noah Davis,True
C000909,Isabella,Lee,IA,3,19,3715.42,1482.18,2025-10-13 21:33:00,Isabella Lee,True
C000910,James,Taylor,NJ,4,31,3769.14,1304.8100000000002,2026-01-15 12:09:00,James Taylor,True
C000911,Olivia,Brown,TX,3,13,1697.1999999999998,706.54,2026-01-29 09:58:00,Olivia Brown,True
C000912,Sophia,Taylor,NY,6,35,5092.3099999999995,2053.0699999999997,2026-08-31 15:28:00,Sophia Taylor,True
C000913,James,Patel,TX,2,7,1008.5099999999999,402.31999999999994,2025-12-14 08:11:00,James Patel,True
C000914,Sophia,Miller,IA,3,20,2393.77,947.03,2026-08-10 15:32:00,Sophia Miller,True
C000915,Mason,Thomas,GA,1,9,1904.78,826.5000000000001,2025-02-03 14:34:00,Mason Thomas,False
C000916,James,Brown,PA,2,10,2353.35,811.5900000000001,2025-09-09 20:50:00,James Brown,True
C000917,Olivia,Garcia,NC,4,25,3667.1099999999997,1224.34,2025-11-25 13:07:00,Olivia Garcia,True
C000918,Olivia,Johnson,NJ,3,20,3457.88,1453.21,2025-07-13 21:33:00,Olivia Johnson,True
C000919,Mia,Thomas,IL,8,32,5394.18,2082.77,2026-07-22 16:41:00,Mia Thomas,True
C000920,Mia,Taylor,CA,2,13,2191.74,986.76,2026-04-20 17:39:00,Mia Taylor,True
C000921,Liam,Lee,VA,2,10,1245.55,357.3999999999999,2025-06-26 12:38:00,Liam Lee,True
C000922,Sophia,Lee,IA,4,37,5636.9,2006.4299999999998,2026-06-17 15:50:00,Sophia Lee,True
C000923,Emma,Davis,NY,4,29,4709.200000000001,1595.1200000000001,2026-09-10 19:42:00,Emma Davis,True
C000925,Olivia,Smith,MO,3,10,1945.9099999999999,844.6500000000001,2026-03-06 19:47:00,Olivia Smith,True
C000927,Ethan,Miller,MO,6,32,4733.29,1949.58,2026-08-12 15:52:00,Ethan Miller,True
C000928,James,Johnson,NC,3,11,1565.07,669.16,2026-03-30 22:59:00,James Johnson,True
C000929,Isabella,Johnson,NC,2,17,2699.69,844.1000000000001,2026-09-04 19:15:00,Isabella Johnson,True
C000930,Ava,Davis,GA,5,23,3345.52,1310.7899999999997,2026-05-02 22:30:00,Ava Davis,True
C000931,Mason,Johnson,TX,5,27,5350.68,1936.21,2025-07-25 10:57:00,Mason Johnson,True
C000933,Sophia,Miller,FL,3,7,1172.83,407.61,2025-09-28 11:56:00,Sophia Miller,True
C000934,Ava,Wilson,GA,11,58,9336.15,3363.08,2026-06-25 17:55:00,Ava Wilson,True
C000935,Ava,Lee,NC,3,21,1715.1299999999999,587.56,2026-06-01 21:58:00,Ava Lee,True
C000936,Ava,Taylor,NJ,8,47,7299.41,3189.94,2026-08-21 20:25:00,Ava Taylor,True
C000937,Ethan,Garcia,PA,1,6,758.88,265.67999999999995,2025-05-24 22:52:00,Ethan Garcia,False
C000938,Olivia,Anderson,FL,5,25,1877.83,767.6299999999999,2026-08-30 12:17:00,Olivia Anderson,True
C000939,Ava,Garcia,VA,6,34,6265.39,2432.77,2026-01-11 18:24:00,Ava Garcia,True
C000940,Olivia,Anderson,PA,4,32,4842.29,1848.4699999999998,2026-03-19 16:49:00,Olivia Anderson,True
C000941,Mia,Lee,NJ,4,39,8107.75,3434.9700000000003,2026-06-28 17:32:00,Mia Lee,True
C000942,Mia,Miller,MO,2,17,2108.36,733.9500000000002,2025-11-18 12:16:00,Mia Miller,True
C000943,James,Johnson,MO,7,37,4797.67,1708.99,2026-08-31 12:49:00,James Johnson,True
C000944,Mason,Wilson,GA,5,27,5424.5199999999995,1925.49,2026-03-15 18:31:00,Mason Wilson,True
C000945,James,Taylor,NC,4,30,4256.87,1767.6599999999999,2025-09-05 17:16:00,James Taylor,True
C000946,Emma,Wilson,NJ,5,38,5057.14,1863.8900000000003,2026-08-09 19:07:00,Emma Wilson,True
C000947,Isabella,Smith,GA,4,28,5363.88,1691.6599999999999,2026-07-22 19:18:00,Isabella Smith,True
C000948,Noah,Miller,PA,2,15,2138.78,689.75,2025-05-02 15:31:00,Noah Miller,True
C000949,Olivia,Garcia,VA,4,28,3981.06,1253.43,2026-02-02 08:39:00,Olivia Garcia,True
C000950,Liam,Thomas,TX,5,36,6114.549999999999,2671.5299999999997,2026-05-12 08:02:00,Liam Thomas,True
C000951,Isabella,Smith,FL,3,12,1294.05,547.3599999999999,2026-08-28 18:10:00,Isabella Smith,True
C000952,James,Johnson,NY,2,11,3194.3599999999997,1321.0699999999997,2025-12-08 15:34:00,James Johnson,True
C000953,Olivia,Thomas,VA,11,69,10607.87,3989.71,2026-07-21 08:53:00,Olivia Thomas,True
C000954,Noah,Davis,VA,1,4,466.80000000000007,203.00000000000006,2026-03-23 17:15:00,Noah Davis,False
C000955,Emma,Wilson,MO,6,29,5126.07,2065.71,2026-01-12 11:20:00,Emma Wilson,True
C000956,Sophia,Garcia,PA,3,19,1424.25,631.87,2026-02-21 16:00:00,Sophia Garcia,True
C000957,Lucas,Brown,CA,3,21,3416.14,1169.12,2026-04-30 22:12:00,Lucas Brown,True
C000958,Ava,Patel,MO,5,22,4088.56,1653.66,2026-08-13 20:06:00,Ava Patel,True
C000959,Isabella,Davis,NY,7,48,7700.85,3280.4700000000003,2026-07-30 20:04:00,Isabella Davis,True
C000960,Noah,Thomas,CA,3,10,1060.88,341.2,2026-08-27 16:55:00,Noah Thomas,True
C000961,Liam,Davis,NJ,5,20,3424.39,1229.06,2025-12-17 14:46:00,Liam Davis,True
C000962,Ava,Smith,IL,2,13,2235.2599999999998,858.5999999999999,2026-05-24 08:29:00,Ava Smith,True
C000963,Emma,Lee,GA,1,1,234.51,119.97999999999999,2026-04-22 12:35:00,Emma Lee,False
C000964,Noah,Smith,PA,6,57,9383.619999999999,3120.1499999999996,2026-06-01 09:47:00,Noah Smith,True
C000965,Isabella,Taylor,TX,5,30,3593.2799999999997,1412.57,2025-11-23 14:18:00,Isabella Taylor,True
C000966,Lucas,Anderson,NC,4,46,6259.83,2306.09,2026-01-04 11:06:00,Lucas Anderson,True
C000967,Noah,Lee,PA,5,29,4320.54,1363.88,2026-05-31 12:51:00,Noah Lee,True
C000968,Sophia,Miller,VA,1,3,560.79,281.81,2025-05-14 08:27:00,Sophia Miller,False
C000969,James,Davis,FL,8,64,11671.69,4596.41,2026-08-11 21:36:00,James Davis,True
C000970,Noah,Johnson,TX,7,48,7803.6,3135.52,2026-06-24 15:51:00,Noah Johnson,True
C000971,Noah,Miller,TX,3,15,2088.37,770.0600000000001,2026-08-24 10:14:00,Noah Miller,True
C000972,Isabella,Davis,NY,2,14,2018.8700000000001,806.4100000000001,2026-05-18 15:36:00,Isabella Davis,True
C000973,Ethan,Anderson,FL,3,22,3430.2000000000003,1253.8900000000003,2026-07-31 10:33:00,Ethan Anderson,True
C000974,James,Johnson,NJ,5,45,6383.18,2467.7200000000003,2026-08-07 15:31:00,James Johnson,True
C000975,Sophia,Davis,VA,3,17,2372.42,665.68,2025-12-27 22:38:00,Sophia Davis,True
C000976,Isabella,Lee,IA,5,32,5527.389999999999,1881.7799999999997,2026-07-05 20:36:00,Isabella Lee,True
C000977,Olivia,Thomas,NJ,3,21,3427.02,975.9500000000002,2025-10-01 14:10:00,Olivia Thomas,True
C000978,Olivia,Wilson,NC,2,11,2595.26,1044.38,2026-07-11 08:36:00,Olivia Wilson,True
C000979,James,Brown,NJ,3,24,5354.13,2327.7599999999998,2026-02-28 10:04:00,James Brown,True
C000980,Isabella,Taylor,NJ,4,19,3257.53,1328.89,2026-03-16 10:15:00,Isabella Taylor,True
C000981,Mason,Patel,CA,2,14,2270.23,972.3599999999999,2026-04-25 18:17:00,Mason Patel,True
C000982,Olivia,Davis,TX,3,9,1578.6399999999999,724.0699999999999,2026-05-09 16:28:00,Olivia Davis,True
C000983,Noah,Davis,TX,3,15,3231.0299999999997,962.5299999999997,2026-05-26 11:57:00,Noah Davis,True
C000984,Emma,Patel,NC,3,17,3172.38,1361.74,2026-01-25 17:36:00,Emma Patel,True
C000985,Sophia,Miller,NJ,4,23,4299.5199999999995,1661.07,2026-02-28 20:54:00,Sophia Miller,True
C000986,Lucas,Anderson,IL,2,15,2806.06,834.78,2026-03-19 10:00:00,Lucas Anderson,True
C000987,Lucas,Lee,IL,6,32,3177.1400000000003,1157.2800000000002,2026-08-11 21:28:00,Lucas Lee,True
C000989,Ava,Wilson,FL,3,19,2993.04,1282.98,2026-03-31 13:44:00,Ava Wilson,True
C000990,Mason,Anderson,VA,7,41,4727.3,1498.9400000000003,2026-08-21 19:58:00,Mason Anderson,True
C000991,Liam,Taylor,CA,4,21,2802.11,1189.7800000000002,2026-01-09 18:02:00,Liam Taylor,True
C000992,Ava,Brown,NC,3,19,2964.17,1139.6599999999999,2026-02-02 14:31:00,Ava Brown,True
C000994,Ethan,Thomas,NJ,6,37,5228.69,1953.47,2026-07-24 11:16:00,Ethan Thomas,True
C000995,Isabella,Brown,VA,1,2,295.94,149.44,2025-11-13 13:41:00,Isabella Brown,False
C000996,Isabella,Garcia,NC,4,27,4098.89,1332.4900000000002,2026-05-14 21:54:00,Isabella Garcia,True
C000997,Ava,Johnson,VA,3,22,2800.11,1213.35,2025-04-04 22:01:00,Ava Johnson,True
C000998,James,Thomas,PA,2,11,1295.1799999999998,619.3299999999999,2026-02-01 09:17:00,James Thomas,True
C001000,Liam,Davis,FL,5,31,5590.39,2056.32,2026-09-02 13:54:00,Liam Davis,True
C001001,Noah,Miller,NC,6,42,5626.63,1955.98,2026-07-26 11:30:00,Noah Miller,True
C001002,Mason,Smith,NJ,2,5,783.76,248.09999999999997,2026-03-23 11:49:00,Mason Smith,True
C001004,Olivia,Thomas,GA,4,29,6329.5,2585.25,2026-06-01 08:23:00,Olivia Thomas,True
C001005,Mason,Davis,FL,6,26,3211.8900000000003,1092.74,2026-04-04 18:18:00,Mason Davis,True
C001006,Mia,Thomas,NY,2,17,3120.67,1100.27,2026-04-17 11:20:00,Mia Thomas,True
C001007,Isabella,Anderson,FL,3,19,3355.26,1248.16,2025-06-08 10:46:00,Isabella Anderson,True
C001008,Sophia,Anderson,FL,2,10,1167.16,347.94000000000005,2026-01-25 17:00:00,Sophia Anderson,True
C001009,Ethan,Garcia,FL,5,33,3591.58,930.8600000000001,2026-08-02 15:49:00,Ethan Garcia,True
C001010,Mia,Miller,TX,3,26,3170.4900000000002,1418.7600000000002,2026-06-04 18:25:00,Mia Miller,True
C001011,Olivia,Lee,PA,3,14,1811.7,723.46,2026-03-01 16:12:00,Olivia Lee,True
C001012,Mason,Thomas,MO,1,3,610.1,132.34000000000003,2025-05-25 14:52:00,Mason Thomas,False
C001013,Isabella,Johnson,NC,7,39,4521.69,1440.2900000000002,2026-08-03 13:34:00,Isabella Johnson,True
C001014,James,Taylor,CA,7,55,6235.2,2380.87,2026-05-28 09:40:00,James Taylor,True
C001015,Ethan,Wilson,VA,4,37,6513.46,2524.2400000000002,2026-07-26 10:25:00,Ethan Wilson,True
C001016,Isabella,Thomas,NY,4,24,3291.81,1048.7,2026-07-04 08:33:00,Isabella Thomas,True
C001017,Olivia,Garcia,PA,2,7,758.3,254.2,2026-08-16 08:46:00,Olivia Garcia,True
C001018,Olivia,Smith,GA,2,10,2310.61,973.3900000000001,2025-06-30 18:10:00,Olivia Smith,True
C001019,Ava,Taylor,TX,2,6,1058.52,522.22,2025-10-22 19:16:00,Ava Taylor,True
C001020,Mia,Garcia,IA,1,3,145.04,27.97999999999999,2025-05-11 09:36:00,Mia Garcia,False
C001021,James,Garcia,GA,6,34,4900.51,2153.78,2026-06-12 18:57:00,James Garcia,True
C001022,Ava,Lee,CA,3,21,3603.25,1563.49,2026-06-27 08:58:00,Ava Lee,True
C001023,Isabella,Thomas,NY,5,33,5929.6,2503.73,2026-08-18 10:46:00,Isabella Thomas,True
C001024,Olivia,Miller,NJ,1,8,988.94,160.17999999999998,2025-05-06 17:52:00,Olivia Miller,False
C001025,Emma,Thomas,PA,3,18,2275.88,729.79,2026-04-18 14:34:00,Emma Thomas,True
C001026,Sophia,Taylor,FL,3,17,1978.3899999999999,668.93,2026-08-20 17:29:00,Sophia Taylor,True
C001027,Ava,Thomas,GA,1,11,1532.08,493.89,2025-03-26 18:49:00,Ava Thomas,False
C001028,Lucas,Brown,NY,4,38,5942.12,2022.28,2026-08-13 10:10:00,Lucas Brown,True
C001029,Olivia,Thomas,NY,2,8,794.27,319.78000000000003,2025-11-03 16:08:00,Olivia Thomas,True
C001030,Liam,Garcia,PA,1,11,1871.33,754.3800000000001,2025-04-05 19:58:00,Liam Garcia,False
C001031,Noah,Johnson,NJ,6,44,5635.74,2292.61,2026-04-12 14:13:00,Noah Johnson,True
C001032,Noah,Miller,CA,1,11,1320.03,630.03,2025-03-02 19:49:00,Noah Miller,False
C001033,Olivia,Garcia,IA,8,52,8693.46,3476.33,2026-04-07 15:46:00,Olivia Garcia,True
C001034,Emma,Patel,NY,5,32,6602.07,3010.28,2026-08-21 14:02:00,Emma Patel,True
C001035,Mia,Patel,PA,2,9,995.0100000000001,309.84000000000015,2026-08-13 19:57:00,Mia Patel,True
C001036,Ava,Taylor,NY,5,25,4827.0,2118.26,2026-07-18 09:56:00,Ava Taylor,True
C001037,Olivia,Lee,NY,3,13,1523.6200000000001,555.49,2025-12-19 21:59:00,Olivia Lee,True
C001038,Ethan,Wilson,PA,4,28,4037.7,1434.29,2026-01-19 14:37:00,Ethan Wilson,True
C001039,Noah,Wilson,CA,1,6,321.85,154.72,2025-09-07 16:01:00,Noah Wilson,False
C001040,Olivia,Miller,CA,7,57,9020.85,3301.29,2026-08-26 19:11:00,Olivia Miller,True
C001041,Liam,Taylor,MO,3,7,441.91999999999996,191.75,2026-07-21 14:00:00,Liam Taylor,True
C001042,Emma,Brown,NC,4,23,3521.06,1036.4799999999998,2026-05-09 10:34:00,Emma Brown,True
C001043,Ava,Smith,NJ,4,22,3841.33,1726.49,2026-08-31 16:28:00,Ava Smith,True
C001044,Isabella,Anderson,MO,2,10,2433.92,956.9,2025-07-11 14:07:00,Isabella Anderson,True
C001045,Ethan,Miller,NJ,4,21,2788.55,940.3299999999999,2026-04-07 08:57:00,Ethan Miller,True
C001046,Olivia,Thomas,IA,2,16,2182.38,927.0100000000001,2026-08-06 18:10:00,Olivia Thomas,True
C001047,Ethan,Wilson,CA,3,7,1819.25,700.1300000000001,2026-08-24 17:50:00,Ethan Wilson,True
C001048,Emma,Taylor,GA,1,5,1153.8600000000001,394.2900000000001,2025-12-26 11:38:00,Emma Taylor,False
C001049,Noah,Smith,CA,5,25,3269.59,960.45,2026-01-15 18:08:00,Noah Smith,True
C001050,Olivia,Patel,CA,4,16,2443.7,1082.47,2026-02-28 20:57:00,Olivia Patel,True
C001051,Isabella,Brown,NJ,3,22,4055.24,1632.08,2026-07-06 09:17:00,Isabella Brown,True
C001052,Liam,Wilson,VA,6,33,6688.51,2553.06,2025-12-21 17:32:00,Liam Wilson,True
C001053,James,Taylor,VA,4,27,5834.78,2340.84,2026-08-10 20:36:00,James Taylor,True
C001054,James,Lee,IL,3,14,1649.66,661.1000000000001,2026-03-08 21:39:00,James Lee,True
C001055,Ava,Johnson,VA,2,9,1148.3,338.8900000000001,2026-03-15 15:11:00,Ava Johnson,True
C001056,Mason,Brown,VA,3,12,1174.33,399.07000000000005,2026-01-18 21:40:00,Mason Brown,True
C001057,Lucas,Taylor,FL,2,12,1504.45,426.95000000000005,2025-09-29 14:08:00,Lucas Taylor,True
C001058,Ava,Miller,NC,5,33,5297.43,2305.37,2026-08-20 11:58:00,Ava Miller,True
C001059,Isabella,Thomas,GA,3,15,2675.63,1007.1999999999999,2026-06-14 10:00:00,Isabella Thomas,True
C001060,Mason,Patel,PA,4,33,4418.5,1486.27,2026-03-19 11:19:00,Mason Patel,True
C001061,Noah,Garcia,CA,3,22,3116.73,1346.73,2026-07-06 11:40:00,Noah Garcia,True
C001062,Emma,Davis,VA,2,9,1105.83,449.3499999999999,2026-05-28 09:50:00,Emma Davis,True
C001063,Ava,Davis,NJ,4,17,2978.88,945.3700000000001,2026-06-17 16:30:00,Ava Davis,True
C001064,Mia,Thomas,MO,5,38,5779.2300000000005,2391.31,2026-01-02 13:01:00,Mia Thomas,True
C001065,Emma,Taylor,CA,2,12,1926.6000000000001,837.35,2026-01-05 17:15:00,Emma Taylor,True
C001066,James,Taylor,NJ,2,15,2477.06,1191.7,2026-04-02 19:50:00,James Taylor,True
C001067,Olivia,Johnson,CA,2,16,2748.12,904.9199999999998,2026-02-28 22:16:00,Olivia Johnson,True
C001068,Mason,Anderson,GA,2,8,1139.51,487.90999999999997,2025-03-10 12:00:00,Mason Anderson,True
C001069,Noah,Garcia,CA,5,34,3522.44,1366.1000000000001,2026-09-05 18:33:00,Noah Garcia,True
C001070,James,Lee,PA,4,15,1691.32,647.6400000000001,2026-06-16 17:03:00,James Lee,True
C001071,Olivia,Johnson,NJ,2,25,3249.55,1346.84,2025-03-28 14:56:00,Olivia Johnson,True
C001072,Mason,Garcia,MO,6,22,3895.5,1379.09,2026-03-15 21:21:00,Mason Garcia,True
C001073,Isabella,Anderson,TX,2,7,1339.79,552.53,2026-04-14 15:41:00,Isabella Anderson,True
C001074,Lucas,Taylor,CA,6,39,6703.34,2782.19,2026-05-20 15:15:00,Lucas Taylor,True
C001075,Noah,Garcia,NJ,5,38,6080.110000000001,2332.94,2026-07-21 12:38:00,Noah Garcia,True
C001076,Mason,Davis,PA,5,26,3519.56,1346.26,2026-04-07 17:44:00,Mason Davis,True
C001077,Isabella,Taylor,TX,5,24,3225.38,1180.45,2026-02-06 15:54:00,Isabella Taylor,True
C001078,Mason,Smith,IA,4,43,5667.2,2366.05,2026-06-20 14:13:00,Mason Smith,True
C001079,Lucas,Lee,IL,6,26,4070.96,1578.14,2026-06-16 17:39:00,Lucas Lee,True
C001080,Mia,Anderson,NY,2,5,469.02,56.91999999999996,2026-09-13 17:08:00,Mia Anderson,True
C001081,Sophia,Johnson,NC,2,23,3579.33,1170.29,2026-05-22 21:38:00,Sophia Johnson,True
C001082,Liam,Thomas,MO,4,31,5207.26,1542.6499999999999,2026-06-25 18:37:00,Liam Thomas,True
C001083,Mia,Taylor,NC,3,11,1550.7,486.11999999999995,2026-07-28 22:39:00,Mia Taylor,True
C001084,Lucas,Davis,IL,4,18,3202.98,1235.6999999999998,2026-09-08 13:20:00,Lucas Davis,True
C001085,Lucas,Wilson,IA,5,25,4063.35,1483.33,2026-07-23 09:43:00,Lucas Wilson,True
C001086,Mason,Smith,NJ,3,24,2569.25,659.4599999999999,2026-07-04 15:52:00,Mason Smith,True
C001087,Olivia,Brown,TX,1,2,365.58,120.17999999999998,2025-09-29 11:11:00,Olivia Brown,False
C001088,Noah,Thomas,NJ,3,28,3472.31,1115.9699999999998,2026-02-16 13:08:00,Noah Thomas,True
C001089,Isabella,Patel,CA,6,39,6322.05,2368.9,2026-09-01 08:46:00,Isabella Patel,True
C001090,Liam,Patel,NY,2,17,1536.12,558.65,2026-01-15 08:07:00,Liam Patel,True
C001091,Lucas,Taylor,CA,4,23,3243.92,1118.14,2026-07-16 21:46:00,Lucas Taylor,True
C001092,Liam,Anderson,FL,3,12,1498.4,617.71,2026-08-29 11:39:00,Liam Anderson,True
C001093,Olivia,Wilson,IL,5,29,4142.04,1527.6100000000001,2026-07-31 13:10:00,Olivia Wilson,True
C001094,Olivia,Patel,NC,4,13,2659.68,1017.3999999999999,2026-03-13 11:55:00,Olivia Patel,True
C001095,Isabella,Johnson,NY,7,30,5648.42,2320.38,2026-06-24 22:11:00,Isabella Johnson,True
C001096,Mia,Anderson,TX,4,33,6347.66,2642.07,2026-01-31 22:23:00,Mia Anderson,True
C001097,Lucas,Lee,PA,3,9,1200.95,387.87999999999994,2025-06-15 09:26:00,Lucas Lee,True
C001098,Liam,Smith,IL,7,34,7481.79,3288.88,2025-08-29 11:17:00,Liam Smith,True
C001099,Ava,Taylor,MO,4,19,2692.23,1116.4099999999999,2026-03-15 13:31:00,Ava Taylor,True
C001100,Sophia,Davis,NC,7,30,5285.4800000000005,2199.1000000000004,2026-08-24 10:16:00,Sophia Davis,True
C001101,Isabella,Lee,GA,3,19,2939.9900000000002,1256.81,2026-04-06 18:01:00,Isabella Lee,True
C001102,Isabella,Garcia,CA,2,12,1258.56,462.49999999999994,2026-09-13 08:21:00,Isabella Garcia,True
C001103,Mason,Johnson,CA,6,35,4722.9,1691.71,2026-04-23 15:35:00,Mason Johnson,True
C001104,Ethan,Anderson,FL,6,45,7240.93,2764.76,2026-06-07 20:28:00,Ethan Anderson,True
C001105,Sophia,Brown,IA,1,11,942.51,280.14,2026-01-30 09:10:00,Sophia Brown,False
C001106,Lucas,Davis,NC,1,8,1686.1599999999999,598.04,2025-03-26 12:17:00,Lucas Davis,False
C001107,Lucas,Johnson,TX,2,7,1395.03,398.46,2026-05-19 22:27:00,Lucas Johnson,True
C001108,Isabella,Garcia,CA,7,28,5016.35,1937.3999999999999,2026-08-12 15:50:00,Isabella Garcia,True
C001109,Mia,Lee,TX,3,18,2919.39,1134.55,2026-03-21 10:08:00,Mia Lee,True
C001110,Sophia,Lee,MO,5,39,5490.61,1987.5799999999997,2026-09-07 08:53:00,Sophia Lee,True
C001111,Lucas,Davis,NJ,4,19,2598.63,824.2,2026-07-01 21:00:00,Lucas Davis,True
C001112,Isabella,Miller,TX,7,47,8013.15,3066.33,2026-04-25 10:52:00,Isabella Miller,True
C001113,Mia,Anderson,GA,6,39,7284.48,3273.88,2026-01-14 09:51:00,Mia Anderson,True
C001114,Olivia,Patel,NJ,3,12,1571.79,545.54,2026-08-24 16:56:00,Olivia Patel,True
C001115,Emma,Johnson,TX,5,28,4298.76,1613.3300000000002,2026-04-30 16:53:00,Emma Johnson,True
C001116,Isabella,Patel,NY,1,4,964.64,273.31999999999994,2026-05-09 21:48:00,Isabella Patel,False
C001117,Lucas,Anderson,MO,1,2,366.06,109.67000000000002,2026-07-21 22:34:00,Lucas Anderson,False
C001118,Mia,Brown,IL,5,44,6598.01,2666.4000000000005,2026-06-22 09:09:00,Mia Brown,True
C001119,Mason,Johnson,TX,3,27,3822.4199999999996,1230.2199999999998,2026-04-15 17:54:00,Mason Johnson,True
C001120,Isabella,Lee,PA,5,27,2791.07,1210.28,2026-06-15 09:10:00,Isabella Lee,True
C001121,Noah,Brown,NY,8,54,6626.34,2559.4700000000003,2026-08-14 22:27:00,Noah Brown,True
C001122,Noah,Patel,TX,4,12,1369.49,434.56,2026-08-10 21:35:00,Noah Patel,True
C001123,Isabella,Miller,CA,1,2,271.44,117.12,2025-09-21 15:22:00,Isabella Miller,False
C001124,Mia,Davis,VA,4,35,5945.07,2134.15,2026-07-24 12:25:00,Mia Davis,True
C001125,Olivia,Smith,CA,4,21,4395.22,1720.8600000000001,2026-03-21 13:21:00,Olivia Smith,True
C001126,Mia,Anderson,NJ,3,18,3458.87,1417.63,2026-06-27 08:48:00,Mia Anderson,True
C001127,Isabella,Miller,NJ,3,15,1558.4,642.6500000000001,2026-05-30 08:43:00,Isabella Miller,True
C001128,James,Wilson,GA,3,15,2120.29,649.9399999999999,2026-01-06 14:23:00,James Wilson,True
C001129,Sophia,Lee,IL,5,35,4799.77,1834.1100000000001,2026-02-22 14:19:00,Sophia Lee,True
C001130,Emma,Davis,TX,6,42,7624.94,3024.87,2026-07-30 19:46:00,Emma Davis,True
C001131,Emma,Anderson,VA,4,31,4092.2999999999997,1802.34,2026-09-02 21:15:00,Emma Anderson,True
C001132,Ava,Thomas,MO,5,44,7192.929999999999,2989.13,2026-06-05 11:31:00,Ava Thomas,True
C001133,Noah,Wilson,CA,4,22,3493.46,1453.71,2026-08-02 15:27:00,Noah Wilson,True
C001134,Liam,Thomas,NJ,4,25,2812.42,871.74,2026-08-28 18:37:00,Liam Thomas,True
C001135,Noah,Johnson,NC,2,18,3898.18,1457.9899999999998,2026-03-18 22:32:00,Noah Johnson,True
C001136,Emma,Garcia,NY,3,11,2181.0499999999997,656.81,2026-03-15 21:51:00,Emma Garcia,True
C001137,Mason,Garcia,NC,1,3,584.79,84.02999999999997,2026-06-13 09:54:00,Mason Garcia,False
C001138,Sophia,Wilson,MO,3,19,3319.6,1122.3000000000002,2025-07-16 21:03:00,Sophia Wilson,True
C001139,Olivia,Wilson,NC,2,6,1524.77,602.5899999999999,2026-07-23 20:00:00,Olivia Wilson,True
C001140,Mason,Lee,IA,4,32,4058.48,1638.08,2026-05-09 14:10:00,Mason Lee,True
C001141,Isabella,Smith,TX,4,21,2466.9900000000002,1014.9200000000001,2026-04-21 10:27:00,Isabella Smith,True
C001142,Mia,Smith,PA,5,37,6240.08,2220.91,2026-04-30 09:14:00,Mia Smith,True
C001143,Ethan,Wilson,FL,2,16,2777.8900000000003,1001.3500000000001,2026-09-07 13:06:00,Ethan Wilson,True
C001144,Isabella,Patel,FL,4,26,4502.61,1875.86,2026-05-12 15:35:00,Isabella Patel,True
C001145,Lucas,Anderson,TX,7,39,5607.15,2206.44,2026-08-10 19:30:00,Lucas Anderson,True
C001146,Emma,Brown,VA,5,30,5630.67,2615.5600000000004,2026-01-02 11:04:00,Emma Brown,True
C001147,Ava,Thomas,NY,6,54,7331.18,2511.58,2026-07-07 09:43:00,Ava Thomas,True
C001148,Isabella,Wilson,NY,4,44,5868.48,1876.8600000000001,2026-04-08 10:27:00,Isabella Wilson,True
C001149,Ava,Johnson,NY,7,43,7657.53,3065.67,2026-06-18 09:23:00,Ava Johnson,True
C001150,Liam,Taylor,GA,4,27,4053.67,1602.5,2025-11-12 19:53:00,Liam Taylor,True
C001151,Mason,Wilson,GA,4,23,3610.2,1379.0299999999997,2026-08-29 15:52:00,Mason Wilson,True
C001152,Isabella,Patel,TX,3,17,2476.29,943.78,2026-03-11 18:30:00,Isabella Patel,True
C001153,Ava,Johnson,NJ,7,45,8414.369999999999,2998.2799999999997,2026-07-03 11:36:00,Ava Johnson,True
C001154,Ethan,Taylor,FL,2,5,1324.49,485.46,2026-02-01 22:02:00,Ethan Taylor,True
C001155,Liam,Wilson,NY,7,49,7072.16,2865.99,2026-07-10 16:22:00,Liam Wilson,True
C001156,Noah,Smith,PA,3,21,3743.8,1360.61,2026-09-07 15:40:00,Noah Smith,True
C001157,Mason,Lee,CA,7,44,6503.93,2251.02,2026-06-24 10:34:00,Mason Lee,True
C001159,Mason,Patel,FL,6,42,6378.18,2688.7000000000003,2026-06-02 09:50:00,Mason Patel,True
C001160,Olivia,Smith,FL,4,32,5616.87,2518.37,2025-11-19 22:46:00,Olivia Smith,True
C001161,Ethan,Smith,IA,6,41,6129.49,2583.58,2026-06-01 20:45:00,Ethan Smith,True
C001162,Mason,Garcia,CA,6,27,3677.92,1313.83,2026-08-05 15:16:00,Mason Garcia,True
C001163,Lucas,Brown,NY,2,11,1177.96,329.64999999999986,2026-03-29 16:53:00,Lucas Brown,True
C001164,Isabella,Davis,IL,1,6,1110.5300000000002,385.9100000000001,2025-08-10 20:30:00,Isabella Davis,False
C001165,Emma,Smith,VA,5,33,6039.87,2530.69,2025-12-05 18:41:00,Emma Smith,True
C001166,Isabella,Thomas,MO,2,5,795.6199999999999,353.27,2026-08-01 19:20:00,Isabella Thomas,True
C001167,Sophia,Lee,NC,4,22,2967.4900000000002,1328.01,2026-05-16 11:39:00,Sophia Lee,True
C001168,Liam,Garcia,IA,4,24,4048.06,1779.53,2026-02-10 09:17:00,Liam Garcia,True
C001169,James,Lee,NJ,4,14,2429.8599999999997,877.7499999999999,2026-06-27 13:11:00,James Lee,True
C001170,Lucas,Lee,TX,2,3,671.64,325.16999999999996,2026-02-27 21:44:00,Lucas Lee,True
C001171,Emma,Johnson,NY,6,44,7504.22,3124.88,2026-06-18 13:33:00,Emma Johnson,True
C001172,Liam,Brown,PA,1,11,2069.11,536.1999999999999,2025-05-23 22:23:00,Liam Brown,False
C001173,Liam,Brown,IA,6,33,4975.8099999999995,1620.1,2026-07-14 10:43:00,Liam Brown,True
C001174,Mason,Lee,MO,3,13,2608.2599999999998,1063.1799999999998,2026-08-04 22:48:00,Mason Lee,True
C001175,Noah,Smith,VA,4,22,3543.15,1480.2,2026-05-18 20:40:00,Noah Smith,True
C001176,Olivia,Patel,GA,7,37,4628.46,1852.5900000000001,2026-08-21 15:46:00,Olivia Patel,True
C001177,Ethan,Davis,NY,3,19,2350.42,828.5,2026-08-24 21:07:00,Ethan Davis,True
C001178,Olivia,Garcia,TX,3,12,1950.29,748.3900000000001,2025-11-12 19:25:00,Olivia Garcia,True
C001179,Mia,Patel,NY,5,29,4283.88,1547.1,2026-07-08 20:04:00,Mia Patel,True
C001180,Ava,Wilson,CA,6,49,6274.91,2456.52,2026-07-06 11:41:00,Ava Wilson,True
C001181,Mia,Davis,NJ,3,14,2956.02,1118.0700000000002,2026-06-07 11:51:00,Mia Davis,True
C001182,Lucas,Lee,CA,2,7,1303.04,572.09,2026-08-28 12:35:00,Lucas Lee,True
C001183,Liam,Miller,NJ,2,11,1078.95,370.4,2026-06-30 08:05:00,Liam Miller,True
C001184,Mason,Garcia,NC,5,33,4012.19,1586.2500000000002,2026-09-03 08:32:00,Mason Garcia,True
C001185,Liam,Garcia,IA,2,4,555.5600000000001,213.57000000000005,2025-07-08 12:03:00,Liam Garcia,True
C001186,Ethan,Johnson,NC,4,22,3240.63,1043.0499999999997,2026-07-09 14:23:00,Ethan Johnson,True
C001187,Sophia,Thomas,MO,4,17,4273.57,2065.7400000000002,2026-07-27 19:56:00,Sophia Thomas,True
C001188,Emma,Davis,FL,5,23,4284.08,1713.0900000000001,2026-09-01 09:42:00,Emma Davis,True
C001189,Mason,Taylor,TX,7,51,8598.69,3451.6,2026-07-20 16:50:00,Mason Taylor,True
C001190,James,Garcia,VA,4,21,1833.76,666.34,2026-07-01 22:34:00,James Garcia,True
C001191,Sophia,Brown,FL,7,43,7654.52,3263.4300000000003,2026-07-07 10:33:00,Sophia Brown,True
C001192,Mia,Davis,PA,3,19,3197.74,1260.96,2026-06-23 18:03:00,Mia Davis,True
C001193,Lucas,Johnson,FL,3,11,1488.1,646.22,2026-08-24 20:08:00,Lucas Johnson,True
C001194,Emma,Garcia,IL,2,17,1744.46,706.3599999999999,2025-06-04 13:43:00,Emma Garcia,True
C001195,James,Johnson,VA,1,8,1674.24,552.8800000000001,2026-04-20 22:54:00,James Johnson,False
C001196,Lucas,Taylor,IA,6,36,5914.68,2165.23,2026-07-24 20:26:00,Lucas Taylor,True
C001197,Ethan,Garcia,PA,3,14,2470.0,1062.9900000000002,2026-03-18 17:26:00,Ethan Garcia,True
C001198,Olivia,Garcia,CA,4,20,2225.13,780.9100000000001,2025-12-20 13:23:00,Olivia Garcia,True
C001199,Noah,Lee,FL,5,30,5893.84,2204.34,2026-01-31 21:56:00,Noah Lee,True
C001200,Isabella,Taylor,NY,6,28,3681.39,1092.8300000000002,2026-04-24 11:24:00,Isabella Taylor,True
C001201,Ethan,Lee,IA,1,8,1222.3000000000002,370.37,2026-06-27 10:52:00,Ethan Lee,False
C001202,Lucas,Smith,PA,5,38,5259.37,1771.2700000000002,2026-08-18 17:22:00,Lucas Smith,True
C001203,Lucas,Taylor,IA,6,44,6172.62,2158.59,2026-09-05 09:12:00,Lucas Taylor,True
C001204,Isabella,Lee,TX,3,9,2136.28,864.4300000000001,2025-05-22 11:21:00,Isabella Lee,True
C001206,Ethan,Brown,TX,3,24,2515.49,924.6099999999999,2026-07-30 13:14:00,Ethan Brown,True
C001207,Emma,Thomas,NJ,6,39,7232.38,2764.17,2026-09-05 10:08:00,Emma Thomas,True
C001208,Sophia,Garcia,NJ,2,23,3477.7,1165.35,2026-01-20 22:41:00,Sophia Garcia,True
C001209,James,Anderson,NC,2,7,842.55,392.93999999999994,2025-07-10 16:33:00,James Anderson,True
C001210,Mia,Patel,TX,2,6,1256.1100000000001,390.47,2026-02-14 12:18:00,Mia Patel,True
C001211,Isabella,Garcia,MO,7,37,4828.78,1621.75,2025-12-26 10:14:00,Isabella Garcia,True
C001212,Sophia,Smith,TX,4,32,5221.39,1932.5699999999997,2026-07-19 17:25:00,Sophia Smith,True
C001213,Olivia,Patel,IL,3,17,2115.58,883.77,2025-06-25 14:34:00,Olivia Patel,True
C001214,Olivia,Smith,FL,2,7,1565.03,617.51,2025-03-24 11:41:00,Olivia Smith,True
C001215,Mia,Smith,NY,8,48,8674.89,3189.91,2026-08-15 17:02:00,Mia Smith,True
C001216,Liam,Thomas,MO,1,10,1515.4,502.26000000000005,2026-04-13 22:25:00,Liam Thomas,False
C001217,Mia,Johnson,NJ,4,33,5739.61,2214.31,2026-03-17 22:26:00,Mia Johnson,True
C001218,Isabella,Lee,GA,1,8,1156.84,455.20000000000005,2026-02-02 22:48:00,Isabella Lee,False
C001219,Lucas,Wilson,IL,7,49,6747.67,2597.62,2026-09-11 08:48:00,Lucas Wilson,True
C001220,Mia,Thomas,IL,5,28,3566.23,1259.51,2026-08-05 12:18:00,Mia Thomas,True
C001221,Lucas,Taylor,NY,3,12,2685.39,992.2399999999999,2025-06-03 12:29:00,Lucas Taylor,True
C001222,Isabella,Wilson,NJ,3,18,2700.15,963.14,2026-07-28 17:42:00,Isabella Wilson,True
C001223,Olivia,Brown,IL,3,15,1878.3200000000002,698.3700000000001,2026-07-07 19:31:00,Olivia Brown,True
C001224,Ethan,Miller,IA,7,36,3860.35,1414.8300000000002,2026-02-27 09:16:00,Ethan Miller,True
C001225,Ava,Patel,IA,3,27,2424.14,899.38,2026-06-04 08:34:00,Ava Patel,True
C001226,Lucas,Wilson,IA,1,4,611.0600000000001,269.4200000000001,2025-06-14 15:06:00,Lucas Wilson,False
C001227,Lucas,Garcia,IL,2,11,860.7499999999999,333.4099999999999,2025-06-21 10:38:00,Lucas Garcia,True
C001228,Emma,Anderson,FL,2,15,3619.85,1626.32,2026-01-30 10:52:00,Emma Anderson,True
C001229,Olivia,Lee,GA,2,10,1431.56,502.85,2025-09-10 13:15:00,Olivia Lee,True
C001230,Sophia,Miller,CA,7,59,9209.13,3405.37,2026-01-05 17:54:00,Sophia Miller,True
C001231,James,Taylor,PA,2,13,2602.0299999999997,776.2299999999999,2026-03-05 21:25:00,James Taylor,True
C001232,Liam,Garcia,FL,4,26,3496.76,1379.89,2025-10-19 14:43:00,Liam Garcia,True
C001233,Liam,Wilson,NJ,6,20,2708.32,1051.98,2026-09-05 17:47:00,Liam Wilson,True
C001234,James,Wilson,NJ,2,10,2317.69,1021.37,2026-07-31 18:44:00,James Wilson,True
C001235,Noah,Johnson,MO,7,56,9118.72,3695.87,2026-08-31 20:24:00,Noah Johnson,True
C001236,Isabella,Davis,VA,5,39,5786.66,2454.7400000000002,2026-08-28 20:31:00,Isabella Davis,True
C001237,Mason,Davis,PA,5,39,7470.12,3042.5099999999998,2026-07-20 14:56:00,Mason Davis,True
C001238,Mia,Patel,GA,5,32,3333.34,1379.8000000000002,2026-02-06 17:24:00,Mia Patel,True
C001239,Emma,Garcia,VA,2,16,2965.42,1269.39,2026-08-06 19:59:00,Emma Garcia,True
C001240,James,Patel,IL,3,12,894.2800000000001,384.36000000000007,2026-07-06 09:35:00,James Patel,True
C001241,Ava,Davis,TX,5,30,4921.71,1357.15,2026-08-13 21:52:00,Ava Davis,True
C001242,Emma,Davis,FL,5,56,7308.95,2980.6600000000003,2026-04-19 18:21:00,Emma Davis,True
C001243,Ava,Lee,PA,6,36,4993.31,1875.7400000000002,2026-02-16 13:55:00,Ava Lee,True
C001244,Ava,Garcia,TX,7,45,6402.2699999999995,2231.9,2026-08-05 14:16:00,Ava Garcia,True
C001245,Lucas,Johnson,CA,4,10,1707.88,635.0500000000002,2025-11-03 13:25:00,Lucas Johnson,True
C001246,Sophia,Patel,IA,2,16,2540.42,875.4199999999998,2026-08-04 18:46:00,Sophia Patel,True
C001247,Liam,Miller,PA,2,8,1364.81,648.91,2026-08-16 11:56:00,Liam Miller,True
C001248,Ava,Brown,PA,5,25,3735.63,1378.92,2026-07-10 08:42:00,Ava Brown,True
C001249,Olivia,Taylor,VA,3,24,4087.58,1286.1200000000001,2026-01-05 10:09:00,Olivia Taylor,True
C001250,Isabella,Garcia,FL,1,4,138.84,56.140000000000015,2026-04-15 08:42:00,Isabella Garcia,False
C001251,James,Patel,NJ,1,11,842.4100000000001,336.57000000000005,2026-08-28 21:59:00,James Patel,False
C001252,Isabella,Garcia,IL,4,22,3007.8999999999996,1142.86,2025-10-14 10:51:00,Isabella Garcia,True
C001253,Isabella,Brown,GA,1,1,212.12,70.59,2026-06-23 16:40:00,Isabella Brown,False
C001254,Sophia,Lee,NJ,2,6,775.61,310.72,2026-04-28 11:54:00,Sophia Lee,True
C001255,Mason,Smith,IA,2,15,2130.23,792.0600000000001,2025-11-03 21:43:00,Mason Smith,True
C001256,Ava,Patel,MO,3,18,2277.77,1012.2099999999999,2026-07-15 20:08:00,Ava Patel,True
C001257,Mia,Lee,NY,3,30,3934.86,1078.38,2026-05-28 10:21:00,Mia Lee,True
C001258,Lucas,Smith,TX,5,42,5634.83,2283.82,2026-05-07 16:56:00,Lucas Smith,True
C001259,Ava,Patel,NJ,6,45,7142.639999999999,2464.7200000000003,2026-08-10 15:53:00,Ava Patel,True
C001260,James,Wilson,TX,5,17,2584.58,1186.4900000000002,2026-04-15 19:28:00,James Wilson,True
C001261,Liam,Lee,IL,4,20,2833.24,918.66,2026-06-18 22:51:00,Liam Lee,True
C001262,James,Brown,IL,6,40,7002.2699999999995,3026.0499999999997,2026-05-03 19:10:00,James Brown,True
C001263,Ethan,Thomas,FL,5,33,5523.74,2238.88,2026-01-06 21:19:00,Ethan Thomas,True
C001264,Lucas,Thomas,GA,5,39,5990.83,2608.9700000000003,2026-09-06 17:09:00,Lucas Thomas,True
C001265,Olivia,Thomas,IA,1,2,316.53,93.92999999999998,2025-05-16 16:00:00,Olivia Thomas,False
C001266,Mia,Wilson,NY,3,15,1349.9,462.28999999999996,2026-02-23 09:57:00,Mia Wilson,True
C001267,Lucas,Garcia,PA,6,42,6112.03,2350.45,2026-06-09 22:08:00,Lucas Garcia,True
C001268,Mia,Davis,CA,7,46,8175.27,3304.55,2026-06-22 13:38:00,Mia Davis,True
C001269,Olivia,Lee,IA,2,11,1930.9499999999998,665.2799999999997,2026-05-10 18:33:00,Olivia Lee,True
C001270,Olivia,Miller,NJ,2,9,478.58000000000004,185.36,2026-05-09 08:19:00,Olivia Miller,True
C001271,Ethan,Anderson,NY,3,18,2092.4900000000002,623.0500000000001,2025-09-25 19:46:00,Ethan Anderson,True
C001272,Noah,Taylor,PA,5,28,3901.06,1438.43,2026-09-03 09:14:00,Noah Taylor,True
C001273,Isabella,Davis,CA,3,23,3372.2799999999997,1571.34,2026-04-14 22:54:00,Isabella Davis,True
C001274,Ethan,Miller,IA,2,10,1634.98,520.23,2026-06-22 14:11:00,Ethan Miller,True
C001275,Olivia,Taylor,VA,4,29,5039.04,2124.89,2026-05-06 09:39:00,Olivia Taylor,True
C001276,Mia,Patel,TX,2,16,2235.8900000000003,850.6500000000001,2026-03-26 12:38:00,Mia Patel,True
C001277,Liam,Smith,IL,2,9,1868.1,729.1899999999999,2026-04-13 10:55:00,Liam Smith,True
C001278,Sophia,Taylor,NJ,3,17,2088.8,679.05,2026-08-20 13:09:00,Sophia Taylor,True
C001279,James,Anderson,NY,1,6,1013.8,182.79999999999993,2026-06-22 22:39:00,James Anderson,False
C001280,Liam,Anderson,NC,5,37,4002.0200000000004,1420.64,2026-07-28 15:33:00,Liam Anderson,True
C001281,Isabella,Davis,MO,4,23,3783.28,1501.0800000000002,2026-08-30 12:38:00,Isabella Davis,True
C001282,Ava,Lee,NJ,1,2,521.09,262.25000000000006,2026-03-25 18:35:00,Ava Lee,False
C001283,James,Patel,NC,5,18,3823.79,1533.7900000000002,2026-07-17 18:00:00,James Patel,True
C001284,James,Smith,GA,4,33,4580.97,1837.71,2026-06-30 10:09:00,James Smith,True
C001285,Olivia,Smith,MO,1,6,854.73,304.51,2025-04-27 19:55:00,Olivia Smith,False
C001286,Olivia,Miller,MO,5,48,7982.96,3187.09,2026-04-15 15:24:00,Olivia Miller,True
C001287,Isabella,Brown,CA,1,1,69.18,27.03000000000001,2026-01-03 19:06:00,Isabella Brown,False
C001288,Olivia,Miller,PA,2,11,2265.44,1085.33,2025-09-17 20:22:00,Olivia Miller,True
C001289,Mason,Lee,NJ,4,23,3505.23,1300.2,2026-05-10 22:32:00,Mason Lee,True
C001290,Sophia,Smith,NJ,2,17,3141.95,1123.11,2025-08-20 08:31:00,Sophia Smith,True
C001292,Olivia,Anderson,TX,4,33,5029.92,2067.68,2026-08-25 14:13:00,Olivia Anderson,True
C001293,Olivia,Lee,NC,6,40,5380.94,1970.1999999999998,2026-08-27 20:40:00,Olivia Lee,True
C001294,Sophia,Thomas,NJ,3,27,6017.299999999999,2721.2899999999995,2026-07-14 22:30:00,Sophia Thomas,True
C001295,Mason,Wilson,MO,1,4,279.43,81.88000000000001,2025-05-04 11:36:00,Mason Wilson,False
C001296,James,Garcia,CA,8,54,9160.47,3372.24,2026-07-23 22:09:00,James Garcia,True
C001297,Sophia,Patel,IL,6,23,4939.67,1721.4099999999999,2026-08-08 16:35:00,Sophia Patel,True
C001298,Ava,Wilson,NY,3,14,2377.1099999999997,753.29,2026-06-26 18:20:00,Ava Wilson,True
C001299,Emma,Brown,GA,2,14,2457.48,900.81,2026-01-28 10:10:00,Emma Brown,True
C001300,Ava,Thomas,NC,4,29,5236.57,1624.23,2026-04-15 22:03:00,Ava Thomas,True
C001301,Olivia,Anderson,CA,3,13,1025.52,302.08,2026-07-19 17:24:00,Olivia Anderson,True
C001302,Lucas,Lee,GA,6,52,8589.52,2938.98,2026-07-13 17:09:00,Lucas Lee,True
C001303,Ethan,Anderson,IA,2,13,1350.82,445.9699999999999,2026-09-08 22:15:00,Ethan Anderson,True
C001304,Emma,Smith,IA,4,30,3264.09,1331.3500000000001,2026-06-23 18:19:00,Emma Smith,True
C001305,James,Smith,MO,3,15,1432.13,496.94,2026-05-28 22:06:00,James Smith,True
C001306,Mia,Davis,IL,2,9,528.69,246.96000000000004,2026-06-26 10:38:00,Mia Davis,True
C001307,Emma,Patel,NJ,7,44,6752.47,2674.0499999999997,2026-09-09 09:55:00,Emma Patel,True
C001308,Ethan,Lee,GA,4,37,6037.15,2202.78,2026-03-06 12:03:00,Ethan Lee,True
C001309,Liam,Thomas,VA,4,32,4964.5,1829.19,2026-06-15 14:17:00,Liam Thomas,True
C001310,Sophia,Patel,NJ,8,41,6530.65,2478.75,2026-07-25 08:35:00,Sophia Patel,True
C001311,Ethan,Wilson,GA,1,10,1608.92,468.6600000000001,2025-08-22 14:52:00,Ethan Wilson,False
C001312,James,Brown,CA,3,28,4397.89,1829.27,2026-05-06 08:49:00,James Brown,True
C001313,James,Miller,NJ,5,30,5224.6900000000005,1688.0300000000002,2026-05-22 21:10:00,James Miller,True
C001314,Mason,Wilson,NY,5,23,3309.38,1234.5500000000002,2026-06-16 17:49:00,Mason Wilson,True
C001315,Emma,Miller,FL,6,32,3164.45,1103.72,2026-07-30 15:12:00,Emma Miller,True
C001316,Noah,Davis,NC,5,30,6353.469999999999,2591.41,2026-07-05 11:06:00,Noah Davis,True
C001317,Emma,Smith,FL,1,4,745.3799999999999,239.42999999999992,2025-03-31 20:22:00,Emma Smith,False
C001318,James,Johnson,FL,4,37,5587.49,2260.49,2026-05-14 18:25:00,James Johnson,True
C001319,Liam,Davis,CA,1,2,257.5,101.99,2026-05-06 17:26:00,Liam Davis,False
C001320,Liam,Wilson,NY,3,10,1787.1499999999999,729.73,2026-05-23 16:23:00,Liam Wilson,True
C001321,Emma,Miller,VA,3,19,3150.2799999999997,1037.4099999999999,2026-03-18 13:41:00,Emma Miller,True
C001322,Noah,Smith,NY,2,6,566.17,157.47999999999996,2025-12-21 10:37:00,Noah Smith,True
C001323,Ethan,Brown,NC,4,30,5432.29,2558.7200000000003,2025-12-05 09:46:00,Ethan Brown,True
C001324,Isabella,Patel,NY,4,24,3946.34,1704.3999999999999,2026-05-25 15:12:00,Isabella Patel,True
C001325,Mason,Davis,NC,2,11,2198.6200000000003,860.3000000000001,2026-06-25 09:43:00,Mason Davis,True
C001326,Liam,Brown,GA,6,54,7356.139999999999,2521.0299999999997,2026-07-11 17:59:00,Liam Brown,True
C001327,Noah,Smith,PA,3,21,2891.83,1186.2400000000002,2026-04-09 20:05:00,Noah Smith,True
C001328,Mia,Garcia,NY,3,10,1250.99,456.69000000000005,2026-06-04 13:03:00,Mia Garcia,True
C001329,Noah,Garcia,PA,2,9,1471.31,526.56,2026-06-19 17:07:00,Noah Garcia,True
C001330,Ethan,Brown,GA,8,42,6454.860000000001,2567.4100000000003,2026-05-26 22:05:00,Ethan Brown,True
C001331,Olivia,Garcia,CA,4,27,4654.23,1688.51,2026-02-24 15:30:00,Olivia Garcia,True
C001332,Mia,Thomas,PA,8,57,9460.3,3744.4700000000003,2026-02-01 14:24:00,Mia Thomas,True
C001333,Isabella,Wilson,NY,2,18,2816.0699999999997,1214.5099999999998,2026-01-21 10:11:00,Isabella Wilson,True
C001335,Mason,Garcia,PA,2,10,1245.77,135.27000000000004,2025-11-08 08:58:00,Mason Garcia,True
C001336,Ava,Smith,NJ,4,28,5604.5,2426.07,2026-02-05 09:19:00,Ava Smith,True
C001337,Isabella,Taylor,IA,4,12,2555.46,905.6299999999999,2026-04-15 09:56:00,Isabella Taylor,True
C001338,Ava,Garcia,VA,3,14,1965.18,604.0500000000001,2026-06-19 13:33:00,Ava Garcia,True
C001339,Olivia,Thomas,FL,3,28,4129.28,1437.54,2026-04-03 20:41:00,Olivia Thomas,True
C001340,Mason,Wilson,IL,1,4,643.6800000000001,329.53999999999996,2026-04-22 19:49:00,Mason Wilson,False
C001341,Olivia,Davis,MO,3,17,2772.51,1178.6000000000001,2026-07-07 21:58:00,Olivia Davis,True
C001342,Olivia,Garcia,MO,2,12,2366.4,1016.25,2025-11-23 16:36:00,Olivia Garcia,True
C001343,James,Johnson,FL,3,28,5167.08,2073.13,2026-05-04 11:37:00,James Johnson,True
C001344,Ethan,Lee,NJ,6,40,5966.9400000000005,1870.4500000000003,2026-06-14 21:56:00,Ethan Lee,True
C001345,Emma,Patel,CA,7,52,7318.29,2719.8999999999996,2026-06-04 11:50:00,Emma Patel,True
C001346,Ava,Wilson,FL,2,19,3090.23,1339.63,2026-08-20 16:54:00,Ava Wilson,True
C001347,Ethan,Miller,TX,2,7,726.07,299.86000000000007,2026-02-27 09:42:00,Ethan Miller,True
C001348,Sophia,Wilson,PA,2,9,914.0999999999999,299.3699999999999,2025-10-31 13:48:00,Sophia Wilson,True
C001349,Mason,Johnson,MO,4,19,2022.01,726.8499999999999,2026-08-21 08:04:00,Mason Johnson,True
C001350,Ethan,Davis,NY,4,20,2208.8199999999997,917.55,2026-08-24 18:34:00,Ethan Davis,True
C001351,Mia,Anderson,NJ,2,13,1127.08,389.78,2026-01-22 10:22:00,Mia Anderson,True
C001352,Emma,Thomas,TX,1,6,1121.65,474.5900000000001,2025-04-27 17:57:00,Emma Thomas,False
C001353,Isabella,Anderson,TX,5,31,3800.73,1253.8600000000001,2026-03-01 17:39:00,Isabella Anderson,True
C001354,Olivia,Wilson,VA,1,9,1755.08,633.6800000000001,2025-08-26 22:29:00,Olivia Wilson,False
C001355,Mia,Thomas,NC,4,21,3422.1899999999996,1429.83,2026-01-26 13:11:00,Mia Thomas,True
C001356,Sophia,Miller,NC,5,19,4188.47,1571.8700000000001,2026-06-28 09:22:00,Sophia Miller,True
C001357,Isabella,Thomas,PA,4,25,3563.9700000000003,1485.6200000000001,2026-04-22 09:07:00,Isabella Thomas,True
C001358,Noah,Johnson,MO,1,9,1151.56,494.58,2025-08-06 15:56:00,Noah Johnson,False
C001359,Mason,Garcia,NY,2,15,3137.44,996.22,2026-08-19 09:56:00,Mason Garcia,True
C001360,Liam,Taylor,MO,3,18,2306.58,882.1800000000001,2026-06-04 22:58:00,Liam Taylor,True
C001361,James,Davis,VA,5,33,4515.52,1955.75,2026-07-22 13:49:00,James Davis,True
C001362,Lucas,Thomas,NY,1,1,150.8,73.64000000000001,2026-04-11 11:51:00,Lucas Thomas,False
C001363,Lucas,Davis,FL,3,29,3954.68,1385.81,2026-04-13 10:46:00,Lucas Davis,True
C001364,Liam,Patel,MO,3,15,2167.3900000000003,843.7200000000001,2026-07-30 14:05:00,Liam Patel,True
C001365,Emma,Miller,GA,1,12,1350.1200000000001,587.45,2025-07-05 09:11:00,Emma Miller,False
C001366,Liam,Brown,NJ,5,28,2042.23,898.31,2026-09-02 13:34:00,Liam Brown,True
C001367,Mason,Davis,IL,6,46,6969.57,2391.48,2026-03-26 19:27:00,Mason Davis,True
C001368,Liam,Miller,IL,5,23,3043.73,917.4100000000001,2026-06-28 15:59:00,Liam Miller,True
C001369,Mason,Thomas,GA,5,38,5154.12,1852.82,2026-08-24 11:29:00,Mason Thomas,True
C001371,Lucas,Davis,VA,7,48,8512.97,3440.95,2026-09-08 20:32:00,Lucas Davis,True
C001372,Olivia,Wilson,MO,4,36,6771.16,2309.28,2026-09-09 13:16:00,Olivia Wilson,True
C001373,Olivia,Miller,GA,8,47,8307.61,2980.49,2026-07-11 21:29:00,Olivia Miller,True
C001374,Lucas,Miller,IA,5,27,4063.44,1588.58,2026-08-20 08:56:00,Lucas Miller,True
C001375,Lucas,Johnson,IA,4,21,3440.84,1318.44,2026-04-02 09:19:00,Lucas Johnson,True
C001376,Ava,Thomas,NY,4,15,2300.95,813.8,2026-01-03 13:51:00,Ava Thomas,True
C001378,James,Wilson,NY,2,15,2284.1099999999997,842.6099999999999,2025-06-12 08:34:00,James Wilson,True
C001379,Ethan,Davis,FL,2,10,1495.7599999999998,524.7899999999998,2026-02-13 08:34:00,Ethan Davis,True
C001380,Mason,Thomas,IL,4,23,2045.4,796.9600000000002,2026-09-12 14:32:00,Mason Thomas,True
C001381,Emma,Lee,VA,2,18,3659.71,1563.7900000000002,2026-05-17 16:43:00,Emma Lee,True
C001382,Noah,Smith,PA,1,9,1494.28,532.76,2025-12-16 16:25:00,Noah Smith,False
C001383,Isabella,Lee,IL,4,9,1302.2,455.93000000000006,2026-08-24 08:28:00,Isabella Lee,True
C001384,Sophia,Thomas,PA,2,10,1695.92,592.03,2026-05-11 17:24:00,Sophia Thomas,True
C001385,Sophia,Patel,CA,6,35,5897.88,2233.1,2026-05-12 15:24:00,Sophia Patel,True
C001386,Isabella,Johnson,NY,7,41,7710.400000000001,3201.6600000000003,2026-08-14 20:07:00,Isabella Johnson,True
C001387,Mia,Thomas,TX,1,11,1389.33,321.17999999999984,2026-04-23 19:37:00,Mia Thomas,False
C001388,Emma,Thomas,IA,6,49,7207.1900000000005,2763.32,2026-07-26 15:27:00,Emma Thomas,True
C001389,Mia,Smith,NJ,3,13,2050.51,857.35,2025-11-30 17:27:00,Mia Smith,True
C001390,Mason,Garcia,GA,4,26,4295.97,1815.38,2025-12-25 08:14:00,Mason Garcia,True
C001391,Lucas,Wilson,IL,2,15,2393.29,775.74,2026-08-16 15:58:00,Lucas Wilson,True
C001392,Liam,Brown,IL,3,25,2281.48,900.62,2026-03-19 17:31:00,Liam Brown,True
C001393,Lucas,Smith,FL,1,7,881.46,244.51,2026-04-05 14:17:00,Lucas Smith,False
C001394,Emma,Anderson,CA,6,41,6366.99,2433.46,2026-09-06 09:19:00,Emma Anderson,True
C001395,Mia,Patel,TX,2,10,1166.13,496.51,2026-06-10 09:20:00,Mia Patel,True
C001396,Ava,Taylor,TX,4,20,4303.59,1966.8999999999999,2026-08-03 08:41:00,Ava Taylor,True
C001397,Ava,Smith,VA,3,14,2759.3,1000.7900000000001,2026-07-27 09:50:00,Ava Smith,True
C001398,Isabella,Garcia,TX,4,15,2125.77,713.0899999999999,2026-08-20 18:02:00,Isabella Garcia,True
C001399,Mason,Lee,PA,7,38,5261.54,1889.44,2026-08-05 22:21:00,Mason Lee,True
C001400,Ethan,Lee,IA,4,19,4026.87,1720.1100000000001,2026-06-09 16:48:00,Ethan Lee,True
C001401,Sophia,Wilson,VA,1,7,1467.2199999999998,627.0899999999999,2025-01-09 10:16:00,Sophia Wilson,False
C001402,Mia,Smith,IL,5,25,5244.38,1898.73,2026-08-11 08:20:00,Mia Smith,True
C001404,Mason,Patel,MO,1,2,615.11,313.61,2025-09-09 21:47:00,Mason Patel,False
C001405,Isabella,Wilson,PA,2,20,2514.71,934.35,2025-08-27 13:09:00,Isabella Wilson,True
C001406,James,Anderson,PA,4,26,3459.44,1217.78,2026-08-08 16:50:00,James Anderson,True
C001407,Ethan,Garcia,NY,4,20,3342.75,1232.5700000000002,2026-07-31 10:23:00,Ethan Garcia,True
C001408,Mason,Davis,NY,4,16,2279.75,793.2400000000001,2026-08-20 13:50:00,Mason Davis,True
C001409,Mason,Brown,TX,5,22,2791.71,996.64,2026-08-18 17:05:00,Mason Brown,True
C001410,Noah,Patel,GA,5,22,3739.87,1360.1100000000001,2026-09-04 14:07:00,Noah Patel,True
C001411,James,Brown,VA,2,11,1850.43,895.6,2026-04-09 12:25:00,James Brown,True
C001412,Ethan,Lee,GA,1,2,151.13000000000002,51.23000000000002,2026-04-04 13:22:00,Ethan Lee,False
C001413,Liam,Thomas,NJ,4,34,5647.66,2196.2299999999996,2025-09-07 19:25:00,Liam Thomas,True
C001414,Emma,Garcia,VA,1,4,833.88,243.36,2025-10-22 08:30:00,Emma Garcia,False
C001415,Noah,Taylor,GA,3,14,2956.46,1071.28,2026-02-10 12:18:00,Noah Taylor,True
C001416,James,Anderson,FL,5,40,7293.29,3081.4300000000003,2026-07-24 15:45:00,James Anderson,True
C001417,Liam,Lee,TX,4,13,1048.18,464.66,2026-06-29 09:01:00,Liam Lee,True
C001418,Lucas,Patel,IL,6,34,5170.72,1853.97,2026-09-08 12:01:00,Lucas Patel,True
C001419,Isabella,Davis,TX,3,25,3640.04,1204.88,2026-02-22 10:57:00,Isabella Davis,True
C001420,James,Patel,FL,5,26,3545.2299999999996,1447.81,2026-07-18 14:17:00,James Patel,True
C001421,Isabella,Lee,PA,3,24,3263.09,1140.1,2026-06-02 14:20:00,Isabella Lee,True
C001422,Isabella,Lee,NY,5,33,6137.68,2537.29,2026-03-12 18:30:00,Isabella Lee,True
C001423,Emma,Patel,TX,6,24,2612.06,909.9,2026-07-10 09:22:00,Emma Patel,True
C001424,Olivia,Johnson,NJ,5,24,3131.08,1260.25,2026-06-30 22:45:00,Olivia Johnson,True
C001425,Noah,Garcia,NY,5,35,5559.78,1917.8899999999999,2025-11-10 15:33:00,Noah Garcia,True
C001426,Emma,Miller,GA,2,11,1126.45,419.6,2025-08-23 12:30:00,Emma Miller,True
C001427,Ethan,Davis,MO,2,21,3690.68,1470.39,2026-01-18 08:35:00,Ethan Davis,True
C001428,Emma,Johnson,CA,1,12,2072.09,655.86,2026-01-27 18:09:00,Emma Johnson,False
C001429,Liam,Smith,GA,1,8,890.78,343.74,2026-04-18 16:54:00,Liam Smith,False
C001431,Lucas,Thomas,NC,6,30,4271.93,1551.49,2026-07-19 18:02:00,Lucas Thomas,True
C001432,Mia,Smith,NC,4,23,4240.0599999999995,1538.88,2026-08-12 14:52:00,Mia Smith,True
C001433,Ava,Davis,PA,5,36,7024.71,3157.5200000000004,2026-08-23 19:38:00,Ava Davis,True
C001434,Noah,Patel,CA,1,7,1240.71,558.3600000000001,2025-10-18 08:34:00,Noah Patel,False
C001435,Mason,Smith,NJ,5,21,2857.7400000000002,989.9500000000002,2026-04-12 17:06:00,Mason Smith,True
C001436,Noah,Wilson,GA,1,7,1379.24,664.3700000000001,2025-09-08 11:14:00,Noah Wilson,False
C001437,Emma,Taylor,NY,2,10,2331.62,986.6700000000001,2026-01-24 11:37:00,Emma Taylor,True
C001438,Liam,Garcia,MO,4,32,5673.65,2282.2200000000003,2026-05-20 14:47:00,Liam Garcia,True
C001439,Lucas,Taylor,NC,1,5,1027.91,377.4500000000001,2026-07-28 11:24:00,Lucas Taylor,False
C001440,Mia,Garcia,TX,3,24,4031.3700000000003,1590.8300000000002,2026-09-09 20:49:00,Mia Garcia,True
C001441,Olivia,Wilson,NY,2,21,2084.6,728.1300000000001,2026-08-12 20:24:00,Olivia Wilson,True
C001442,Ethan,Wilson,CA,5,25,3960.1,1497.41,2026-06-27 20:38:00,Ethan Wilson,True
C001443,James,Garcia,TX,5,29,2747.75,1025.5,2026-09-11 18:33:00,James Garcia,True
C001444,Emma,Anderson,VA,2,6,1156.23,542.8499999999999,2025-06-22 15:32:00,Emma Anderson,True
C001445,Ava,Johnson,IL,2,9,1789.52,747.06,2026-04-05 18:34:00,Ava Johnson,True
C001446,Ava,Smith,NJ,3,9,1397.5800000000002,519.0900000000001,2026-07-07 22:00:00,Ava Smith,True
C001447,Sophia,Miller,VA,2,16,2080.82,758.8399999999999,2025-12-23 11:12:00,Sophia Miller,True
C001448,Mason,Taylor,NY,5,31,3526.79,1269.55,2025-12-02 13:36:00,Mason Taylor,True
C001449,Emma,Lee,NC,5,37,6510.35,2379.42,2026-09-09 10:18:00,Emma Lee,True
C001450,Olivia,Smith,NJ,7,37,6565.07,2612.5200000000004,2026-09-09 22:13:00,Olivia Smith,True
C001451,Noah,Thomas,TX,1,8,1106.3600000000001,526.24,2025-11-24 15:18:00,Noah Thomas,False
C001452,Emma,Taylor,IL,5,24,2950.42,957.8500000000001,2026-08-10 15:37:00,Emma Taylor,True
C001453,Liam,Johnson,MO,5,41,7975.64,3415.0,2026-09-12 21:10:00,Liam Johnson,True
C001454,Mia,Thomas,FL,5,30,4006.1699999999996,1583.3,2026-08-14 18:48:00,Mia Thomas,True
C001455,Lucas,Davis,NC,2,12,1527.97,532.5300000000001,2025-09-07 22:45:00,Lucas Davis,True
C001457,Emma,Lee,TX,5,28,3998.37,1474.1100000000001,2026-01-15 17:03:00,Emma Lee,True
C001458,Sophia,Thomas,VA,3,25,4027.9,1461.5300000000002,2026-03-15 15:11:00,Sophia Thomas,True
C001459,Isabella,Smith,CA,3,13,1504.44,458.86000000000007,2026-06-24 09:06:00,Isabella Smith,True
C001460,Sophia,Anderson,IL,4,28,3349.1,1159.78,2026-05-23 21:02:00,Sophia Anderson,True
C001461,Liam,Wilson,NY,2,19,1763.77,660.73,2026-07-29 20:24:00,Liam Wilson,True
C001462,Noah,Lee,FL,4,26,3911.31,1595.3899999999999,2026-07-29 18:59:00,Noah Lee,True
C001463,Mason,Miller,PA,3,21,5023.28,2167.05,2026-06-17 18:46:00,Mason Miller,True
C001464,Olivia,Thomas,NC,4,14,2121.85,718.7099999999999,2026-08-13 11:59:00,Olivia Thomas,True
C001465,Isabella,Smith,NJ,3,10,1489.72,629.89,2026-08-27 21:43:00,Isabella Smith,True
C001466,Mason,Davis,NY,2,26,3041.58,1018.33,2026-05-15 10:49:00,Mason Davis,True
C001467,Lucas,Johnson,VA,3,20,2953.04,1079.1299999999999,2025-07-28 22:36:00,Lucas Johnson,True
C001469,Isabella,Taylor,IL,2,17,1114.8700000000001,487.64,2026-01-04 14:39:00,Isabella Taylor,True
C001470,Mia,Anderson,MO,3,20,3946.08,1771.6200000000003,2025-10-01 08:32:00,Mia Anderson,True
C001471,Isabella,Johnson,TX,7,40,7244.62,2925.9500000000003,2026-07-31 10:57:00,Isabella Johnson,True
C001472,Sophia,Anderson,IA,5,38,6150.75,2166.21,2025-09-04 13:45:00,Sophia Anderson,True
C001473,Isabella,Lee,MO,5,31,4655.04,1626.2800000000002,2026-06-18 21:02:00,Isabella Lee,True
C001474,Emma,Miller,NJ,5,25,3734.3,1776.77,2026-07-17 09:22:00,Emma Miller,True
C001475,Ava,Anderson,NY,3,17,3164.5,1332.98,2026-07-13 18:19:00,Ava Anderson,True
C001476,Emma,Patel,TX,6,31,4543.26,1703.75,2026-04-11 15:57:00,Emma Patel,True
C001477,Ava,Thomas,GA,4,26,4298.0,1782.92,2026-03-16 09:07:00,Ava Thomas,True
C001478,Ava,Brown,IA,4,25,3184.25,1053.96,2026-07-31 13:03:00,Ava Brown,True
C001479,Sophia,Taylor,NY,4,25,3842.95,1569.8,2026-02-01 11:11:00,Sophia Taylor,True
C001480,Sophia,Miller,FL,3,22,2747.88,949.4199999999998,2026-05-24 15:24:00,Sophia Miller,True
C001481,Isabella,Johnson,MO,3,24,3673.5499999999997,1341.52,2026-02-15 09:41:00,Isabella Johnson,True
C001482,Olivia,Miller,MO,2,12,1276.97,419.1,2026-07-10 09:36:00,Olivia Miller,True
C001483,Mia,Garcia,FL,3,19,2515.62,958.9700000000001,2026-06-25 17:55:00,Mia Garcia,True
C001484,Noah,Taylor,GA,2,10,2271.0099999999998,948.7099999999999,2025-12-28 18:31:00,Noah Taylor,True
C001485,Lucas,Taylor,PA,3,15,1702.03,618.2700000000001,2026-05-31 18:21:00,Lucas Taylor,True
C001486,Mia,Taylor,VA,4,25,4059.77,1289.3200000000002,2026-03-27 19:48:00,Mia Taylor,True
C001487,James,Anderson,IL,4,29,5145.04,1988.71,2026-01-20 11:15:00,James Anderson,True
C001488,Lucas,Wilson,TX,2,16,2267.41,728.3000000000002,2026-01-03 16:52:00,Lucas Wilson,True
C001489,Sophia,Lee,IL,3,24,3499.62,1224.31,2025-05-19 09:01:00,Sophia Lee,True
C001490,Mason,Patel,FL,3,28,4548.97,1619.9300000000003,2026-07-31 15:43:00,Mason Patel,True
C001491,Liam,Thomas,PA,5,32,5155.740000000001,1924.1400000000003,2025-11-20 20:40:00,Liam Thomas,True
C001492,Mason,Lee,CA,1,8,1244.5099999999998,390.4299999999999,2026-02-23 21:18:00,Mason Lee,False
C001493,Lucas,Thomas,NY,2,11,1408.15,524.85,2025-11-28 11:02:00,Lucas Thomas,True
C001494,Lucas,Thomas,NY,5,24,3529.66,1484.55,2026-06-16 09:51:00,Lucas Thomas,True
C001495,James,Wilson,PA,3,16,2400.27,956.4800000000001,2026-06-22 13:02:00,James Wilson,True
C001496,Noah,Wilson,CA,3,18,3492.13,1336.2,2026-08-29 20:39:00,Noah Wilson,True
C001497,Isabella,Thomas,IL,3,17,3253.56,1442.82,2026-07-09 13:23:00,Isabella Thomas,True
C001498,Olivia,Anderson,NJ,1,3,296.15,102.66999999999999,2026-02-20 13:51:00,Olivia Anderson,False
C001499,Ethan,Wilson,GA,2,13,1475.23,600.23,2026-01-22 21:15:00,Ethan Wilson,True
C001500,Olivia,Davis,IL,2,6,619.9499999999999,175.84999999999997,2026-05-31 18:52:00,Olivia Davis,True
C001502,Mason,Thomas,PA,1,7,1569.0600000000002,741.4700000000001,2025-07-26 22:16:00,Mason Thomas,False
C001503,Emma,Patel,NY,4,26,3238.05,1268.1299999999999,2026-07-22 13:24:00,Emma Patel,True
C001504,Mason,Patel,TX,6,45,6186.8099999999995,2494.3999999999996,2026-08-11 18:36:00,Mason Patel,True
C001505,Mason,Patel,PA,9,36,4720.75,1578.75,2026-08-29 10:07:00,Mason Patel,True
C001506,Mia,Wilson,VA,4,21,2278.83,648.0600000000001,2025-06-12 22:18:00,Mia Wilson,True
C001507,Emma,Johnson,IA,3,15,1943.12,886.17,2026-06-13 15:36:00,Emma Johnson,True
C001508,Ava,Thomas,IA,2,11,2000.15,736.5800000000002,2026-06-19 19:42:00,Ava Thomas,True
C001509,Mason,Thomas,TX,2,4,442.53,161.3,2026-08-02 20:35:00,Mason Thomas,True
C001510,Ethan,Johnson,IL,2,6,294.53000000000003,129.93,2026-03-04 21:50:00,Ethan Johnson,True
C001511,Liam,Davis,PA,4,33,6292.92,2557.7799999999997,2026-08-31 10:33:00,Liam Davis,True
C001512,Ava,Lee,CA,6,36,5325.9800000000005,2149.4,2026-06-28 11:27:00,Ava Lee,True
C001513,Mia,Davis,NY,2,12,2126.39,845.1700000000001,2026-07-09 11:58:00,Mia Davis,True
C001514,Liam,Taylor,FL,3,18,2717.75,907.0,2026-09-04 16:26:00,Liam Taylor,True
C001516,Emma,Smith,NJ,8,32,4704.89,1685.42,2026-08-12 17:46:00,Emma Smith,True
C001517,Sophia,Davis,IL,8,52,8623.369999999999,3362.75,2026-05-28 17:57:00,Sophia Davis,True
C001518,Olivia,Brown,PA,6,42,7404.53,2915.89,2026-06-18 22:22:00,Olivia Brown,True
C001519,Sophia,Davis,PA,2,8,545.49,218.16000000000003,2026-03-27 16:01:00,Sophia Davis,True
C001520,Sophia,Patel,CA,1,7,1246.95,494.94,2025-03-23 21:46:00,Sophia Patel,False
C001521,Sophia,Taylor,IL,1,7,1341.49,591.16,2025-08-10 22:29:00,Sophia Taylor,False
C001522,Ava,Smith,NJ,6,32,6567.09,2763.7599999999998,2026-03-19 16:54:00,Ava Smith,True
C001523,Mason,Taylor,FL,4,32,2817.4300000000003,943.8300000000002,2026-05-28 21:59:00,Mason Taylor,True
C001524,Emma,Smith,IA,3,24,3771.83,1440.1100000000001,2026-04-09 11:30:00,Emma Smith,True
C001525,Sophia,Davis,NY,3,13,1420.77,587.3399999999999,2026-03-25 22:33:00,Sophia Davis,True
C001526,Mason,Brown,NJ,6,32,5598.6900000000005,2161.54,2026-05-30 17:01:00,Mason Brown,True
C001527,Mia,Lee,PA,5,16,2062.3199999999997,803.6599999999999,2026-07-22 21:38:00,Mia Lee,True
C001528,Noah,Patel,GA,2,10,1735.73,588.4400000000002,2025-04-21 14:29:00,Noah Patel,True
C001529,Noah,Taylor,CA,5,27,2257.63,847.9700000000001,2026-06-24 10:29:00,Noah Taylor,True
C001530,James,Garcia,MO,1,5,669.22,214.69,2025-10-14 22:08:00,James Garcia,False
C001531,Ava,Anderson,GA,1,6,1463.76,550.74,2025-10-12 19:38:00,Ava Anderson,False
C001532,Isabella,Brown,NY,2,11,1805.2099999999998,686.39,2025-11-07 22:08:00,Isabella Brown,True
C001533,Noah,Anderson,VA,5,30,4959.09,1686.48,2026-03-07 09:07:00,Noah Anderson,True
C001534,Isabella,Anderson,NJ,4,39,5077.77,1650.4400000000003,2026-09-02 17:12:00,Isabella Anderson,True
C001535,Mia,Garcia,PA,7,70,10138.51,4200.33,2026-06-10 19:29:00,Mia Garcia,True
C001536,Noah,Taylor,NJ,1,6,1396.63,499.41,2025-09-29 21:50:00,Noah Taylor,False
C001537,James,Taylor,FL,6,42,4656.44,1715.8500000000001,2026-08-15 09:57:00,James Taylor,True
C001538,Noah,Garcia,TX,4,37,5893.4400000000005,2572.81,2026-04-25 10:20:00,Noah Garcia,True
C001539,Ethan,Patel,FL,4,33,5579.1,2427.31,2026-08-28 22:56:00,Ethan Patel,True
C001540,Mia,Davis,IA,3,15,2849.37,1310.91,2026-05-30 20:35:00,Mia Davis,True
C001541,Mason,Miller,MO,4,25,4698.3,1733.22,2026-06-01 19:05:00,Mason Miller,True
C001542,Noah,Johnson,IL,2,22,4036.43,1520.3600000000001,2025-08-28 16:00:00,Noah Johnson,True
C001543,Isabella,Smith,NY,3,19,3608.49,1514.29,2025-06-26 22:26:00,Isabella Smith,True
C001544,Noah,Patel,IA,7,56,10195.65,4029.15,2026-05-09 19:07:00,Noah Patel,True
C001545,James,Garcia,NY,2,11,2031.1699999999998,757.4099999999999,2026-03-16 21:14:00,James Garcia,True
C001546,Mia,Taylor,IL,5,33,4425.15,1523.7600000000002,2026-08-01 14:35:00,Mia Taylor,True
C001547,Sophia,Garcia,NJ,2,9,1329.45,382.3399999999999,2026-04-04 19:11:00,Sophia Garcia,True
C001548,Sophia,Anderson,NC,6,38,6090.51,2389.23,2026-09-09 20:20:00,Sophia Anderson,True
C001549,Lucas,Davis,PA,2,10,1392.28,690.8199999999999,2025-09-07 08:29:00,Lucas Davis,True
C001550,Noah,Wilson,PA,1,10,1685.8199999999997,687.7799999999999,2025-05-15 12:06:00,Noah Wilson,False
C001551,James,Davis,FL,3,16,2159.5299999999997,1034.8799999999999,2026-06-15 19:40:00,James Davis,True
C001552,Ethan,Lee,CA,4,14,3147.83,1362.77,2026-03-07 08:59:00,Ethan Lee,True
C001553,Isabella,Taylor,GA,6,54,9359.960000000001,3701.2000000000003,2025-12-08 21:11:00,Isabella Taylor,True
C001554,Ethan,Smith,CA,5,31,2909.3,957.59,2026-08-01 10:50:00,Ethan Smith,True
C001555,Isabella,Brown,IA,1,7,1395.0300000000002,454.7700000000001,2025-09-28 15:44:00,Isabella Brown,False
C001556,Sophia,Taylor,GA,6,37,6170.49,2547.57,2026-06-02 20:10:00,Sophia Taylor,True
C001557,Sophia,Smith,PA,2,10,1718.49,607.94,2026-08-17 16:16:00,Sophia Smith,True
C001558,Isabella,Davis,VA,2,10,2122.7999999999997,995.3399999999999,2026-08-06 19:54:00,Isabella Davis,True
C001559,Liam,Patel,GA,5,30,6044.68,2419.43,2026-09-12 21:41:00,Liam Patel,True
C001560,Noah,Wilson,FL,3,13,1687.4300000000003,623.1300000000002,2026-05-10 08:06:00,Noah Wilson,True
C001562,Ethan,Thomas,GA,2,8,285.74,56.17999999999999,2026-09-04 10:13:00,Ethan Thomas,True
C001563,Liam,Taylor,VA,3,19,3472.6,1374.4099999999999,2026-05-24 09:32:00,Liam Taylor,True
C001564,Mia,Thomas,CA,6,36,6554.25,2745.82,2026-07-09 10:36:00,Mia Thomas,True
C001565,James,Johnson,GA,2,11,1000.6800000000001,410.95000000000005,2025-04-26 21:08:00,James Johnson,True
C001566,Lucas,Anderson,GA,5,39,6114.21,2445.51,2025-11-04 18:26:00,Lucas Anderson,True
C001567,Isabella,Johnson,PA,6,42,6355.59,2378.03,2026-09-13 22:47:00,Isabella Johnson,True
C001568,Ava,Garcia,NJ,2,12,1098.05,333.0199999999999,2025-10-05 15:46:00,Ava Garcia,True
C001569,Mia,Anderson,NY,2,8,781.02,242.09,2026-03-31 19:08:00,Mia Anderson,True
C001570,Noah,Davis,VA,2,21,3347.95,1194.77,2026-04-05 13:05:00,Noah Davis,True
C001571,Sophia,Lee,MO,1,1,208.01,48.25,2025-05-01 09:48:00,Sophia Lee,False
C001572,Isabella,Anderson,VA,3,12,1617.36,628.25,2026-07-19 18:42:00,Isabella Anderson,True
C001573,Ava,Anderson,MO,3,28,4328.76,1689.4299999999998,2025-12-02 11:11:00,Ava Anderson,True
C001574,Noah,Garcia,VA,4,28,4274.12,1920.1499999999999,2026-07-03 14:40:00,Noah Garcia,True
C001575,Mia,Thomas,FL,4,35,4901.29,1928.6900000000003,2026-04-04 12:50:00,Mia Thomas,True
C001576,Lucas,Brown,TX,3,21,3219.99,1283.62,2026-05-23 12:37:00,Lucas Brown,True
C001577,Isabella,Anderson,VA,4,22,3412.56,1354.14,2026-04-27 17:21:00,Isabella Anderson,True
C001578,Ava,Davis,TX,3,23,3782.11,1465.99,2026-07-05 12:17:00,Ava Davis,True
C001579,Mia,Smith,GA,4,24,2504.46,799.2700000000001,2026-01-25 14:58:00,Mia Smith,True
C001580,Lucas,Thomas,PA,2,15,2943.99,1148.5800000000002,2026-09-06 22:58:00,Lucas Thomas,True
C001581,Isabella,Garcia,TX,4,23,3678.94,1049.24,2026-02-03 18:30:00,Isabella Garcia,True
C001582,Mia,Anderson,MO,3,20,2350.53,930.8,2026-09-07 15:04:00,Mia Anderson,True
C001583,James,Davis,TX,6,42,7350.13,3019.95,2026-05-22 09:12:00,James Davis,True
C001584,Ethan,Miller,IA,2,9,1017.28,465.02000000000004,2026-07-08 22:06:00,Ethan Miller,True
C001585,Liam,Smith,MO,2,15,1635.39,648.8700000000001,2025-12-16 11:57:00,Liam Smith,True
C001586,Olivia,Wilson,NC,3,24,3674.6,1261.51,2026-06-27 18:26:00,Olivia Wilson,True
C001587,Isabella,Brown,NJ,5,36,4102.11,1362.26,2026-07-07 08:33:00,Isabella Brown,True
C001588,Noah,Johnson,MO,4,30,4159.39,1797.7199999999998,2026-03-23 11:14:00,Noah Johnson,True
C001589,Mia,Taylor,TX,3,19,2446.34,1018.7199999999999,2026-03-28 10:27:00,Mia Taylor,True
C001590,Ethan,Garcia,NJ,6,38,6113.72,2173.1700000000005,2026-09-06 16:18:00,Ethan Garcia,True
C001591,Ethan,Anderson,IA,7,38,4824.83,1829.6000000000001,2026-04-22 17:18:00,Ethan Anderson,True
C001592,James,Patel,VA,5,30,5238.88,1957.34,2026-08-02 22:33:00,James Patel,True
C001593,Lucas,Wilson,GA,4,23,4240.63,1798.28,2026-09-01 08:47:00,Lucas Wilson,True
C001594,James,Davis,MO,3,12,1794.78,761.72,2025-10-11 21:38:00,James Davis,True
C001595,James,Taylor,MO,6,35,6639.18,2778.33,2026-02-13 09:17:00,James Taylor,True
C001596,Ethan,Brown,VA,3,22,4573.88,1552.08,2026-03-29 20:15:00,Ethan Brown,True
C001597,Sophia,Brown,PA,2,11,1932.58,670.39,2026-03-09 16:07:00,Sophia Brown,True
C001598,Lucas,Anderson,VA,3,14,1695.59,645.1199999999999,2025-11-08 19:51:00,Lucas Anderson,True
C001599,Mia,Brown,FL,1,7,1516.3899999999999,622.65,2026-01-21 19:32:00,Mia Brown,False
C001600,Ethan,Johnson,FL,3,21,3094.98,1331.8200000000002,2025-07-09 21:56:00,Ethan Johnson,True
C001601,Isabella,Lee,MO,4,24,4957.17,2028.22,2026-09-09 19:26:00,Isabella Lee,True
C001602,Mia,Patel,NC,2,12,2326.11,1104.0800000000002,2026-02-22 17:13:00,Mia Patel,True
C001603,Noah,Davis,TX,5,40,5110.2,1934.4299999999998,2026-05-23 10:06:00,Noah Davis,True
C001604,Ethan,Brown,TX,3,12,1122.98,362.42999999999995,2025-07-03 08:52:00,Ethan Brown,True
C001605,Isabella,Anderson,TX,5,34,4588.96,1948.5800000000002,2026-06-09 13:19:00,Isabella Anderson,True
C001606,Liam,Smith,CA,4,20,2463.17,1011.5499999999998,2026-06-26 20:10:00,Liam Smith,True
C001607,Lucas,Brown,CA,5,36,5003.25,1826.31,2026-02-11 13:39:00,Lucas Brown,True
C001608,Emma,Patel,IL,4,20,2767.07,850.9300000000001,2026-08-08 19:54:00,Emma Patel,True
C001610,Mason,Johnson,MO,3,7,1397.1399999999999,556.19,2026-07-26 19:00:00,Mason Johnson,True
C001611,Ava,Davis,GA,4,33,4616.54,1922.0800000000002,2026-07-05 22:51:00,Ava Davis,True
C001612,Sophia,Davis,CA,4,37,4389.71,1399.0799999999997,2026-08-21 14:56:00,Sophia Davis,True
C001613,Liam,Smith,IL,2,5,632.6999999999999,145.28999999999994,2026-07-05 12:12:00,Liam Smith,True
C001614,Sophia,Brown,PA,2,6,1269.48,547.0200000000001,2025-10-10 08:27:00,Sophia Brown,True
C001615,Liam,Taylor,IA,5,40,6083.43,2401.05,2026-03-31 15:56:00,Liam Taylor,True
C001616,Isabella,Garcia,IL,5,27,3879.1,1526.44,2026-08-10 13:45:00,Isabella Garcia,True
C001617,Mason,Thomas,IL,2,6,691.79,259.11,2026-07-26 20:12:00,Mason Thomas,True
C001618,Mia,Thomas,IL,4,25,3113.02,1298.34,2026-01-19 10:05:00,Mia Thomas,True
C001619,Isabella,Davis,NC,4,27,4022.24,1451.77,2026-03-24 09:28:00,Isabella Davis,True
C001620,Noah,Miller,NJ,2,9,1295.1399999999999,424.53999999999996,2026-04-02 12:53:00,Noah Miller,True
C001621,Emma,Miller,GA,2,11,1768.5,792.3499999999999,2026-03-01 12:58:00,Emma Miller,True
C001622,Olivia,Anderson,NY,3,14,1898.77,564.5699999999999,2026-07-27 22:00:00,Olivia Anderson,True
C001623,Noah,Anderson,NJ,4,26,3513.5299999999997,1437.51,2026-05-04 14:03:00,Noah Anderson,True
C001625,Sophia,Lee,VA,2,7,1293.85,589.47,2026-01-27 21:32:00,Sophia Lee,True
C001626,Ethan,Lee,GA,2,10,725.4000000000001,261.55000000000007,2026-03-17 21:12:00,Ethan Lee,True
C001627,James,Smith,CA,8,41,6988.21,2389.12,2026-07-15 18:29:00,James Smith,True
C001628,Liam,Wilson,NC,1,12,1459.58,585.9199999999998,2025-01-23 15:28:00,Liam Wilson,False
C001629,James,Anderson,IL,3,26,4227.27,1567.75,2026-04-21 18:18:00,James Anderson,True
C001630,Liam,Lee,PA,1,3,239.26,113.87,2026-04-22 21:30:00,Liam Lee,False
C001632,Ethan,Lee,VA,2,11,1086.3899999999999,329.9,2026-09-01 18:18:00,Ethan Lee,True
C001633,Olivia,Smith,CA,1,10,1664.21,506.45000000000005,2025-12-11 13:21:00,Olivia Smith,False
C001634,Isabella,Wilson,CA,3,20,2529.84,998.26,2026-08-14 20:37:00,Isabella Wilson,True
C001635,Ethan,Taylor,NY,1,10,908.3000000000001,370.0300000000001,2025-01-15 11:16:00,Ethan Taylor,False
C001636,Noah,Smith,IL,6,40,6682.74,2419.79,2026-08-12 16:46:00,Noah Smith,True
C001637,Noah,Smith,IA,1,1,220.08999999999997,106.56999999999998,2026-06-19 18:22:00,Noah Smith,False
C001638,James,Johnson,VA,3,18,3031.4799999999996,1096.98,2026-07-27 10:18:00,James Johnson,True
C001639,Olivia,Taylor,MO,3,24,3534.52,1433.78,2026-08-10 17:23:00,Olivia Taylor,True
C001640,Isabella,Wilson,FL,1,7,1145.13,318.7,2025-03-06 14:03:00,Isabella Wilson,False
C001641,Sophia,Davis,NC,5,29,5551.67,2037.1800000000005,2025-09-24 22:23:00,Sophia Davis,True
C001642,Noah,Patel,MO,2,11,1659.64,601.9100000000001,2025-09-22 14:48:00,Noah Patel,True
C001643,Isabella,Lee,CA,2,14,2088.44,854.61,2026-08-26 19:41:00,Isabella Lee,True
C001644,Isabella,Taylor,NC,3,20,3516.84,1194.02,2025-08-29 13:50:00,Isabella Taylor,True
C001645,Isabella,Thomas,NY,5,33,6582.17,2340.1,2026-06-11 09:02:00,Isabella Thomas,True
C001646,Mason,Johnson,IA,4,14,1211.6299999999999,476.51,2026-03-02 13:06:00,Mason Johnson,True
C001647,Liam,Davis,IA,5,26,4130.13,1473.84,2026-04-05 17:09:00,Liam Davis,True
C001648,Mia,Lee,GA,4,20,3653.92,1361.8,2026-07-18 20:50:00,Mia Lee,True
C001649,Mason,Johnson,TX,5,35,5634.9,2044.9800000000002,2026-05-14 10:21:00,Mason Johnson,True
C001650,James,Thomas,TX,6,51,7762.66,3335.54,2025-09-10 08:17:00,James Thomas,True
C001651,Noah,Patel,MO,3,11,2536.06,1280.71,2026-03-06 14:21:00,Noah Patel,True
C001652,Lucas,Garcia,TX,3,18,3217.57,1141.3300000000002,2026-03-16 09:30:00,Lucas Garcia,True
C001653,Olivia,Thomas,MO,5,31,4543.2300000000005,1638.3899999999999,2026-08-22 20:44:00,Olivia Thomas,True
C001654,Ethan,Johnson,NC,4,17,3202.98,1415.2,2026-03-21 17:13:00,Ethan Johnson,True
C001655,Mia,Wilson,CA,4,17,2212.96,741.3899999999999,2026-04-08 09:04:00,Mia Wilson,True
C001656,Sophia,Davis,GA,3,20,2867.2799999999997,1052.94,2026-02-05 19:33:00,Sophia Davis,True
C001657,Mia,Patel,NC,4,30,4784.46,1961.9,2025-10-06 14:38:00,Mia Patel,True
C001658,Emma,Davis,PA,2,13,1506.3,277.45,2025-07-20 21:05:00,Emma Davis,True
C001659,Isabella,Johnson,NY,2,15,4013.09,1528.0900000000001,2026-06-12 13:13:00,Isabella Johnson,True
C001660,Noah,Thomas,PA,5,30,3122.38,1147.8999999999999,2026-06-07 15:14:00,Noah Thomas,True
C001661,Isabella,Wilson,TX,3,28,4212.26,1318.28,2026-04-07 16:55:00,Isabella Wilson,True
C001662,Sophia,Anderson,GA,3,23,3261.12,1268.33,2026-08-22 18:39:00,Sophia Anderson,True
C001663,Noah,Lee,NC,4,29,4592.5,1657.6699999999998,2026-09-13 16:24:00,Noah Lee,True
C001664,Liam,Anderson,NJ,3,17,2176.73,802.2099999999999,2026-02-13 13:29:00,Liam Anderson,True
C001665,Liam,Patel,IA,2,22,3146.37,1438.6699999999998,2026-03-13 20:00:00,Liam Patel,True
C001666,Isabella,Taylor,IL,3,20,3534.79,1247.6000000000001,2026-07-02 13:01:00,Isabella Taylor,True
C001667,Liam,Davis,FL,3,6,494.27,222.67000000000002,2026-04-18 16:40:00,Liam Davis,True
C001668,Olivia,Patel,NY,2,9,1581.2,451.11000000000007,2026-07-20 08:07:00,Olivia Patel,True
C001669,James,Miller,TX,3,13,2559.9300000000003,1123.8200000000002,2026-05-18 16:42:00,James Miller,True
C001670,Ava,Garcia,NC,3,11,1066.54,350.21999999999997,2026-06-30 18:12:00,Ava Garcia,True
C001671,Lucas,Wilson,IA,2,6,1375.07,543.3,2026-07-04 19:32:00,Lucas Wilson,True
C001672,Lucas,Thomas,PA,2,12,2790.29,1265.6299999999999,2025-11-04 16:00:00,Lucas Thomas,True
C001673,Emma,Johnson,IL,6,23,4645.09,1953.98,2026-08-31 10:42:00,Emma Johnson,True
C001674,Mia,Anderson,FL,2,22,2304.43,668.4399999999999,2025-06-20 19:17:00,Mia Anderson,True
C001675,Emma,Davis,MO,6,28,4124.04,1485.8999999999999,2026-04-12 09:03:00,Emma Davis,True
C001676,Sophia,Smith,NY,5,29,2953.64,1049.69,2026-04-04 19:00:00,Sophia Smith,True
C001677,Emma,Miller,NJ,5,38,6768.05,2640.16,2026-02-24 20:32:00,Emma Miller,True
C001678,James,Anderson,IL,3,14,1789.22,510.78000000000003,2026-02-05 13:17:00,James Anderson,True
C001679,Sophia,Garcia,TX,4,30,5406.94,2231.4599999999996,2026-06-22 18:18:00,Sophia Garcia,True
C001680,Mason,Garcia,IA,1,1,158.43,53.24000000000001,2025-02-21 12:17:00,Mason Garcia,False
C001681,Lucas,Brown,PA,4,31,5060.9,2157.96,2025-12-08 17:09:00,Lucas Brown,True
C001682,Mia,Garcia,GA,5,40,6318.07,2551.46,2026-03-01 17:37:00,Mia Garcia,True
C001683,Lucas,Smith,NJ,2,10,1493.04,711.62,2026-04-17 22:40:00,Lucas Smith,True
C001684,Lucas,Thomas,TX,3,26,5004.09,2127.77,2026-09-07 16:58:00,Lucas Thomas,True
C001685,Emma,Davis,VA,5,29,5028.24,1752.27,2026-07-12 13:45:00,Emma Davis,True
C001686,Ethan,Anderson,PA,2,7,1506.34,716.9200000000001,2026-07-04 09:15:00,Ethan Anderson,True
C001687,Emma,Taylor,FL,4,17,2949.37,1106.9,2026-02-20 17:37:00,Emma Taylor,True
C001688,Ethan,Wilson,VA,3,20,3251.7799999999997,1108.58,2026-08-17 15:48:00,Ethan Wilson,True
C001689,Mia,Anderson,IA,6,34,4375.28,1283.33,2025-12-19 15:18:00,Mia Anderson,True
C001690,Lucas,Thomas,NC,7,35,6226.9,2671.4700000000003,2026-07-20 20:13:00,Lucas Thomas,True
C001691,Ava,Garcia,TX,1,13,2076.51,851.52,2026-02-22 14:18:00,Ava Garcia,False
C001692,Ethan,Patel,NJ,6,41,5361.07,2088.7,2026-08-19 17:07:00,Ethan Patel,True
C001694,Mia,Smith,NJ,5,35,6678.38,2438.17,2026-07-04 17:51:00,Mia Smith,True
C001695,Ethan,Taylor,NC,4,41,6182.67,2316.4100000000003,2026-05-02 21:28:00,Ethan Taylor,True
C001696,James,Thomas,NJ,1,9,2030.6799999999998,899.2499999999999,2025-12-15 08:01:00,James Thomas,False
C001697,Mason,Lee,CA,7,47,7587.09,3037.57,2026-07-25 22:19:00,Mason Lee,True
C001698,Olivia,Garcia,TX,2,15,3010.55,1014.23,2026-01-22 11:43:00,Olivia Garcia,True
C001699,Sophia,Lee,IL,2,18,3014.84,1356.6500000000003,2025-12-05 22:23:00,Sophia Lee,True
C001700,Mia,Wilson,MO,5,32,6330.33,2529.71,2026-06-26 19:19:00,Mia Wilson,True
C001701,Olivia,Anderson,MO,2,11,1172.6,453.78,2026-03-03 19:43:00,Olivia Anderson,True
C001702,Noah,Smith,IL,7,50,8320.449999999999,3129.2699999999995,2026-08-12 13:43:00,Noah Smith,True
C001703,Ethan,Garcia,IL,5,36,5055.05,1846.1100000000001,2026-07-23 17:56:00,Ethan Garcia,True
C001704,Mason,Wilson,IL,4,10,947.95,318.74,2026-08-20 13:34:00,Mason Wilson,True
C001705,Emma,Patel,PA,8,60,8318.16,2966.5,2026-09-09 20:01:00,Emma Patel,True
C001706,James,Johnson,TX,4,23,3625.32,1454.96,2026-08-08 14:24:00,James Johnson,True
C001707,Liam,Johnson,TX,3,11,1392.1599999999999,500.1799999999999,2026-04-02 18:55:00,Liam Johnson,True
C001708,Noah,Smith,PA,2,12,2432.73,1014.07,2025-05-22 14:38:00,Noah Smith,True
C001709,Sophia,Patel,IL,4,20,3256.1,1252.54,2026-07-08 14:55:00,Sophia Patel,True
C001710,Isabella,Wilson,GA,4,23,3627.13,1440.3700000000001,2026-03-31 13:08:00,Isabella Wilson,True
C001711,Emma,Patel,VA,2,6,874.82,315.16,2026-06-04 08:27:00,Emma Patel,True
C001712,Ava,Smith,NJ,3,23,3541.4399999999996,1230.69,2026-04-25 21:29:00,Ava Smith,True
C001713,Mason,Brown,MO,2,8,1192.83,355.04999999999995,2025-12-30 14:30:00,Mason Brown,True
C001714,Ava,Smith,NC,4,15,2320.65,810.43,2026-03-27 22:52:00,Ava Smith,True
C001715,Emma,Anderson,PA,3,17,3293.68,1296.62,2026-04-07 12:26:00,Emma Anderson,True
C001716,Olivia,Thomas,TX,3,25,4816.58,1746.2800000000002,2026-05-23 10:01:00,Olivia Thomas,True
C001717,Noah,Smith,NY,5,50,7888.71,2680.93,2026-04-01 20:38:00,Noah Smith,True
C001718,James,Brown,MO,6,43,7007.4,2888.17,2026-05-03 22:54:00,James Brown,True
C001719,Ava,Thomas,CA,7,51,7591.51,3285.8,2026-09-04 22:16:00,Ava Thomas,True
C001720,James,Davis,CA,4,27,5299.09,1830.7700000000002,2026-03-15 11:40:00,James Davis,True
C001721,Mia,Davis,NY,3,21,3371.9,1348.5599999999997,2026-04-19 19:26:00,Mia Davis,True
C001722,Sophia,Miller,NC,3,20,3545.7300000000005,1198.9300000000003,2026-08-24 13:31:00,Sophia Miller,True
C001723,Sophia,Smith,MO,5,38,4640.53,1660.02,2026-07-29 20:53:00,Sophia Smith,True
C001724,Noah,Wilson,IL,3,28,4677.71,1917.15,2025-09-11 13:45:00,Noah Wilson,True
C001725,James,Garcia,NC,5,40,6613.55,2319.8900000000003,2026-08-12 20:55:00,James Garcia,True
C001726,Lucas,Smith,NC,5,26,3841.11,1498.3300000000002,2026-06-21 21:28:00,Lucas Smith,True
C001727,Mason,Thomas,IL,6,34,5283.46,1892.29,2026-08-30 20:54:00,Mason Thomas,True
C001728,Liam,Wilson,IL,2,16,2605.81,868.2099999999999,2025-05-25 10:26:00,Liam Wilson,True
C001730,Mia,Patel,NC,5,19,3137.04,1106.67,2026-07-29 14:24:00,Mia Patel,True
C001731,Sophia,Davis,VA,4,38,5439.35,2293.98,2026-03-10 08:58:00,Sophia Davis,True
C001732,Sophia,Miller,TX,1,2,512.16,276.53999999999996,2025-09-25 18:56:00,Sophia Miller,False
C001733,Noah,Lee,TX,2,15,1444.05,527.5699999999999,2026-03-02 15:39:00,Noah Lee,True
C001734,Mason,Miller,MO,3,16,2467.04,865.1899999999999,2026-05-04 19:38:00,Mason Miller,True
C001735,James,Davis,FL,2,17,1468.4099999999999,533.51,2025-10-13 20:25:00,James Davis,True
C001736,Mason,Anderson,PA,5,28,4699.65,1610.42,2026-05-24 18:51:00,Mason Anderson,True
C001737,Sophia,Lee,NJ,5,41,6314.01,2577.71,2026-09-04 18:16:00,Sophia Lee,True
C001738,Sophia,Davis,NY,1,8,1194.47,577.52,2025-05-13 09:19:00,Sophia Davis,False
C001739,Noah,Smith,IL,5,25,4325.91,1511.5800000000002,2026-03-15 08:31:00,Noah Smith,True
C001740,Liam,Taylor,IL,3,8,1579.9199999999998,475.18000000000006,2026-05-04 22:50:00,Liam Taylor,True
C001741,James,Patel,VA,4,19,2494.7999999999997,755.4399999999999,2026-07-29 18:03:00,James Patel,True
C001742,Ava,Johnson,NJ,2,15,2663.4,825.04,2026-05-31 14:55:00,Ava Johnson,True
C001743,Ethan,Johnson,NJ,2,8,1434.6799999999998,680.58,2025-09-14 08:50:00,Ethan Johnson,True
C001744,Noah,Smith,NY,4,25,3948.04,1326.67,2025-11-14 21:01:00,Noah Smith,True
C001745,Liam,Garcia,IL,1,12,1277.9,331.56000000000006,2025-12-09 12:52:00,Liam Garcia,False
C001746,Emma,Wilson,CA,1,12,2544.89,1090.79,2026-05-13 17:20:00,Emma Wilson,False
C001747,Olivia,Patel,CA,4,30,5081.86,1811.5700000000002,2026-03-27 08:08:00,Olivia Patel,True
C001748,Sophia,Davis,VA,2,17,1709.18,603.7200000000001,2026-07-10 12:03:00,Sophia Davis,True
C001749,Lucas,Davis,FL,1,4,386.66,106.10000000000002,2025-12-14 08:43:00,Lucas Davis,False
C001750,Olivia,Taylor,TX,3,13,2037.0600000000002,712.53,2026-06-25 10:20:00,Olivia Taylor,True
C001751,Lucas,Miller,TX,1,10,2429.32,957.5200000000001,2026-02-19 19:11:00,Lucas Miller,False
C001752,Sophia,Davis,PA,4,31,5381.53,2027.4899999999998,2026-07-27 14:10:00,Sophia Davis,True
C001753,Lucas,Taylor,NJ,5,24,5136.61,1944.52,2026-05-29 20:28:00,Lucas Taylor,True
C001754,Mia,Wilson,CA,2,11,2149.9,871.3400000000001,2026-04-07 13:18:00,Mia Wilson,True
C001755,Lucas,Anderson,IA,2,14,1720.26,513.6299999999999,2026-05-09 22:23:00,Lucas Anderson,True
C001756,Ethan,Garcia,NJ,5,36,6289.85,2438.7,2026-08-21 11:12:00,Ethan Garcia,True
C001757,Mason,Patel,GA,3,26,3513.77,1306.04,2026-05-17 11:46:00,Mason Patel,True
C001758,Ethan,Thomas,NC,2,13,1758.0,405.7900000000001,2026-07-02 17:39:00,Ethan Thomas,True
C001759,Ethan,Miller,NJ,3,26,5738.139999999999,2747.94,2026-05-20 13:13:00,Ethan Miller,True
C001760,Ethan,Miller,NC,3,25,3762.5,1649.8400000000001,2026-01-08 13:04:00,Ethan Miller,True
C001761,Liam,Brown,NJ,7,54,8341.279999999999,2998.85,2026-04-03 21:41:00,Liam Brown,True
C001762,Mason,Smith,IA,7,52,6578.1900000000005,2555.0600000000004,2026-07-01 08:04:00,Mason Smith,True
C001763,Noah,Lee,IA,5,45,5937.67,2233.2400000000002,2026-08-18 20:48:00,Noah Lee,True
C001764,Ethan,Patel,CA,3,11,1975.44,770.78,2026-07-15 14:55:00,Ethan Patel,True
C001765,Mason,Wilson,FL,5,25,3892.59,1405.8,2026-06-19 19:20:00,Mason Wilson,True
C001766,James,Davis,GA,4,39,6463.7699999999995,2426.35,2026-07-04 21:14:00,James Davis,True
C001767,Mason,Miller,FL,2,6,535.12,173.78,2026-07-06 20:07:00,Mason Miller,True
C001768,Lucas,Smith,VA,6,23,2788.67,1121.13,2026-04-21 13:52:00,Lucas Smith,True
C001769,Olivia,Taylor,IL,1,11,2088.87,972.72,2026-08-14 16:30:00,Olivia Taylor,False
C001770,Emma,Lee,NY,7,40,5704.71,2361.1800000000003,2026-08-19 20:46:00,Emma Lee,True
C001771,Isabella,Smith,IL,5,26,4551.42,1924.19,2026-07-09 16:57:00,Isabella Smith,True
C001772,Ava,Garcia,IA,3,18,2259.2,851.07,2026-06-29 14:24:00,Ava Garcia,True
C001773,Mason,Thomas,MO,5,35,5554.69,2483.3599999999997,2026-06-17 15:21:00,Mason Thomas,True
C001774,Noah,Anderson,NY,1,8,1077.48,351.6599999999999,2026-01-16 15:05:00,Noah Anderson,False
C001775,Mason,Wilson,VA,4,23,3671.83,1312.05,2026-03-25 11:50:00,Mason Wilson,True
C001776,Ethan,Smith,MO,4,22,3369.04,1052.47,2026-06-01 15:10:00,Ethan Smith,True
C001777,Sophia,Taylor,IA,2,15,2620.29,1016.54,2026-06-30 21:33:00,Sophia Taylor,True
C001778,Sophia,Garcia,FL,6,41,5921.67,2192.57,2026-05-10 13:31:00,Sophia Garcia,True
C001779,Mia,Patel,CA,5,39,6255.360000000001,2453.2700000000004,2026-08-14 19:55:00,Mia Patel,True
C001780,Liam,Taylor,IL,4,14,2637.79,1056.01,2026-08-23 15:17:00,Liam Taylor,True
C001781,Olivia,Anderson,NJ,2,17,2487.4900000000002,665.6200000000001,2026-07-02 16:15:00,Olivia Anderson,True
C001783,Mia,Brown,IL,5,33,6701.62,2884.4900000000002,2026-09-10 11:00:00,Mia Brown,True
C001784,Emma,Miller,NJ,6,41,7485.33,3058.57,2026-07-31 09:39:00,Emma Miller,True
C001785,Isabella,Brown,VA,1,7,814.67,272.09999999999997,2025-01-22 08:35:00,Isabella Brown,False
C001786,Isabella,Johnson,IA,4,22,3817.24,1263.4799999999998,2026-06-20 16:13:00,Isabella Johnson,True
C001787,Liam,Miller,NY,1,10,1598.66,684.81,2026-06-16 17:08:00,Liam Miller,False
C001788,Liam,Patel,TX,4,26,3805.49,1415.23,2026-04-23 22:48:00,Liam Patel,True
C001789,Lucas,Davis,IA,4,23,4405.860000000001,1800.42,2026-06-30 11:33:00,Lucas Davis,True
C001790,Ava,Brown,NJ,4,28,4593.99,1582.55,2026-09-07 09:02:00,Ava Brown,True
C001791,Ava,Garcia,TX,3,11,2874.55,1280.37,2026-07-28 21:33:00,Ava Garcia,True
C001792,Mia,Taylor,CA,4,39,5248.04,1693.3899999999996,2026-07-03 11:19:00,Mia Taylor,True
C001793,Ava,Patel,IL,2,16,2638.25,811.9899999999998,2025-11-30 10:05:00,Ava Patel,True
C001794,Emma,Smith,NY,4,18,2704.56,1062.65,2026-09-08 18:52:00,Emma Smith,True
C001795,Isabella,Smith,NJ,1,8,1561.2,554.0200000000001,2026-07-02 15:30:00,Isabella Smith,False
C001796,Mia,Brown,PA,6,24,4172.25,1360.8299999999997,2026-08-30 09:54:00,Mia Brown,True
C001797,Olivia,Smith,PA,5,31,3722.67,1504.31,2026-06-17 22:31:00,Olivia Smith,True
C001798,Liam,Anderson,VA,3,25,3220.51,1425.6200000000001,2026-08-24 20:49:00,Liam Anderson,True
C001799,Ethan,Anderson,NC,3,13,995.55,330.09999999999997,2026-05-18 22:18:00,Ethan Anderson,True
C001800,James,Brown,PA,4,33,6251.22,2407.9300000000003,2025-12-15 10:40:00,James Brown,True
C001801,Noah,Johnson,TX,2,14,3063.45,1087.42,2025-11-07 17:27:00,Noah Johnson,True
C001802,Sophia,Garcia,IL,2,14,2444.86,937.9100000000001,2026-08-08 12:44:00,Sophia Garcia,True
C001803,Ethan,Thomas,CA,1,9,937.8599999999999,282.3299999999999,2025-08-03 18:48:00,Ethan Thomas,False
C001804,Sophia,Davis,CA,5,28,3745.25,1366.58,2026-08-26 16:02:00,Sophia Davis,True
C001805,Ethan,Davis,TX,4,20,2444.84,888.48,2026-01-13 09:51:00,Ethan Davis,True
C001807,Isabella,Patel,PA,5,25,3993.03,1195.1600000000003,2026-06-19 16:11:00,Isabella Patel,True
C001808,Sophia,Garcia,CA,3,11,1759.8,636.8100000000001,2026-07-29 19:51:00,Sophia Garcia,True
C001809,Noah,Wilson,NJ,1,2,384.38,157.94,2026-02-10 18:48:00,Noah Wilson,False
C001810,Sophia,Patel,IL,3,21,3757.33,1387.59,2026-01-06 14:30:00,Sophia Patel,True
C001811,Noah,Brown,IA,1,2,337.56,134.06,2026-06-14 10:26:00,Noah Brown,False
C001812,Lucas,Taylor,TX,5,34,2940.9700000000003,1086.51,2026-08-10 13:05:00,Lucas Taylor,True
C001813,Sophia,Patel,NJ,3,11,1750.1000000000001,534.1500000000001,2026-08-25 12:08:00,Sophia Patel,True
C001814,Lucas,Davis,VA,7,51,5719.84,2049.12,2026-07-01 09:20:00,Lucas Davis,True
C001815,James,Miller,NC,6,18,3099.12,1245.48,2026-09-09 15:35:00,James Miller,True
C001816,James,Garcia,TX,1,9,1392.29,541.4299999999998,2026-09-07 18:35:00,James Garcia,False
C001817,Mason,Thomas,FL,3,8,640.98,233.49000000000004,2025-10-26 10:29:00,Mason Thomas,True
C001818,Ava,Patel,PA,1,7,839.8299999999999,187.2399999999999,2025-09-16 11:31:00,Ava Patel,False
C001819,Isabella,Johnson,IL,3,17,1464.6299999999999,555.5099999999999,2025-11-22 08:05:00,Isabella Johnson,True
C001820,Isabella,Garcia,MO,1,3,578.23,114.31000000000006,2025-02-25 15:19:00,Isabella Garcia,False
C001821,Noah,Johnson,VA,3,21,1993.3700000000001,716.61,2026-08-01 16:15:00,Noah Johnson,True
C001822,Isabella,Johnson,PA,3,25,2615.16,880.1599999999999,2026-05-22 13:38:00,Isabella Johnson,True
C001823,Lucas,Davis,NC,5,29,4979.97,2036.1200000000001,2026-01-23 16:41:00,Lucas Davis,True
C001824,Isabella,Anderson,TX,7,43,6633.76,2837.9199999999996,2026-05-10 19:53:00,Isabella Anderson,True
C001825,Liam,Smith,IA,2,8,1458.7,695.1000000000001,2026-07-28 10:50:00,Liam Smith,True
C001826,Sophia,Miller,TX,3,22,2280.86,817.4100000000001,2026-05-16 08:09:00,Sophia Miller,True
C001827,Olivia,Taylor,GA,5,29,4847.37,1866.47,2026-07-05 11:38:00,Olivia Taylor,True
C001828,Liam,Garcia,IL,3,18,3416.75,1530.5,2026-07-10 08:18:00,Liam Garcia,True
C001829,Mason,Miller,FL,3,22,5203.2,1954.8,2026-07-04 22:24:00,Mason Miller,True
C001830,Ethan,Johnson,VA,3,26,3344.4399999999996,1238.63,2026-08-06 20:23:00,Ethan Johnson,True
C001831,Olivia,Miller,PA,2,14,1942.73,777.32,2026-05-15 13:17:00,Olivia Miller,True
C001832,Lucas,Smith,NJ,5,26,5496.81,2462.63,2026-03-31 21:35:00,Lucas Smith,True
C001833,Liam,Garcia,MO,5,32,4039.29,1439.6299999999999,2026-02-11 12:27:00,Liam Garcia,True
C001834,Sophia,Johnson,IL,2,5,365.74,108.60000000000002,2025-12-05 11:05:00,Sophia Johnson,True
C001835,Mason,Brown,MO,5,29,5311.71,2155.94,2026-04-06 09:54:00,Mason Brown,True
C001836,Liam,Miller,NJ,5,22,2671.69,776.09,2026-07-03 09:01:00,Liam Miller,True
C001837,Ava,Garcia,TX,1,9,1608.96,544.45,2026-06-23 13:49:00,Ava Garcia,False
C001838,Lucas,Brown,NY,1,7,954.51,484.08,2025-07-19 20:03:00,Lucas Brown,False
C001839,Isabella,Davis,NJ,2,8,1239.38,402.92999999999995,2026-03-18 17:28:00,Isabella Davis,True
C001840,Mia,Lee,IL,3,9,1200.22,411.19000000000005,2026-05-28 09:06:00,Mia Lee,True
C001841,James,Miller,MO,6,36,5805.62,2442.38,2026-08-28 13:58:00,James Miller,True
C001842,Emma,Smith,NY,2,10,1418.5300000000002,373.43000000000006,2025-01-25 13:44:00,Emma Smith,True
C001843,Ava,Lee,GA,4,19,3197.66,1237.81,2026-02-22 18:04:00,Ava Lee,True
C001844,Mason,Taylor,NC,4,13,2142.3599999999997,894.5499999999998,2026-08-05 14:28:00,Mason Taylor,True
C001845,Olivia,Anderson,IA,4,24,4628.3,2103.77,2026-03-05 10:14:00,Olivia Anderson,True
C001846,Isabella,Lee,FL,6,38,5912.35,2415.04,2026-08-08 20:22:00,Isabella Lee,True
C001847,Mason,Johnson,GA,4,29,4795.68,1840.6200000000001,2026-07-31 11:41:00,Mason Johnson,True
C001848,Lucas,Lee,CA,5,33,4286.38,1568.11,2026-04-12 17:46:00,Lucas Lee,True
C001849,Ethan,Thomas,VA,3,6,805.94,246.56,2026-07-10 16:45:00,Ethan Thomas,True
C001850,Noah,Lee,IA,3,22,4761.6,1628.3000000000002,2026-06-19 21:21:00,Noah Lee,True
C001851,Emma,Thomas,IL,1,3,192.40000000000003,80.53000000000003,2026-03-27 13:05:00,Emma Thomas,False
C001852,Emma,Anderson,IA,6,29,3157.0,1105.96,2026-04-11 21:47:00,Emma Anderson,True
C001853,Sophia,Johnson,NC,5,37,6547.74,2578.76,2026-08-12 13:40:00,Sophia Johnson,True
C001854,Mia,Wilson,IL,3,18,2356.65,841.12,2026-08-25 10:06:00,Mia Wilson,True
C001855,Mia,Patel,MO,4,19,2953.92,1175.38,2026-06-20 11:57:00,Mia Patel,True
C001856,Lucas,Garcia,GA,2,17,3133.85,948.79,2026-07-21 11:43:00,Lucas Garcia,True
C001857,Sophia,Smith,IL,2,7,974.1700000000001,163.14999999999998,2026-05-08 21:25:00,Sophia Smith,True
C001858,Ethan,Thomas,IL,5,31,5798.74,2061.61,2026-08-17 16:06:00,Ethan Thomas,True
C001859,Noah,Thomas,IL,4,23,3080.87,1143.8299999999997,2026-02-06 19:47:00,Noah Thomas,True
C001860,Noah,Brown,NC,4,31,3876.75,1322.99,2026-09-06 08:48:00,Noah Brown,True
C001861,James,Wilson,TX,4,21,3889.19,1453.26,2026-07-10 11:00:00,James Wilson,True
C001862,Mason,Brown,NJ,1,7,1529.88,640.3499999999999,2025-07-31 20:26:00,Mason Brown,False
C001863,Mia,Miller,NY,2,7,908.65,375.72,2025-06-14 16:21:00,Mia Miller,True
C001864,Isabella,Smith,IL,5,33,3856.49,1613.52,2026-08-10 22:53:00,Isabella Smith,True
C001866,Mason,Smith,NC,1,12,1226.98,440.86,2026-04-13 21:01:00,Mason Smith,False
C001867,Noah,Davis,GA,4,28,2942.7599999999998,1037.94,2026-08-18 13:37:00,Noah Davis,True
C001868,Emma,Anderson,NJ,2,11,2326.3999999999996,1091.0,2026-05-24 10:27:00,Emma Anderson,True
C001869,Isabella,Anderson,GA,4,27,3545.26,1408.8000000000002,2025-05-13 20:48:00,Isabella Anderson,True
C001870,James,Anderson,PA,2,14,3042.08,1060.1799999999998,2026-03-26 20:16:00,James Anderson,True
C001871,Isabella,Garcia,GA,4,24,3762.44,1330.6899999999998,2026-07-24 14:18:00,Isabella Garcia,True
C001872,James,Smith,GA,4,26,4269.15,1776.6899999999998,2026-06-20 09:22:00,James Smith,True
C001873,Emma,Johnson,FL,1,3,505.41,207.64000000000001,2026-04-14 19:03:00,Emma Johnson,False
C001874,Noah,Patel,FL,7,47,6338.95,2291.0800000000004,2026-09-04 09:34:00,Noah Patel,True
C001875,Sophia,Garcia,FL,6,28,3821.95,1219.7799999999997,2026-08-16 12:14:00,Sophia Garcia,True
C001876,Lucas,Miller,IA,2,13,2004.4099999999999,742.8399999999999,2026-05-08 20:43:00,Lucas Miller,True
C001877,Mia,Lee,NY,3,23,3873.71,1346.31,2026-04-22 22:20:00,Mia Lee,True
C001878,Olivia,Brown,NC,3,20,3238.43,1024.78,2025-12-15 19:43:00,Olivia Brown,True
C001879,Lucas,Garcia,FL,3,23,3786.88,1339.0700000000002,2026-01-07 22:22:00,Lucas Garcia,True
C001880,Ethan,Anderson,FL,2,16,1888.22,912.94,2025-09-21 16:05:00,Ethan Anderson,True
C001881,Sophia,Smith,NJ,1,4,356.55,165.15,2025-03-03 10:37:00,Sophia Smith,False
C001882,Lucas,Taylor,NC,3,26,3396.19,1482.88,2026-07-28 15:48:00,Lucas Taylor,True
C001883,James,Johnson,NJ,3,22,1789.3200000000002,483.75000000000017,2026-07-04 12:06:00,James Johnson,True
C001884,Isabella,Wilson,NJ,5,32,4320.05,1769.6000000000001,2025-10-05 15:16:00,Isabella Wilson,True
C001885,Sophia,Smith,IL,3,25,3805.7,1502.13,2026-08-10 17:56:00,Sophia Smith,True
C001886,Mia,Taylor,TX,3,21,4052.5,1727.84,2026-06-14 17:33:00,Mia Taylor,True
C001887,Olivia,Miller,MO,5,36,5012.24,1623.0900000000001,2026-08-05 17:41:00,Olivia Miller,True
C001888,Olivia,Smith,GA,5,36,5937.17,1797.1,2026-08-10 09:07:00,Olivia Smith,True
C001889,Olivia,Miller,VA,6,43,6008.97,2061.46,2026-01-04 21:56:00,Olivia Miller,True
C001890,Isabella,Thomas,IL,4,22,3834.46,1184.99,2026-08-15 20:32:00,Isabella Thomas,True
C001891,Mason,Smith,IA,9,59,10359.23,4034.06,2026-06-30 22:32:00,Mason Smith,True
C001892,Isabella,Davis,PA,2,15,2596.54,842.7600000000001,2026-01-02 14:22:00,Isabella Davis,True
C001893,Sophia,Patel,TX,4,33,5825.75,2124.6800000000003,2026-07-26 22:04:00,Sophia Patel,True
C001894,Emma,Lee,PA,2,24,3533.4,1134.34,2026-08-08 17:56:00,Emma Lee,True
C001895,Lucas,Anderson,NJ,4,36,5256.01,1658.43,2026-01-10 10:16:00,Lucas Anderson,True
C001896,Liam,Johnson,TX,3,20,3343.57,1290.48,2026-08-11 08:06:00,Liam Johnson,True
C001897,Emma,Taylor,NY,1,12,2655.27,1196.19,2026-03-18 19:00:00,Emma Taylor,False
C001898,Ava,Patel,CA,1,6,1175.09,361.31,2025-11-08 10:30:00,Ava Patel,False
C001899,Mia,Taylor,GA,6,41,7381.7,3161.53,2026-03-19 17:55:00,Mia Taylor,True
C001900,Sophia,Taylor,PA,3,18,2552.66,1067.77,2025-03-02 13:06:00,Sophia Taylor,True
C001901,Mason,Lee,NY,4,17,2910.03,1130.54,2026-07-10 19:22:00,Mason Lee,True
C001902,Noah,Johnson,IA,5,39,5200.41,1748.07,2026-05-12 14:27:00,Noah Johnson,True
C001903,Noah,Patel,MO,5,38,6094.36,2581.31,2026-08-04 08:39:00,Noah Patel,True
C001904,Liam,Davis,GA,3,20,4198.84,2049.7799999999997,2026-06-10 16:34:00,Liam Davis,True
C001905,Sophia,Taylor,MO,3,16,2850.49,1049.4499999999998,2026-03-25 18:43:00,Sophia Taylor,True
C001906,Lucas,Johnson,IA,4,34,4168.0599999999995,1684.6399999999999,2026-04-10 15:27:00,Lucas Johnson,True
C001907,Noah,Johnson,GA,4,23,2632.52,1041.28,2026-07-19 14:26:00,Noah Johnson,True
C001908,Lucas,Davis,PA,1,7,1284.1799999999998,470.99999999999994,2025-08-09 19:53:00,Lucas Davis,False
C001909,Mason,Brown,IL,4,12,1650.8,535.0799999999999,2025-09-22 21:12:00,Mason Brown,True
C001910,Sophia,Patel,NY,9,56,8133.65,2926.6800000000003,2026-07-13 18:56:00,Sophia Patel,True
C001911,Isabella,Thomas,VA,4,19,2898.2999999999997,1130.8400000000001,2026-05-30 19:23:00,Isabella Thomas,True
C001912,James,Anderson,IL,7,47,6731.49,2138.41,2026-07-29 17:44:00,James Anderson,True
C001913,Sophia,Davis,IL,3,9,1481.0700000000002,538.82,2026-08-06 11:50:00,Sophia Davis,True
C001914,Ava,Wilson,PA,5,28,4456.15,1969.5900000000001,2026-08-19 09:51:00,Ava Wilson,True
C001915,Ethan,Wilson,NY,3,24,4192.55,1740.06,2026-08-10 13:37:00,Ethan Wilson,True
C001916,Sophia,Davis,NJ,2,8,722.69,260.20000000000005,2026-08-29 18:31:00,Sophia Davis,True
C001917,Isabella,Lee,NY,3,30,4186.23,1658.06,2025-11-11 10:12:00,Isabella Lee,True
C001918,Ava,Johnson,FL,1,8,1742.1,647.55,2025-08-22 09:56:00,Ava Johnson,False
C001919,Lucas,Lee,MO,4,18,2590.21,904.45,2026-06-09 21:54:00,Lucas Lee,True
C001920,Liam,Anderson,CA,4,22,4771.7,1395.33,2026-08-22 18:32:00,Liam Anderson,True
C001921,Isabella,Davis,PA,3,16,2348.91,844.83,2025-09-26 21:43:00,Isabella Davis,True
C001922,James,Miller,PA,3,15,1669.0,521.98,2026-04-21 12:33:00,James Miller,True
C001924,Mia,Anderson,IL,1,7,567.72,264.45000000000005,2025-01-10 16:51:00,Mia Anderson,False
C001925,James,Smith,PA,3,16,1996.19,662.23,2026-07-13 22:00:00,James Smith,True
C001926,Liam,Johnson,TX,3,15,1714.3,733.8799999999999,2026-09-10 19:13:00,Liam Johnson,True
C001927,Lucas,Garcia,FL,3,31,5432.49,1678.5000000000002,2026-05-18 10:13:00,Lucas Garcia,True
C001928,Ava,Patel,CA,3,19,1765.8,423.17999999999995,2025-11-04 18:19:00,Ava Patel,True
C001929,Isabella,Johnson,NC,4,33,5452.57,1611.8,2026-03-26 13:33:00,Isabella Johnson,True
C001930,Ava,Smith,CA,7,56,8880.39,3587.7,2026-07-27 16:53:00,Ava Smith,True
C001931,Mason,Brown,VA,3,19,3270.57,1365.3600000000001,2026-07-14 22:09:00,Mason Brown,True
C001932,Lucas,Garcia,MO,3,11,973.87,386.08000000000004,2026-07-06 22:02:00,Lucas Garcia,True
C001933,Ava,Wilson,NC,3,18,2131.7,726.6100000000001,2026-06-24 16:18:00,Ava Wilson,True
C001934,Olivia,Anderson,PA,4,9,1459.18,441.05000000000007,2026-06-18 16:45:00,Olivia Anderson,True
C001935,Lucas,Davis,GA,2,7,1071.4,404.59000000000003,2026-08-01 13:16:00,Lucas Davis,True
C001936,Mason,Smith,NY,5,30,4193.6,1363.3500000000001,2026-09-10 20:47:00,Mason Smith,True
C001937,Mia,Taylor,VA,4,23,3431.17,1330.81,2026-03-01 19:08:00,Mia Taylor,True
C001938,Ethan,Johnson,MO,3,15,2804.31,1089.17,2025-10-16 21:20:00,Ethan Johnson,True
C001939,Olivia,Davis,IL,4,34,4775.47,2171.61,2026-09-09 10:25:00,Olivia Davis,True
C001940,Ethan,Lee,NJ,6,51,8138.51,3121.0099999999998,2025-10-22 17:09:00,Ethan Lee,True
C001941,Lucas,Miller,MO,4,16,2369.53,946.63,2026-05-23 20:10:00,Lucas Miller,True
C001942,Ethan,Garcia,IL,4,16,3132.39,996.26,2025-11-20 09:01:00,Ethan Garcia,True
C001943,Ethan,Thomas,IA,3,22,1987.5900000000001,753.1300000000001,2026-07-18 13:03:00,Ethan Thomas,True
C001944,Isabella,Brown,NJ,1,10,1945.72,816.8,2026-02-15 21:55:00,Isabella Brown,False
C001945,Sophia,Brown,CA,3,22,2843.04,989.98,2026-07-06 17:18:00,Sophia Brown,True
C001946,Sophia,Miller,FL,1,4,553.5199999999999,134.4699999999999,2026-07-29 21:36:00,Sophia Miller,False
C001947,Isabella,Lee,CA,6,36,4352.19,1339.4299999999998,2026-06-10 18:16:00,Isabella Lee,True
C001948,Ava,Thomas,TX,2,10,1418.62,588.27,2026-03-26 13:15:00,Ava Thomas,True
C001949,Ethan,Miller,NC,5,22,2603.65,995.8299999999999,2026-01-09 14:39:00,Ethan Miller,True
C001950,Sophia,Patel,GA,5,29,5586.41,2285.6099999999997,2026-05-10 22:45:00,Sophia Patel,True
C001951,Isabella,Thomas,GA,6,36,5392.48,1777.71,2026-06-20 15:23:00,Isabella Thomas,True
C001952,Isabella,Thomas,FL,6,25,4451.09,1297.1,2026-04-30 11:59:00,Isabella Thomas,True
C001953,Ethan,Lee,PA,5,40,8507.44,3160.5899999999997,2026-05-21 15:20:00,Ethan Lee,True
C001954,Olivia,Anderson,IA,3,13,1555.9500000000003,585.59,2025-12-13 11:42:00,Olivia Anderson,True
C001955,Lucas,Taylor,FL,4,27,4575.86,1986.15,2026-07-03 16:06:00,Lucas Taylor,True
C001956,Mason,Taylor,NY,6,41,5810.13,2256.89,2026-04-21 12:27:00,Mason Taylor,True
C001957,Isabella,Miller,NC,6,46,6888.46,2668.1,2026-03-18 15:32:00,Isabella Miller,True
C001958,Ava,Wilson,VA,8,55,7938.71,3105.1900000000005,2026-08-13 19:43:00,Ava Wilson,True
C001959,James,Thomas,PA,4,17,879.21,257.32,2026-08-31 09:24:00,James Thomas,True
C001960,Emma,Brown,CA,3,22,3207.33,908.9799999999999,2026-06-03 22:05:00,Emma Brown,True
C001961,Emma,Wilson,CA,6,44,5454.7699999999995,2180.0299999999997,2025-12-01 21:05:00,Emma Wilson,True
C001962,Mia,Patel,NJ,7,37,4110.18,1555.35,2025-11-21 18:52:00,Mia Patel,True
C001963,Mason,Garcia,CA,3,24,4199.59,1612.47,2026-08-13 09:03:00,Mason Garcia,True
C001964,James,Miller,IA,6,22,3245.2999999999997,1146.24,2026-06-18 08:18:00,James Miller,True
C001965,Ethan,Garcia,GA,1,3,44.099999999999994,14.429999999999993,2025-12-04 19:30:00,Ethan Garcia,False
C001966,Isabella,Smith,GA,3,8,1696.03,767.47,2025-12-11 17:32:00,Isabella Smith,True
C001967,James,Patel,NY,2,6,1177.74,486.71999999999997,2026-04-24 09:53:00,James Patel,True
C001968,James,Anderson,MO,2,11,1713.42,735.25,2025-10-14 12:16:00,James Anderson,True
C001969,Emma,Taylor,IA,4,16,2370.77,982.0999999999999,2026-06-21 18:20:00,Emma Taylor,True
C001970,Olivia,Thomas,FL,3,28,3814.11,1611.3,2026-08-26 17:27:00,Olivia Thomas,True
C001971,Olivia,Anderson,NC,2,16,1920.17,771.52,2026-08-06 16:27:00,Olivia Anderson,True
C001972,Lucas,Smith,NC,4,26,3775.82,1401.81,2026-07-27 21:57:00,Lucas Smith,True
C001973,Sophia,Smith,FL,6,42,8098.41,2784.07,2026-07-22 10:46:00,Sophia Smith,True
C001974,Mia,Davis,FL,4,32,3106.47,1086.8,2026-05-14 22:18:00,Mia Davis,True
C001975,Ethan,Taylor,VA,3,19,3785.79,1479.1599999999999,2026-04-03 14:58:00,Ethan Taylor,True
C001976,Olivia,Miller,CA,2,16,2613.37,951.49,2025-10-13 21:29:00,Olivia Miller,True
C001977,Isabella,Miller,IL,1,3,161.16,44.099999999999994,2025-10-08 18:27:00,Isabella Miller,False
C001978,James,Miller,IL,6,36,6407.63,2348.83,2026-04-16 19:56:00,James Miller,True
C001979,Mia,Davis,CA,3,24,3172.45,1068.52,2025-11-20 09:54:00,Mia Davis,True
C001981,Lucas,Davis,MO,3,15,1992.21,916.6999999999998,2026-09-10 19:33:00,Lucas Davis,True
C001982,Olivia,Lee,TX,3,22,3322.02,1188.3200000000002,2026-08-03 16:06:00,Olivia Lee,True
C001983,Noah,Smith,FL,5,44,6299.3,2328.3399999999997,2025-10-22 22:10:00,Noah Smith,True
C001984,Ava,Wilson,IA,6,29,4212.74,1542.8700000000001,2026-06-24 13:17:00,Ava Wilson,True
C001985,Emma,Lee,NC,2,14,1203.3700000000001,384.50000000000006,2025-05-10 17:00:00,Emma Lee,True
C001986,Ava,Johnson,IL,1,3,136.09,24.67,2025-04-15 18:33:00,Ava Johnson,False
C001987,Sophia,Patel,NY,4,29,4343.42,1773.8200000000002,2026-03-20 13:23:00,Sophia Patel,True
C001988,Mia,Thomas,MO,1,5,1342.52,563.22,2026-03-07 08:33:00,Mia Thomas,False
C001989,Olivia,Lee,VA,2,16,1872.85,713.0100000000001,2026-08-22 19:01:00,Olivia Lee,True
C001990,Sophia,Davis,GA,2,18,3751.64,1578.7900000000002,2026-04-27 08:42:00,Sophia Davis,True
C001991,Ethan,Miller,IL,2,18,2463.05,837.27,2026-09-05 12:31:00,Ethan Miller,True
C001992,Mason,Johnson,PA,1,6,1128.04,465.8399999999999,2026-02-04 12:08:00,Mason Johnson,False
C001993,Lucas,Davis,NJ,2,18,1942.98,787.2800000000002,2025-06-02 18:04:00,Lucas Davis,True
C001994,Ethan,Smith,PA,5,35,4727.44,1993.3500000000001,2026-05-24 09:35:00,Ethan Smith,True
C001997,James,Patel,TX,4,14,2949.39,1287.96,2026-02-16 10:03:00,James Patel,True
C001998,Noah,Taylor,NJ,2,13,1733.57,598.2199999999999,2026-08-08 15:25:00,Noah Taylor,True
C001999,Olivia,Anderson,NY,1,2,104.29,23.11,2025-08-28 18:47:00,Olivia Anderson,False
C002000,Liam,Davis,CA,3,9,2133.27,742.4399999999999,2026-02-25 08:23:00,Liam Davis,True
C002001,Olivia,Johnson,NJ,4,23,4515.19,1939.02,2026-01-08 12:43:00,Olivia Johnson,True
C002002,Liam,Thomas,MO,1,7,694.49,200.92000000000004,2025-04-11 11:40:00,Liam Thomas,False
C002004,Lucas,Patel,GA,6,25,2864.58,1146.95,2026-08-10 21:17:00,Lucas Patel,True
C002005,Sophia,Patel,TX,3,7,581.49,161.21999999999997,2026-03-25 22:35:00,Sophia Patel,True
C002006,Noah,Smith,IA,2,17,3387.31,1549.9199999999998,2025-11-02 18:17:00,Noah Smith,True
C002007,Emma,Johnson,TX,1,13,2183.05,766.7300000000001,2025-01-21 08:10:00,Emma Johnson,False
C002008,Mia,Garcia,VA,3,14,2660.53,1081.1200000000001,2026-04-07 20:36:00,Mia Garcia,True
C002009,Ava,Anderson,TX,4,15,1919.01,642.7199999999999,2025-07-10 22:45:00,Ava Anderson,True
C002010,James,Patel,GA,1,6,513.72,121.62000000000005,2025-08-21 22:59:00,James Patel,False
C002011,Ethan,Johnson,VA,4,26,3443.59,1303.25,2026-08-13 10:11:00,Ethan Johnson,True
C002012,Sophia,Smith,IA,9,38,6768.86,2606.44,2026-08-22 20:42:00,Sophia Smith,True
C002013,Mason,Anderson,MO,7,35,4789.63,1628.3899999999999,2026-07-28 13:01:00,Mason Anderson,True
C002014,Olivia,Miller,CA,2,14,1947.5800000000002,744.34,2026-08-10 11:44:00,Olivia Miller,True
C002015,Ethan,Davis,GA,2,7,895.0999999999999,409.71,2025-09-30 19:22:00,Ethan Davis,True
C002016,Ava,Miller,IL,4,33,5516.69,2554.02,2026-06-26 16:18:00,Ava Miller,True
C002017,Olivia,Anderson,IA,5,41,6083.2699999999995,2304.14,2026-08-21 12:31:00,Olivia Anderson,True
C002018,Isabella,Johnson,CA,5,22,4225.92,1523.66,2026-05-29 13:07:00,Isabella Johnson,True
C002019,Lucas,Smith,FL,8,47,6802.57,2748.8900000000003,2026-03-22 21:24:00,Lucas Smith,True
C002020,Ethan,Wilson,TX,1,2,461.65999999999997,186.82,2026-02-17 22:49:00,Ethan Wilson,False
C002021,Olivia,Miller,MO,5,32,4948.4400000000005,2103.4300000000003,2026-04-24 21:12:00,Olivia Miller,True
C002022,Lucas,Anderson,GA,3,10,1651.61,774.3599999999999,2026-03-01 15:51:00,Lucas Anderson,True
C002023,Ava,Patel,TX,5,40,5293.09,1593.77,2026-08-24 08:43:00,Ava Patel,True
C002024,Emma,Taylor,NY,1,6,618.5,146.36,2025-11-16 10:34:00,Emma Taylor,False
C002025,Liam,Anderson,NJ,5,29,4344.57,1794.04,2026-07-27 09:35:00,Liam Anderson,True
C002026,James,Wilson,TX,3,15,2954.42,1081.97,2026-08-08 10:06:00,James Wilson,True
C002027,Sophia,Thomas,VA,3,21,3913.6,1678.9399999999998,2026-08-30 16:57:00,Sophia Thomas,True
C002028,James,Wilson,TX,5,31,4148.74,1346.89,2025-11-03 11:57:00,James Wilson,True
C002029,Liam,Anderson,FL,3,14,2756.97,1034.83,2026-02-16 09:16:00,Liam Anderson,True
C002030,Isabella,Garcia,NC,6,33,4149.12,1552.27,2026-08-19 20:40:00,Isabella Garcia,True
C002031,Isabella,Lee,MO,1,3,102.88000000000001,41.17000000000001,2025-12-14 13:00:00,Isabella Lee,False
C002032,Mason,Lee,IL,4,35,5750.55,2249.09,2025-09-09 20:31:00,Mason Lee,True
C002033,Isabella,Patel,TX,4,21,3732.96,1545.44,2026-08-23 19:45:00,Isabella Patel,True
C002034,Isabella,Johnson,GA,3,22,3322.19,1406.93,2025-12-30 14:16:00,Isabella Johnson,True
C002035,James,Davis,PA,4,30,6534.88,3074.2500000000005,2026-09-13 14:32:00,James Davis,True
C002036,Isabella,Taylor,VA,4,18,3382.4,1332.41,2026-01-19 20:05:00,Isabella Taylor,True
C002037,Isabella,Davis,GA,8,52,6953.38,2634.79,2026-06-08 19:59:00,Isabella Davis,True
C002038,Mason,Lee,FL,5,31,6130.71,2610.32,2026-07-02 17:16:00,Mason Lee,True
C002039,Ava,Smith,PA,1,8,1512.49,654.0900000000001,2025-03-24 12:32:00,Ava Smith,False
C002040,Lucas,Patel,MO,4,28,5960.03,2403.83,2025-09-27 17:23:00,Lucas Patel,True
C002041,Emma,Taylor,GA,1,1,61.44,23.909999999999997,2025-02-16 12:19:00,Emma Taylor,False
C002042,Mason,Taylor,VA,5,28,3616.7599999999998,1188.52,2026-08-21 12:03:00,Mason Taylor,True
C002043,Liam,Brown,PA,3,18,1799.59,628.81,2026-06-28 20:47:00,Liam Brown,True
C002044,Emma,Davis,GA,1,8,690.1600000000001,232.3,2026-07-25 15:30:00,Emma Davis,False
C002045,Isabella,Miller,MO,6,20,2805.7799999999997,989.95,2026-07-29 18:21:00,Isabella Miller,True
C002046,Mason,Wilson,IA,3,24,4069.87,1463.48,2026-07-13 21:34:00,Mason Wilson,True
C002047,Liam,Taylor,CA,2,12,1226.38,394.48999999999995,2026-03-16 09:02:00,Liam Taylor,True
C002048,Mia,Thomas,NY,2,8,1237.8100000000002,403.3900000000001,2025-08-13 12:59:00,Mia Thomas,True
C002049,Mason,Brown,IA,8,54,7844.64,2732.65,2026-07-10 13:35:00,Mason Brown,True
C002050,Ava,Thomas,NJ,1,4,70.27,31.269999999999996,2025-05-26 22:59:00,Ava Thomas,False
C002051,Lucas,Patel,CA,2,11,1521.81,511.23,2026-05-19 13:18:00,Lucas Patel,True
C002052,Isabella,Patel,NJ,3,19,2662.49,1239.19,2026-07-18 21:27:00,Isabella Patel,True
C002053,Emma,Smith,FL,5,41,7794.5,3331.09,2026-07-15 22:34:00,Emma Smith,True
C002054,Olivia,Patel,NC,3,25,2629.45,1062.45,2026-05-01 20:04:00,Olivia Patel,True
C002055,Sophia,Wilson,IA,4,25,4450.88,2053.3,2026-04-29 19:01:00,Sophia Wilson,True
C002056,Sophia,Brown,GA,4,24,3388.84,1288.66,2026-09-07 12:58:00,Sophia Brown,True
C002057,Ava,Thomas,NY,4,10,1769.06,719.0699999999999,2026-07-31 20:16:00,Ava Thomas,True
C002058,Noah,Brown,FL,3,15,2055.54,1026.31,2025-11-20 21:34:00,Noah Brown,True
C002059,Emma,Smith,NC,2,13,2570.24,835.53,2026-07-04 10:41:00,Emma Smith,True
C002060,Sophia,Patel,IL,3,27,4142.84,1378.3700000000001,2026-09-11 10:12:00,Sophia Patel,True
C002061,Liam,Smith,IA,2,19,4020.67,1850.96,2026-03-21 16:32:00,Liam Smith,True
C002062,Ava,Lee,NC,3,25,4984.87,1773.19,2026-09-10 19:55:00,Ava Lee,True
C002063,Mason,Davis,NY,3,19,3798.4800000000005,1408.9500000000003,2026-03-22 22:01:00,Mason Davis,True
C002064,Mason,Smith,IL,4,21,3824.46,1341.6200000000001,2025-10-24 20:55:00,Mason Smith,True
C002065,Sophia,Lee,GA,6,18,2931.4,1205.07,2026-08-15 13:50:00,Sophia Lee,True
C002066,Ava,Davis,TX,3,15,2692.89,917.26,2026-02-12 15:40:00,Ava Davis,True
C002067,Isabella,Miller,NY,5,37,5106.82,2033.65,2026-04-24 14:21:00,Isabella Miller,True
C002068,Ava,Wilson,NJ,7,46,7396.59,3023.15,2026-04-05 16:15:00,Ava Wilson,True
C002069,Sophia,Smith,FL,4,23,2760.63,990.6899999999999,2026-09-01 08:03:00,Sophia Smith,True
C002070,Isabella,Anderson,NY,3,20,2766.86,965.1700000000001,2026-08-25 13:37:00,Isabella Anderson,True
C002071,Lucas,Miller,FL,3,18,3760.48,1458.72,2025-12-29 15:44:00,Lucas Miller,True
C002072,Isabella,Patel,NJ,5,32,6006.29,2608.1299999999997,2026-08-18 08:14:00,Isabella Patel,True
C002073,Mason,Brown,NC,5,32,3165.23,1284.4399999999998,2026-08-03 21:59:00,Mason Brown,True
C002074,Mason,Thomas,GA,5,32,3956.34,1515.46,2026-08-11 16:56:00,Mason Thomas,True
C002075,Mason,Johnson,MO,6,25,4480.89,1797.03,2026-02-20 21:09:00,Mason Johnson,True
C002077,Mia,Patel,MO,5,25,2660.86,782.94,2026-07-30 15:07:00,Mia Patel,True
C002078,Mason,Miller,IA,2,4,799.78,269.48999999999995,2025-08-27 11:26:00,Mason Miller,True
C002079,Olivia,Johnson,NY,1,8,2061.16,869.9200000000001,2025-04-22 14:43:00,Olivia Johnson,False
C002080,Mason,Lee,IA,2,16,2392.46,1016.6099999999998,2025-09-14 08:55:00,Mason Lee,True
C002081,Olivia,Anderson,GA,1,2,135.22000000000003,35.32000000000002,2025-11-18 21:08:00,Olivia Anderson,False
C002082,Olivia,Wilson,MO,3,17,3041.34,1081.24,2026-07-23 13:14:00,Olivia Wilson,True
C002083,Liam,Brown,NC,5,19,2804.98,1115.3000000000002,2026-02-14 08:48:00,Liam Brown,True
C002084,Ethan,Brown,VA,2,7,871.17,381.48999999999995,2025-05-03 12:10:00,Ethan Brown,True
C002085,Lucas,Anderson,PA,5,40,6030.4800000000005,2185.9400000000005,2026-04-03 18:22:00,Lucas Anderson,True
C002086,Mason,Lee,NY,5,38,5937.81,2424.3900000000003,2026-04-06 14:11:00,Mason Lee,True
C002087,Mia,Smith,NC,6,25,4172.66,1734.5500000000002,2026-07-19 19:02:00,Mia Smith,True
C002088,Lucas,Brown,GA,1,12,1506.21,591.5999999999999,2025-12-16 15:59:00,Lucas Brown,False
C002089,James,Brown,MO,4,35,5916.37,2144.42,2026-03-04 14:39:00,James Brown,True
C002090,Liam,Davis,MO,3,22,3598.56,1361.7,2026-05-04 11:35:00,Liam Davis,True
C002091,Sophia,Brown,PA,4,23,3275.67,1397.4200000000003,2026-04-29 14:21:00,Sophia Brown,True
C002092,Ethan,Patel,GA,5,20,3795.9,1348.5700000000002,2026-05-13 15:48:00,Ethan Patel,True
C002093,Olivia,Smith,GA,5,25,3670.2,1528.8999999999999,2026-07-07 12:28:00,Olivia Smith,True
C002094,Liam,Taylor,IL,6,39,5679.79,2398.92,2026-08-13 17:05:00,Liam Taylor,True
C002095,Liam,Brown,GA,3,16,3297.51,1212.9,2026-08-29 19:45:00,Liam Brown,True
C002096,Emma,Thomas,MO,7,39,6645.19,2502.3,2026-07-11 15:50:00,Emma Thomas,True
C002097,Liam,Johnson,CA,2,8,891.0699999999999,260.67,2025-12-16 12:41:00,Liam Johnson,True
C002098,Emma,Smith,TX,4,24,2660.63,938.3,2026-01-09 19:41:00,Emma Smith,True
C002099,Mia,Miller,NJ,4,28,4220.3,1504.79,2025-11-14 10:27:00,Mia Miller,True
C002100,Emma,Davis,MO,4,32,4458.17,1640.98,2025-12-08 12:58:00,Emma Davis,True
C002101,Isabella,Johnson,NC,2,7,856.09,213.21,2025-07-11 08:17:00,Isabella Johnson,True
C002102,Noah,Smith,PA,3,22,4393.16,1771.49,2026-04-04 14:24:00,Noah Smith,True
C002103,Liam,Wilson,MO,2,6,700.0799999999999,271.48,2025-11-05 20:22:00,Liam Wilson,True
C002104,Ethan,Anderson,NC,2,18,2031.96,840.58,2026-03-19 21:50:00,Ethan Anderson,True
C002105,Ava,Anderson,MO,2,16,2297.55,848.7900000000002,2026-08-11 13:10:00,Ava Anderson,True
C002106,Emma,Johnson,CA,3,13,2135.46,918.17,2026-03-18 08:44:00,Emma Johnson,True
C002107,Isabella,Garcia,GA,5,21,2126.15,759.6899999999999,2026-08-06 10:37:00,Isabella Garcia,True
C002108,Mason,Davis,CA,1,7,1053.0300000000002,409.1600000000001,2025-02-02 21:23:00,Mason Davis,False
C002109,Lucas,Taylor,VA,7,40,5916.03,2574.59,2026-04-27 12:56:00,Lucas Taylor,True
C002110,Sophia,Taylor,CA,5,22,2763.13,921.79,2026-07-06 10:16:00,Sophia Taylor,True
C002111,Lucas,Johnson,CA,4,23,3568.1400000000003,1266.0600000000002,2026-03-31 18:42:00,Lucas Johnson,True
C002112,Olivia,Thomas,NC,3,16,2504.41,1170.43,2026-06-03 15:34:00,Olivia Thomas,True
C002113,Lucas,Garcia,IL,2,5,924.0699999999999,398.42999999999995,2026-06-09 13:23:00,Lucas Garcia,True
C002114,Isabella,Patel,NY,5,34,3454.25,1077.58,2026-01-20 19:17:00,Isabella Patel,True
C002115,Lucas,Brown,MO,5,28,4033.04,1463.7999999999997,2026-06-04 20:37:00,Lucas Brown,True
C002116,Sophia,Miller,IA,4,16,2093.63,777.5699999999999,2026-08-18 17:58:00,Sophia Miller,True
C002117,Emma,Wilson,NC,2,18,3164.38,1104.98,2026-07-07 18:42:00,Emma Wilson,True
C002118,Emma,Davis,VA,4,31,5113.3099999999995,2166.31,2026-06-24 11:12:00,Emma Davis,True
C002119,Ava,Davis,NY,1,8,1446.19,674.0699999999999,2026-08-27 14:29:00,Ava Davis,False
C002120,Lucas,Miller,IL,2,13,2416.24,783.0300000000001,2026-08-21 15:38:00,Lucas Miller,True
C002121,Ethan,Garcia,IL,3,28,2908.9500000000003,1063.2800000000002,2025-10-02 08:32:00,Ethan Garcia,True
C002122,Lucas,Brown,TX,1,3,452.14,110.85999999999996,2026-06-07 15:55:00,Lucas Brown,False
C002123,Ethan,Smith,VA,5,35,6786.5,2524.37,2025-11-27 14:09:00,Ethan Smith,True
C002124,Olivia,Wilson,CA,6,27,3945.2200000000003,1501.14,2026-06-06 22:52:00,Olivia Wilson,True
C002125,Liam,Smith,IA,3,18,4064.58,1747.66,2026-03-29 11:54:00,Liam Smith,True
C002126,Ava,Wilson,NC,1,4,181.24,90.16000000000001,2025-05-26 17:56:00,Ava Wilson,False
C002127,Isabella,Lee,MO,4,35,5312.09,1951.8400000000004,2026-09-01 10:14:00,Isabella Lee,True
C002128,Isabella,Garcia,PA,6,43,8131.97,3325.41,2026-03-08 12:46:00,Isabella Garcia,True
C002129,Mia,Thomas,NY,6,41,5845.6900000000005,2036.3400000000001,2026-06-16 15:08:00,Mia Thomas,True
C002130,Emma,Lee,IA,5,19,3165.02,1279.69,2026-04-20 12:09:00,Emma Lee,True
C002131,Isabella,Patel,NY,6,38,6917.19,2993.63,2026-04-05 18:13:00,Isabella Patel,True
C002132,Mia,Miller,CA,2,8,994.47,227.95000000000002,2026-07-14 19:25:00,Mia Miller,True
C002133,James,Brown,PA,7,35,5222.49,1803.11,2026-05-06 08:51:00,James Brown,True
C002134,Mason,Wilson,CA,1,5,428.92,131.61,2025-04-20 13:34:00,Mason Wilson,False
C002135,Ethan,Smith,IL,3,12,1805.8899999999999,802.83,2026-07-20 21:59:00,Ethan Smith,True
C002136,Sophia,Thomas,MO,2,12,1710.01,524.8399999999999,2025-12-27 20:06:00,Sophia Thomas,True
C002137,Lucas,Wilson,IL,1,12,1283.15,580.22,2025-03-28 16:17:00,Lucas Wilson,False
C002138,Mason,Johnson,TX,2,23,3461.68,1442.28,2025-07-19 16:22:00,Mason Johnson,True
C002139,Lucas,Taylor,GA,8,58,9568.78,3719.4400000000005,2026-08-30 10:37:00,Lucas Taylor,True
C002140,Sophia,Miller,MO,2,12,2457.44,1112.0,2026-07-22 09:50:00,Sophia Miller,True
C002141,Olivia,Garcia,PA,5,30,4477.05,1626.44,2026-06-14 08:49:00,Olivia Garcia,True
C002142,Mason,Patel,GA,2,6,1200.46,339.96,2025-12-25 22:06:00,Mason Patel,True
C002143,Mason,Taylor,NC,5,28,5204.2,2002.17,2026-07-29 09:23:00,Mason Taylor,True
C002144,Sophia,Smith,MO,3,28,3641.8,1181.5800000000002,2026-07-21 09:15:00,Sophia Smith,True
C002145,Noah,Lee,IL,3,13,1745.13,593.35,2025-12-08 10:49:00,Noah Lee,True
C002146,Noah,Johnson,IA,2,18,2711.76,1162.9,2026-07-04 19:22:00,Noah Johnson,True
C002147,Mia,Patel,CA,2,11,1717.5500000000002,803.2900000000001,2025-10-22 17:58:00,Mia Patel,True
C002148,Liam,Smith,TX,6,44,5975.86,2235.0,2026-07-26 16:19:00,Liam Smith,True
C002149,Liam,Garcia,MO,3,20,3329.4,1433.77,2026-09-07 15:41:00,Liam Garcia,True
C002150,Ethan,Wilson,GA,5,45,7305.51,2477.15,2026-05-21 18:56:00,Ethan Wilson,True
C002151,Sophia,Miller,NC,4,30,4686.66,2008.1100000000001,2026-06-18 20:41:00,Sophia Miller,True
C002152,Olivia,Miller,TX,5,30,4220.84,1372.8999999999999,2026-07-14 13:47:00,Olivia Miller,True
C002153,Sophia,Brown,VA,2,21,2896.17,1049.88,2025-06-19 10:09:00,Sophia Brown,True
C002154,Emma,Miller,MO,4,21,4098.5599999999995,1679.78,2026-02-03 17:01:00,Emma Miller,True
C002155,Mason,Garcia,NY,4,26,2916.05,1200.3300000000002,2026-07-15 15:41:00,Mason Garcia,True
C002156,Isabella,Davis,PA,5,25,4015.0800000000004,1538.4900000000002,2026-04-26 18:58:00,Isabella Davis,True
C002157,Mia,Davis,GA,1,4,535.01,244.56,2026-03-11 19:53:00,Mia Davis,False
C002158,Mason,Brown,FL,2,19,2192.3199999999997,893.2099999999999,2025-08-04 18:53:00,Mason Brown,True
C002159,Lucas,Davis,IL,7,39,5877.06,2436.67,2026-08-07 18:06:00,Lucas Davis,True
C002160,Emma,Taylor,VA,7,24,4441.41,1891.89,2026-05-06 15:26:00,Emma Taylor,True
C002161,James,Garcia,PA,2,10,1318.3400000000001,608.86,2026-03-12 09:55:00,James Garcia,True
C002162,Sophia,Brown,TX,3,8,1557.13,642.05,2026-05-17 14:54:00,Sophia Brown,True
C002163,Sophia,Davis,PA,6,44,6510.57,2311.5600000000004,2026-02-18 15:08:00,Sophia Davis,True
C002164,James,Anderson,TX,1,7,1326.04,564.1499999999999,2026-02-25 14:02:00,James Anderson,False
C002165,Ava,Brown,PA,1,5,359.66999999999996,161.76,2025-03-12 14:29:00,Ava Brown,False
C002166,Olivia,Garcia,NJ,4,37,5930.47,2374.25,2025-10-26 11:55:00,Olivia Garcia,True
C002167,James,Brown,PA,1,5,825.6500000000001,290.74,2025-07-21 16:19:00,James Brown,False
C002168,Noah,Lee,CA,5,32,4813.139999999999,1737.1100000000001,2026-08-05 21:08:00,Noah Lee,True
C002169,Olivia,Lee,VA,4,28,3464.45,1370.52,2026-07-19 22:44:00,Olivia Lee,True
C002170,Emma,Brown,TX,7,40,6347.889999999999,2837.59,2026-07-24 09:08:00,Emma Brown,True
C002171,Noah,Taylor,GA,3,14,2216.0299999999997,929.79,2025-12-10 11:06:00,Noah Taylor,True
C002172,James,Miller,NC,2,10,1336.6299999999999,471.43,2025-07-04 17:58:00,James Miller,True
C002173,Ava,Garcia,GA,1,4,1217.32,551.76,2026-07-19 09:47:00,Ava Garcia,False
C002174,Ethan,Taylor,TX,5,27,4379.63,1403.54,2026-04-18 14:00:00,Ethan Taylor,True
C002175,Noah,Smith,IL,3,27,4647.19,1602.0,2026-03-04 09:53:00,Noah Smith,True
C002176,Mia,Davis,IL,2,12,1448.0500000000002,381.52000000000004,2025-08-27 13:45:00,Mia Davis,True
C002177,Mia,Patel,TX,3,18,1245.6599999999999,523.4799999999999,2026-05-24 14:36:00,Mia Patel,True
C002178,Noah,Wilson,IA,8,43,7100.7,2659.77,2026-08-13 21:12:00,Noah Wilson,True
C002179,Isabella,Patel,VA,4,17,3128.95,1462.93,2026-08-04 21:57:00,Isabella Patel,True
C002181,Isabella,Wilson,GA,2,7,1125.0400000000002,509.44000000000005,2026-08-20 13:07:00,Isabella Wilson,True
C002182,Ava,Taylor,PA,3,27,5080.6,1884.8400000000001,2025-10-07 19:10:00,Ava Taylor,True
C002183,Emma,Davis,PA,5,27,4236.7699999999995,1490.71,2026-06-12 13:05:00,Emma Davis,True
C002184,Ava,Miller,GA,10,85,13391.52,4987.45,2026-08-10 20:18:00,Ava Miller,True
C002185,Liam,Brown,NC,2,11,2251.74,909.04,2026-04-07 12:59:00,Liam Brown,True
C002186,Ava,Patel,FL,3,14,1767.87,742.3499999999999,2026-07-31 16:28:00,Ava Patel,True
C002187,Isabella,Taylor,MO,6,46,7768.55,2634.68,2026-07-04 13:30:00,Isabella Taylor,True
C002188,Isabella,Johnson,VA,4,35,4435.33,1701.37,2026-06-18 14:38:00,Isabella Johnson,True
C002189,Olivia,Smith,FL,3,23,3878.13,1653.8400000000001,2026-09-04 11:38:00,Olivia Smith,True
C002191,Sophia,Smith,FL,1,4,700.8,161.01999999999998,2026-03-23 12:05:00,Sophia Smith,False
C002192,Ethan,Lee,VA,2,14,1190.3,442.65999999999997,2026-04-01 13:36:00,Ethan Lee,True
C002193,Isabella,Lee,FL,5,22,4212.83,1538.8000000000002,2026-09-08 18:02:00,Isabella Lee,True
C002194,Lucas,Brown,MO,4,40,6448.96,2313.15,2026-07-31 09:39:00,Lucas Brown,True
C002195,Isabella,Anderson,IA,6,27,3007.01,1158.61,2026-07-12 21:59:00,Isabella Anderson,True
C002196,Liam,Miller,VA,5,33,6829.860000000001,2657.3,2026-09-12 10:48:00,Liam Miller,True
C002197,Lucas,Smith,NY,5,32,4760.46,1772.01,2026-09-04 12:38:00,Lucas Smith,True
C002198,Mason,Lee,VA,3,21,1395.76,500.59,2026-08-03 11:57:00,Mason Lee,True
C002199,Mia,Lee,PA,3,18,3218.9100000000003,1387.41,2026-02-05 14:02:00,Mia Lee,True
C002200,Ethan,Taylor,PA,5,36,4987.99,1979.51,2026-06-15 21:34:00,Ethan Taylor,True
C002201,Ava,Anderson,NC,2,11,2464.79,1060.0800000000002,2025-08-26 12:46:00,Ava Anderson,True
C002202,Isabella,Thomas,CA,3,31,5060.71,1865.3999999999999,2025-07-30 17:11:00,Isabella Thomas,True
C002203,James,Patel,NY,2,18,1331.82,467.21000000000004,2026-07-07 13:43:00,James Patel,True
C002204,Noah,Garcia,NY,2,20,3097.58,1314.26,2026-03-14 09:54:00,Noah Garcia,True
C002205,Liam,Anderson,FL,2,17,2740.97,1310.45,2026-07-16 09:14:00,Liam Anderson,True
C002206,Ethan,Davis,TX,2,14,1668.26,460.28999999999996,2026-04-14 12:52:00,Ethan Davis,True
C002207,Sophia,Brown,TX,5,29,4044.79,1581.03,2025-10-17 19:45:00,Sophia Brown,True
C002208,Mason,Davis,PA,3,23,4135.3,1454.24,2026-08-24 12:43:00,Mason Davis,True
C002209,Ethan,Taylor,IA,2,12,1857.74,542.6500000000001,2025-08-10 14:26:00,Ethan Taylor,True
C002210,Isabella,Garcia,FL,6,21,3622.46,1533.96,2026-08-18 21:54:00,Isabella Garcia,True
C002211,Ethan,Lee,PA,2,14,1779.6299999999999,477.5599999999999,2026-04-23 08:42:00,Ethan Lee,True
C002212,Ava,Taylor,CA,3,27,4490.38,1644.8700000000001,2026-08-14 15:56:00,Ava Taylor,True
C002213,James,Thomas,NJ,3,23,4126.24,1688.08,2026-02-14 22:35:00,James Thomas,True
C002214,Olivia,Lee,FL,3,15,2627.25,997.76,2025-04-30 12:44:00,Olivia Lee,True
C002215,Ava,Smith,NJ,5,33,4705.13,1920.5,2025-11-02 13:58:00,Ava Smith,True
C002216,Ava,Taylor,MO,2,13,1737.85,545.3499999999999,2025-10-27 08:30:00,Ava Taylor,True
C002217,Noah,Johnson,TX,1,4,78.08,39.08,2025-11-07 19:33:00,Noah Johnson,False
C002218,Noah,Miller,CA,4,28,3059.31,1173.29,2026-06-26 14:09:00,Noah Miller,True
C002219,James,Brown,TX,3,17,1672.55,462.53999999999996,2026-08-28 13:56:00,James Brown,True
C002220,Mason,Brown,TX,3,11,1636.56,648.11,2026-06-12 14:16:00,Mason Brown,True
C002221,Lucas,Taylor,NY,3,17,3815.2799999999997,1702.28,2025-12-28 12:41:00,Lucas Taylor,True
C002222,Noah,Lee,IL,3,20,4257.48,1688.08,2026-02-10 11:39:00,Noah Lee,True
C002223,Lucas,Davis,TX,2,14,1582.75,556.36,2025-09-27 08:45:00,Lucas Davis,True
C002224,James,Miller,NY,3,22,4408.45,1773.96,2025-09-30 11:01:00,James Miller,True
C002225,Ava,Miller,IL,5,30,3838.91,1190.3500000000001,2026-05-12 20:16:00,Ava Miller,True
C002226,Emma,Anderson,VA,1,3,306.89,53.329999999999984,2026-06-14 11:23:00,Emma Anderson,False
C002227,Mia,Garcia,PA,5,44,6459.5199999999995,2282.12,2026-02-05 08:39:00,Mia Garcia,True
C002229,Lucas,Smith,NY,3,15,2118.6,1021.47,2025-07-26 20:12:00,Lucas Smith,True
C002230,Lucas,Brown,PA,3,10,1309.22,419.68999999999994,2026-07-25 11:19:00,Lucas Brown,True
C002231,Ava,Wilson,GA,4,15,2224.7799999999997,994.9999999999999,2026-09-10 21:42:00,Ava Wilson,True
C002232,Sophia,Miller,FL,1,3,419.26,178.85000000000002,2026-01-06 18:02:00,Sophia Miller,False
C002233,Emma,Taylor,IL,5,34,4676.36,1661.66,2026-08-12 21:55:00,Emma Taylor,True
C002234,Noah,Miller,GA,6,39,7194.07,3173.89,2026-04-12 09:29:00,Noah Miller,True
C002235,Emma,Thomas,FL,3,15,2084.11,867.7,2026-08-13 10:54:00,Emma Thomas,True
C002236,Lucas,Taylor,PA,4,21,2670.5,831.3100000000001,2026-03-20 08:16:00,Lucas Taylor,True
C002237,Isabella,Miller,GA,8,57,8950.62,3489.39,2026-06-17 14:56:00,Isabella Miller,True
C002238,Liam,Davis,MO,4,21,5132.77,2340.59,2026-05-02 20:04:00,Liam Davis,True
C002239,Isabella,Thomas,NC,4,31,5537.5,2127.73,2026-05-25 16:22:00,Isabella Thomas,True
C002240,Isabella,Johnson,NJ,2,11,1534.37,569.05,2026-03-19 15:09:00,Isabella Johnson,True
C002241,Isabella,Johnson,IL,5,34,5888.02,2006.1800000000003,2026-08-07 17:11:00,Isabella Johnson,True
C002242,Mason,Taylor,NY,2,14,2298.56,818.0600000000001,2026-06-17 22:53:00,Mason Taylor,True
C002243,Noah,Taylor,VA,4,22,3940.99,1595.88,2025-04-20 20:18:00,Noah Taylor,True
C002244,Mason,Smith,PA,6,32,5772.38,2396.05,2026-08-30 15:01:00,Mason Smith,True
C002245,Mia,Miller,FL,2,12,1493.37,611.86,2026-05-22 15:38:00,Mia Miller,True
C002246,Olivia,Wilson,IA,6,33,5229.86,1770.98,2026-07-18 20:51:00,Olivia Wilson,True
C002247,James,Miller,IA,2,5,885.8399999999999,336.7099999999999,2025-01-21 21:46:00,James Miller,True
C002248,Mason,Lee,NJ,4,21,4036.73,1633.9699999999998,2026-03-19 12:19:00,Mason Lee,True
C002249,Liam,Thomas,PA,4,26,5059.09,1893.23,2026-07-28 17:54:00,Liam Thomas,True
C002250,Ava,Johnson,IA,4,26,3885.23,1165.19,2025-07-01 09:05:00,Ava Johnson,True
C002251,Noah,Thomas,VA,1,13,1920.77,759.6199999999999,2026-08-31 16:27:00,Noah Thomas,False
C002252,Isabella,Garcia,FL,5,41,6437.14,2383.94,2026-03-17 13:59:00,Isabella Garcia,True
C002253,Ethan,Johnson,TX,7,40,6098.27,2481.34,2026-09-11 17:13:00,Ethan Johnson,True
C002254,Mia,Wilson,IL,1,12,1865.74,429.72,2025-02-04 13:52:00,Mia Wilson,False
C002255,Liam,Johnson,NY,3,16,1575.4499999999998,513.4899999999999,2025-12-10 15:50:00,Liam Johnson,True
C002256,Mia,Brown,PA,2,9,743.88,310.98,2026-05-06 08:11:00,Mia Brown,True
C002257,Lucas,Taylor,FL,6,46,6410.02,2407.76,2026-09-12 17:22:00,Lucas Taylor,True
C002258,Mia,Smith,NJ,3,12,2287.4,1009.7900000000001,2026-08-09 15:40:00,Mia Smith,True
C002259,Noah,Garcia,FL,1,4,1002.36,380.68000000000006,2025-11-26 17:48:00,Noah Garcia,False
C002260,Mason,Brown,GA,3,13,1764.21,437.72,2026-04-15 20:55:00,Mason Brown,True
C002262,Isabella,Anderson,GA,6,37,6260.99,2708.32,2026-08-07 20:44:00,Isabella Anderson,True
C002263,Olivia,Patel,MO,4,27,5515.47,2082.3900000000003,2026-09-05 16:10:00,Olivia Patel,True
C002264,Emma,Davis,CA,3,20,3672.16,1542.2400000000002,2026-08-11 22:21:00,Emma Davis,True
C002265,Mason,Miller,NC,2,18,2449.36,940.09,2026-02-25 08:20:00,Mason Miller,True
C002266,Ethan,Lee,NJ,4,30,3638.12,1491.31,2026-02-23 11:12:00,Ethan Lee,True
C002268,Noah,Patel,NC,4,21,3480.06,1317.74,2026-06-10 19:53:00,Noah Patel,True
C002269,Sophia,Thomas,PA,3,12,1269.48,410.6,2025-11-01 11:01:00,Sophia Thomas,True
C002270,Noah,Wilson,NY,5,23,2630.3199999999997,977.8,2026-04-01 10:04:00,Noah Wilson,True
C002271,Ethan,Davis,MO,2,14,2584.5299999999997,965.01,2026-04-18 13:26:00,Ethan Davis,True
C002272,Isabella,Brown,FL,7,45,7299.11,3007.66,2026-07-30 19:00:00,Isabella Brown,True
C002273,Ava,Taylor,NC,6,47,6870.82,2635.52,2026-04-16 10:14:00,Ava Taylor,True
C002274,James,Lee,GA,4,24,3700.88,1250.21,2025-12-31 08:32:00,James Lee,True
C002275,Lucas,Miller,NY,4,22,3936.93,1035.8200000000002,2026-07-14 12:39:00,Lucas Miller,True
C002276,Lucas,Taylor,FL,6,45,7485.99,2806.2,2026-08-06 16:29:00,Lucas Taylor,True
C002277,Emma,Anderson,FL,3,19,2688.29,1131.97,2026-01-05 13:05:00,Emma Anderson,True
C002278,Olivia,Anderson,TX,1,4,629.1,235.38000000000002,2025-02-16 08:50:00,Olivia Anderson,False
C002279,Noah,Garcia,IL,2,11,2289.9900000000002,668.0200000000002,2026-09-06 19:24:00,Noah Garcia,True
C002280,Noah,Davis,IL,4,31,4600.66,1431.6000000000001,2026-03-26 12:48:00,Noah Davis,True
C002281,Mia,Taylor,MO,2,14,2569.82,1023.46,2026-01-11 15:13:00,Mia Taylor,True
C002282,James,Patel,FL,3,14,1324.2,554.4200000000001,2026-03-21 20:30:00,James Patel,True
C002283,Emma,Brown,FL,4,32,4842.08,1543.41,2026-06-03 11:58:00,Emma Brown,True
C002284,Isabella,Smith,IL,2,12,2498.78,957.5500000000001,2026-02-12 10:51:00,Isabella Smith,True
C002285,James,Davis,NJ,3,19,2630.02,951.72,2026-05-31 17:50:00,James Davis,True
C002286,Ethan,Brown,PA,3,15,3212.25,1367.63,2026-05-06 22:36:00,Ethan Brown,True
C002287,Sophia,Thomas,NC,4,18,3154.02,932.4000000000001,2026-01-11 08:21:00,Sophia Thomas,True
C002288,Olivia,Miller,NJ,2,8,2220.54,1083.4499999999998,2026-05-01 16:33:00,Olivia Miller,True
C002289,Noah,Garcia,IA,2,7,1333.47,540.63,2026-03-24 15:21:00,Noah Garcia,True
C002290,Ethan,Thomas,VA,4,32,3610.48,1379.12,2026-05-24 18:54:00,Ethan Thomas,True
C002291,Mason,Lee,VA,1,1,91.66,29.9,2025-01-12 10:15:00,Mason Lee,False
C002292,Sophia,Anderson,NC,5,26,3017.85,1023.1,2026-02-01 16:50:00,Sophia Anderson,True
C002293,Mason,Wilson,GA,3,11,1415.44,479.7900000000001,2026-02-09 11:49:00,Mason Wilson,True
C002294,Sophia,Lee,FL,6,38,6801.110000000001,2609.09,2026-07-30 16:31:00,Sophia Lee,True
C002295,Mia,Wilson,NJ,4,39,3933.44,1358.28,2026-01-10 15:58:00,Mia Wilson,True
C002296,Ava,Wilson,FL,2,19,1636.68,602.69,2026-02-15 15:13:00,Ava Wilson,True
C002297,Emma,Brown,TX,2,19,2827.56,1271.87,2025-10-11 13:10:00,Emma Brown,True
C002298,Mia,Anderson,IL,1,2,90.62,45.080000000000005,2025-10-02 08:53:00,Mia Anderson,False
C002299,Isabella,Thomas,PA,6,42,7039.5,2517.1800000000003,2026-06-20 17:03:00,Isabella Thomas,True
C002300,Emma,Wilson,NC,3,24,3998.5099999999998,1432.2399999999998,2026-08-12 15:21:00,Emma Wilson,True
C002301,Mason,Davis,PA,3,31,5841.05,2290.05,2026-08-12 16:35:00,Mason Davis,True
C002302,James,Miller,IA,3,21,2158.01,794.77,2026-06-19 19:42:00,James Miller,True
C002303,Mia,Thomas,NC,3,24,2091.67,573.2399999999999,2026-01-02 13:57:00,Mia Thomas,True
C002304,Liam,Thomas,PA,2,19,3832.1099999999997,1747.7799999999997,2026-07-13 18:55:00,Liam Thomas,True
C002305,Lucas,Thomas,TX,6,39,4766.84,2012.3100000000002,2026-09-02 12:25:00,Lucas Thomas,True
C002306,Mia,Patel,NJ,4,28,5238.64,2056.33,2026-07-06 15:03:00,Mia Patel,True
C002307,Isabella,Davis,FL,2,9,1372.44,501.06999999999994,2025-06-09 14:42:00,Isabella Davis,True
C002308,Sophia,Smith,FL,6,36,6233.8,2207.69,2026-08-23 20:50:00,Sophia Smith,True
C002309,Liam,Thomas,PA,4,14,2163.88,620.69,2026-02-28 18:59:00,Liam Thomas,True
C002310,Ethan,Anderson,TX,5,25,4198.16,1243.55,2026-09-06 13:54:00,Ethan Anderson,True
C002311,Emma,Davis,PA,3,21,3388.23,1153.4099999999999,2025-08-14 20:42:00,Emma Davis,True
C002312,Lucas,Thomas,TX,5,21,3075.2799999999997,1427.4099999999999,2026-08-09 19:36:00,Lucas Thomas,True
C002313,Liam,Brown,TX,4,31,5245.46,1821.87,2026-09-05 11:03:00,Liam Brown,True
C002314,Ava,Lee,NJ,3,12,1611.46,488.26,2026-07-14 13:29:00,Ava Lee,True
C002315,Sophia,Miller,TX,6,45,7072.1,2717.13,2026-09-04 11:48:00,Sophia Miller,True
C002317,Olivia,Taylor,VA,7,47,9901.47,4018.92,2026-07-25 14:52:00,Olivia Taylor,True
C002318,Mia,Taylor,FL,2,11,1593.95,598.5400000000001,2025-10-16 10:41:00,Mia Taylor,True
C002320,James,Anderson,IA,3,20,2960.15,961.9900000000001,2026-09-12 17:29:00,James Anderson,True
C002321,Sophia,Thomas,PA,5,31,5466.35,1948.13,2026-07-12 17:12:00,Sophia Thomas,True
C002322,Isabella,Miller,IL,4,25,3833.49,1674.81,2026-01-20 14:06:00,Isabella Miller,True
C002323,Lucas,Lee,NJ,1,6,1238.2,591.1600000000001,2025-11-18 20:58:00,Lucas Lee,False
C002324,Noah,Smith,VA,2,16,3362.17,1142.27,2026-04-29 17:05:00,Noah Smith,True
C002325,Olivia,Brown,NJ,6,42,5431.84,2118.3300000000004,2026-03-30 16:42:00,Olivia Brown,True
C002326,Mason,Davis,NY,1,8,1484.92,745.2800000000001,2026-01-24 20:46:00,Mason Davis,False
C002327,Noah,Anderson,PA,5,27,4170.25,1376.52,2026-01-17 15:06:00,Noah Anderson,True
C002328,Isabella,Thomas,IL,1,3,238.62,88.76999999999998,2025-04-18 09:55:00,Isabella Thomas,False
C002329,Mia,Smith,NY,4,17,1940.5,748.9300000000001,2026-03-23 10:22:00,Mia Smith,True
C002330,Olivia,Johnson,PA,6,17,3256.73,1194.9,2026-07-25 12:23:00,Olivia Johnson,True
C002331,Ava,Miller,PA,8,50,8138.86,3459.37,2026-04-16 14:01:00,Ava Miller,True
C002332,Mason,Wilson,CA,2,9,554.91,169.05,2025-10-20 10:45:00,Mason Wilson,True
C002333,Isabella,Smith,MO,6,35,5932.74,2206.53,2026-06-26 09:27:00,Isabella Smith,True
C002334,James,Johnson,NY,7,46,5505.57,2274.31,2026-06-05 18:41:00,James Johnson,True
C002335,Ethan,Smith,IL,1,8,486.1,179.92,2026-01-08 17:18:00,Ethan Smith,False
C002336,Liam,Taylor,NY,7,33,3999.88,1428.25,2026-04-24 21:23:00,Liam Taylor,True
C002337,Emma,Patel,CA,4,29,3984.4,1717.46,2025-09-13 18:12:00,Emma Patel,True
C002338,Emma,Lee,CA,4,31,5655.61,2276.48,2026-07-09 19:33:00,Emma Lee,True
C002339,Ava,Brown,NJ,4,23,3173.68,1231.78,2026-05-04 18:16:00,Ava Brown,True
C002340,Emma,Taylor,CA,3,12,1626.13,769.45,2025-07-23 08:20:00,Emma Taylor,True
C002341,Lucas,Thomas,NY,4,41,6495.84,2812.28,2026-08-22 12:38:00,Lucas Thomas,True
C002342,Mason,Wilson,NC,7,45,6095.52,1946.3300000000002,2026-07-19 20:15:00,Mason Wilson,True
C002343,Isabella,Patel,VA,3,14,403.86,123.61999999999999,2026-07-08 19:45:00,Isabella Patel,True
C002344,Mia,Garcia,MO,3,11,1958.78,798.88,2026-09-06 10:01:00,Mia Garcia,True
C002345,Olivia,Brown,NY,1,7,1420.35,423.78,2026-06-12 08:06:00,Olivia Brown,False
C002346,James,Anderson,TX,10,43,7530.76,2782.86,2026-04-30 09:14:00,James Anderson,True
C002347,Emma,Garcia,CA,4,24,3475.0299999999997,1168.64,2026-06-27 21:41:00,Emma Garcia,True
C002348,Sophia,Davis,TX,5,34,4603.64,1917.13,2026-04-30 13:47:00,Sophia Davis,True
C002349,Sophia,Thomas,NJ,3,17,2078.41,733.8699999999999,2025-09-21 17:37:00,Sophia Thomas,True
C002350,Noah,Taylor,MO,2,11,1351.79,493.86,2026-07-24 09:05:00,Noah Taylor,True
C002351,Isabella,Brown,PA,3,12,2154.39,899.7599999999999,2026-06-18 08:31:00,Isabella Brown,True
C002352,Isabella,Wilson,NJ,1,7,1345.0500000000002,586.0400000000001,2025-10-19 14:07:00,Isabella Wilson,False
C002353,Ethan,Miller,TX,3,29,3926.55,1533.95,2026-06-01 21:36:00,Ethan Miller,True
C002354,Liam,Smith,NY,4,18,2294.83,931.1899999999999,2026-07-23 22:58:00,Liam Smith,True
C002355,Noah,Taylor,CA,3,16,2931.81,1253.4599999999998,2026-07-02 09:07:00,Noah Taylor,True
C002356,Isabella,Smith,NC,7,54,8550.39,3060.74,2026-09-10 08:26:00,Isabella Smith,True
C002357,Mia,Brown,IA,2,13,1833.22,668.6800000000001,2026-02-24 14:22:00,Mia Brown,True
C002358,Sophia,Brown,VA,7,59,11881.26,4782.96,2026-05-14 08:03:00,Sophia Brown,True
C002359,Mia,Wilson,VA,2,20,2809.78,1160.59,2025-09-05 20:22:00,Mia Wilson,True
C002360,Noah,Wilson,IL,3,11,1978.9799999999998,753.76,2026-07-01 11:20:00,Noah Wilson,True
C002361,Emma,Wilson,NY,3,22,3303.13,1107.57,2025-10-05 20:01:00,Emma Wilson,True
C002362,Ava,Johnson,VA,4,30,6434.88,2422.2700000000004,2026-05-05 17:16:00,Ava Johnson,True
C002363,Mia,Lee,FL,3,18,2296.85,914.31,2026-09-02 12:35:00,Mia Lee,True
C002364,Mia,Garcia,NY,3,22,3175.42,1005.7600000000001,2025-07-26 13:48:00,Mia Garcia,True
C002365,James,Johnson,CA,3,27,3791.13,1192.23,2026-08-30 17:10:00,James Johnson,True
C002366,Mason,Thomas,FL,1,2,281.83,40.829999999999984,2025-05-13 15:42:00,Mason Thomas,False
C002367,Isabella,Lee,PA,1,9,1386.6799999999998,570.7199999999999,2025-07-22 09:14:00,Isabella Lee,False
C002368,Sophia,Thomas,NY,5,29,4368.99,1838.71,2026-06-30 08:24:00,Sophia Thomas,True
C002369,Ethan,Davis,IL,4,34,6566.59,2715.77,2025-11-18 17:35:00,Ethan Davis,True
C002370,Olivia,Thomas,FL,7,55,7967.87,3082.86,2026-07-07 10:09:00,Olivia Thomas,True
C002371,Noah,Garcia,NJ,5,27,3786.97,1606.58,2026-08-11 13:04:00,Noah Garcia,True
C002372,Noah,Taylor,NC,5,32,6137.3,2198.5099999999998,2025-11-01 12:29:00,Noah Taylor,True
C002373,Liam,Smith,PA,4,13,1580.36,625.16,2026-04-19 17:27:00,Liam Smith,True
C002374,Noah,Thomas,GA,1,8,472.30000000000007,182.30000000000004,2026-04-07 13:20:00,Noah Thomas,False
C002375,Ava,Miller,IL,2,13,579.11,219.76,2026-06-30 20:58:00,Ava Miller,True
C002376,Olivia,Taylor,IL,3,28,5614.0,2049.9,2026-01-17 12:44:00,Olivia Taylor,True
C002377,Mason,Brown,GA,4,27,3415.7599999999998,1278.3199999999997,2025-11-26 13:33:00,Mason Brown,True
C002378,James,Wilson,FL,3,10,1982.4099999999999,669.1799999999998,2026-02-17 12:17:00,James Wilson,True
C002379,Isabella,Wilson,PA,6,37,4928.74,2161.26,2026-03-01 09:38:00,Isabella Wilson,True
C002380,Mia,Taylor,IL,1,11,2047.8700000000001,629.3,2025-12-07 08:28:00,Mia Taylor,False
C002381,Ethan,Johnson,VA,4,27,3530.67,1409.0600000000002,2026-05-23 09:41:00,Ethan Johnson,True
C002383,Ethan,Taylor,VA,5,47,6290.23,2277.2400000000002,2026-08-16 15:50:00,Ethan Taylor,True
C002384,Noah,Garcia,CA,3,26,4955.62,1976.4500000000003,2026-08-30 10:27:00,Noah Garcia,True
C002385,Emma,Brown,IA,6,26,4643.639999999999,2081.11,2026-06-27 09:01:00,Emma Brown,True
C002386,Mason,Miller,NJ,3,23,2299.73,782.8100000000001,2025-09-05 16:46:00,Mason Miller,True
C002388,Ava,Lee,IL,5,40,6519.3,2464.56,2026-08-01 13:28:00,Ava Lee,True
C002389,Ethan,Garcia,IL,2,10,1546.3400000000001,635.76,2026-08-04 10:05:00,Ethan Garcia,True
C002390,Ethan,Thomas,GA,3,31,5896.66,2104.3,2026-03-08 22:14:00,Ethan Thomas,True
C002391,Ava,Smith,NC,2,13,2847.42,1199.8300000000002,2025-06-07 12:08:00,Ava Smith,True
C002392,Noah,Wilson,MO,5,28,4250.71,1354.1,2026-04-29 18:09:00,Noah Wilson,True
C002393,Lucas,Patel,VA,4,39,5871.42,2227.2700000000004,2026-07-19 19:05:00,Lucas Patel,True
C002394,Emma,Brown,NJ,4,11,1927.62,594.6999999999999,2026-08-20 17:10:00,Emma Brown,True
C002395,Emma,Lee,NC,3,7,745.64,296.53999999999996,2026-02-16 21:44:00,Emma Lee,True
C002396,Emma,Smith,CA,4,25,3921.81,1162.0600000000002,2026-04-06 16:47:00,Emma Smith,True
C002397,Mia,Johnson,IL,4,11,1413.3300000000002,552.98,2026-03-16 09:19:00,Mia Johnson,True
C002398,Ava,Lee,FL,1,6,1186.83,435.24000000000007,2025-05-31 16:37:00,Ava Lee,False
C002399,Emma,Patel,MO,5,30,4700.3099999999995,1853.8600000000001,2026-07-17 10:12:00,Emma Patel,True
C002400,James,Lee,FL,8,44,5801.47,2260.56,2026-06-29 15:21:00,James Lee,True
C002401,Liam,Davis,NJ,3,10,1681.48,605.28,2026-04-30 12:41:00,Liam Davis,True
C002402,Lucas,Wilson,FL,3,20,3181.86,854.2200000000003,2026-06-18 22:53:00,Lucas Wilson,True
C002403,James,Johnson,NJ,5,28,3634.18,1516.4399999999998,2026-09-10 18:39:00,James Johnson,True
C002404,Olivia,Thomas,FL,1,3,194.39999999999998,61.109999999999985,2025-02-15 09:54:00,Olivia Thomas,False
C002405,Noah,Patel,VA,3,14,2373.9700000000003,868.9100000000002,2025-10-28 19:30:00,Noah Patel,True
C002406,Olivia,Patel,NC,7,38,3915.06,1348.22,2026-08-27 14:06:00,Olivia Patel,True
C002407,Ethan,Miller,NJ,1,5,1456.5500000000002,639.0600000000002,2025-01-05 22:28:00,Ethan Miller,False
C002408,Emma,Garcia,IL,5,26,4421.79,1540.1100000000001,2026-03-12 22:34:00,Emma Garcia,True
C002409,Liam,Anderson,FL,5,29,5016.53,1856.3300000000002,2026-02-25 09:50:00,Liam Anderson,True
C002410,Mia,Brown,CA,4,18,3398.27,1354.52,2026-05-23 22:31:00,Mia Brown,True
C002411,Emma,Thomas,VA,4,17,2570.3500000000004,880.3800000000001,2026-04-22 09:34:00,Emma Thomas,True
C002412,Liam,Davis,FL,3,20,3378.59,1279.8100000000002,2025-11-12 17:55:00,Liam Davis,True
C002413,Olivia,Anderson,PA,5,27,4470.29,1837.71,2026-09-07 15:23:00,Olivia Anderson,True
C002414,Isabella,Taylor,NY,4,24,3524.99,1070.5700000000002,2025-09-17 22:12:00,Isabella Taylor,True
C002415,Mia,Miller,VA,3,16,3026.74,1273.7599999999998,2025-08-29 11:47:00,Mia Miller,True
C002416,Mia,Miller,MO,3,16,2815.68,1080.84,2026-09-03 22:59:00,Mia Miller,True
C002417,Noah,Patel,MO,5,17,2547.03,1060.43,2026-08-20 16:25:00,Noah Patel,True
C002418,Emma,Thomas,CA,5,34,4487.07,1530.17,2026-09-03 20:22:00,Emma Thomas,True
C002419,Sophia,Davis,NC,4,32,5083.7,1605.2600000000002,2026-05-31 11:57:00,Sophia Davis,True
C002420,Isabella,Patel,FL,3,24,3221.62,973.2,2026-04-14 11:07:00,Isabella Patel,True
C002421,Ethan,Garcia,IA,1,3,900.3000000000001,444.51000000000005,2026-03-18 19:48:00,Ethan Garcia,False
C002422,Liam,Lee,FL,3,7,1683.33,818.8499999999999,2025-11-02 17:26:00,Liam Lee,True
C002423,Ava,Patel,GA,5,29,5443.25,1649.78,2026-03-16 22:14:00,Ava Patel,True
C002424,Lucas,Garcia,IA,5,30,4737.73,1842.4900000000002,2026-07-09 19:20:00,Lucas Garcia,True
C002425,Emma,Davis,TX,6,31,5172.41,1950.92,2026-05-14 19:01:00,Emma Davis,True
C002426,Noah,Smith,IA,3,15,2685.5499999999997,956.0099999999998,2026-08-28 18:15:00,Noah Smith,True
C002427,Mia,Lee,CA,5,30,4443.04,1629.55,2025-07-09 15:56:00,Mia Lee,True
C002428,James,Anderson,NC,8,46,7509.53,3026.69,2026-04-20 21:28:00,James Anderson,True
C002430,Mia,Taylor,VA,6,35,4327.14,1418.58,2026-09-12 22:45:00,Mia Taylor,True
C002431,Isabella,Brown,NY,3,28,3684.08,1483.1699999999998,2026-05-23 14:41:00,Isabella Brown,True
C002432,Noah,Smith,IL,7,52,7287.45,2815.17,2026-08-05 22:25:00,Noah Smith,True
C002433,Lucas,Brown,PA,11,58,8059.74,3247.48,2026-09-02 21:03:00,Lucas Brown,True
C002434,Liam,Miller,TX,6,27,4670.200000000001,1876.0800000000002,2026-08-14 22:44:00,Liam Miller,True
C002435,Ethan,Lee,CA,5,36,6829.110000000001,2704.9700000000003,2026-08-17 12:09:00,Ethan Lee,True
C002436,Noah,Miller,PA,4,28,4330.84,1399.5900000000001,2026-08-27 21:55:00,Noah Miller,True
C002437,Olivia,Wilson,FL,2,7,624.21,213.34999999999997,2026-03-07 13:30:00,Olivia Wilson,True
C002438,Emma,Thomas,NY,3,20,2127.43,904.49,2026-04-02 15:10:00,Emma Thomas,True
C002439,Mason,Patel,GA,4,29,4007.96,1538.04,2026-07-15 10:16:00,Mason Patel,True
C002440,Lucas,Taylor,FL,2,18,1812.04,563.1,2026-06-05 22:55:00,Lucas Taylor,True
C002441,Olivia,Miller,IL,4,27,3905.62,1564.5600000000002,2026-01-06 16:42:00,Olivia Miller,True
C002442,Emma,Brown,NY,5,39,6633.79,2297.73,2026-03-09 15:58:00,Emma Brown,True
C002443,Mason,Brown,TX,2,15,2834.6899999999996,1171.57,2025-10-10 14:35:00,Mason Brown,True
C002444,Lucas,Wilson,CA,2,8,653.18,197.38999999999993,2026-07-17 12:11:00,Lucas Wilson,True
C002445,Emma,Thomas,MO,4,19,1718.44,591.6199999999999,2026-09-04 22:46:00,Emma Thomas,True
C002446,Mia,Brown,VA,9,65,11232.02,4329.02,2026-08-14 18:00:00,Mia Brown,True
C002447,Emma,Patel,MO,1,11,1149.38,467.8800000000001,2025-03-16 08:43:00,Emma Patel,False
C002448,Emma,Patel,TX,2,18,1088.66,449.58,2026-03-14 22:23:00,Emma Patel,True
C002449,Olivia,Smith,MO,4,33,3784.43,1254.94,2026-01-04 18:53:00,Olivia Smith,True
C002450,Isabella,Anderson,NC,2,13,2479.53,741.8200000000002,2025-12-20 15:14:00,Isabella Anderson,True
C002451,James,Wilson,VA,2,10,1370.02,395.2700000000001,2026-04-09 16:40:00,James Wilson,True
C002452,Sophia,Anderson,TX,4,11,1798.62,705.02,2026-09-09 16:40:00,Sophia Anderson,True
C002453,Isabella,Patel,GA,3,19,2695.31,1108.7099999999998,2026-06-12 14:01:00,Isabella Patel,True
C002454,Emma,Johnson,PA,2,10,516.55,125.54999999999997,2026-07-16 22:23:00,Emma Johnson,True
C002455,Isabella,Anderson,CA,4,25,3847.73,1421.8500000000001,2026-08-02 12:47:00,Isabella Anderson,True
C002456,James,Miller,PA,3,19,3665.26,1368.01,2026-07-01 08:52:00,James Miller,True
C002457,Isabella,Anderson,NJ,4,16,2634.37,1071.54,2026-09-06 14:16:00,Isabella Anderson,True
C002458,Liam,Lee,IL,2,11,1207.51,258.33,2025-07-07 11:55:00,Liam Lee,True
C002459,Isabella,Miller,NY,5,32,4828.32,1995.2899999999997,2026-05-09 12:06:00,Isabella Miller,True
C002460,James,Thomas,MO,4,33,5101.03,1892.9799999999998,2026-07-22 19:13:00,James Thomas,True
C002461,Lucas,Smith,TX,4,29,5135.45,1865.5,2026-01-31 20:19:00,Lucas Smith,True
C002462,Mia,Johnson,IL,2,12,1611.95,581.5300000000001,2026-03-01 09:55:00,Mia Johnson,True
C002463,James,Johnson,IL,4,27,2766.5,985.86,2026-04-21 16:21:00,James Johnson,True
C002464,Mia,Johnson,IA,4,36,3431.41,1333.18,2026-08-09 14:10:00,Mia Johnson,True
C002465,Liam,Smith,NY,5,49,8746.119999999999,3674.54,2026-05-18 08:06:00,Liam Smith,True
C002466,Liam,Davis,FL,1,4,708.73,168.01,2025-04-20 09:27:00,Liam Davis,False
C002467,Olivia,Johnson,PA,5,39,5723.54,2091.33,2026-02-09 09:38:00,Olivia Johnson,True
C002468,Sophia,Miller,VA,3,28,4871.95,2139.02,2026-08-22 14:22:00,Sophia Miller,True
C002469,Isabella,Patel,GA,2,20,2765.3,930.7500000000001,2026-07-07 08:21:00,Isabella Patel,True
C002470,Emma,Johnson,VA,2,15,2804.28,1037.0600000000002,2026-03-19 17:13:00,Emma Johnson,True
C002471,Noah,Wilson,GA,1,4,623.04,330.03999999999996,2025-04-22 09:21:00,Noah Wilson,False
C002472,Noah,Brown,PA,4,32,4727.51,1736.46,2026-09-10 10:39:00,Noah Brown,True
C002473,Lucas,Johnson,NY,2,16,2225.93,868.4999999999998,2026-07-18 22:07:00,Lucas Johnson,True
C002474,Mia,Brown,IL,7,43,8082.04,2679.7300000000005,2026-06-06 11:59:00,Mia Brown,True
C002475,Emma,Taylor,PA,2,20,3075.07,1441.3400000000001,2026-04-01 20:12:00,Emma Taylor,True
C002476,Noah,Wilson,GA,4,16,2721.55,1069.62,2026-07-04 09:38:00,Noah Wilson,True
C002477,Sophia,Johnson,CA,9,55,7468.23,2516.8700000000003,2026-06-28 13:07:00,Sophia Johnson,True
C002478,Liam,Miller,GA,3,13,1433.54,366.08,2026-09-13 15:32:00,Liam Miller,True
C002479,Isabella,Garcia,NC,1,3,165.89,53.29999999999998,2025-06-29 22:45:00,Isabella Garcia,False
C002480,Sophia,Taylor,NJ,3,13,1683.73,721.2800000000001,2026-07-01 15:51:00,Sophia Taylor,True
C002481,Noah,Brown,TX,1,2,291.21,130.68,2025-12-30 13:28:00,Noah Brown,False
C002482,Noah,Anderson,NC,3,23,3065.4300000000003,1189.3,2026-09-11 08:34:00,Noah Anderson,True
C002483,Noah,Patel,NC,4,35,5170.09,1947.1999999999998,2026-02-18 11:25:00,Noah Patel,True
C002484,Olivia,Lee,FL,5,36,7126.29,2860.0299999999997,2026-06-23 14:31:00,Olivia Lee,True
C002485,Mia,Taylor,FL,3,24,4207.48,1507.48,2026-07-25 08:42:00,Mia Taylor,True
C002486,Ethan,Smith,IA,3,19,2585.81,804.29,2026-03-11 09:25:00,Ethan Smith,True
C002487,Ethan,Garcia,NJ,8,34,6393.469999999999,2567.3100000000004,2026-09-06 19:06:00,Ethan Garcia,True
C002488,Mia,Taylor,GA,1,5,167.33,62.45000000000002,2026-02-24 19:04:00,Mia Taylor,False
C002489,Sophia,Davis,TX,5,27,2287.43,831.1199999999999,2026-06-15 19:26:00,Sophia Davis,True
C002490,Noah,Anderson,VA,3,16,2386.4300000000003,1080.29,2026-06-05 11:51:00,Noah Anderson,True
C002491,Mia,Smith,IA,4,27,3633.76,1477.1599999999999,2026-04-28 20:23:00,Mia Smith,True
C002492,Sophia,Lee,TX,3,21,3632.49,1378.73,2026-09-13 17:30:00,Sophia Lee,True
C002493,Lucas,Thomas,FL,8,52,7815.4,2875.44,2026-06-03 22:02:00,Lucas Thomas,True
C002494,Ethan,Johnson,NJ,6,39,7045.4,2765.96,2026-04-12 14:34:00,Ethan Johnson,True
C002495,Olivia,Davis,FL,3,17,3096.88,1350.01,2026-05-28 18:45:00,Olivia Davis,True
C002496,Liam,Miller,CA,1,3,228.91,70.12,2026-07-17 18:25:00,Liam Miller,False
C002497,Sophia,Wilson,PA,8,61,11219.78,4554.01,2026-03-26 09:42:00,Sophia Wilson,True
C002498,Liam,Lee,VA,3,16,3194.7599999999998,1364.9699999999998,2026-07-23 10:09:00,Liam Lee,True
C002499,Ethan,Wilson,GA,4,21,3201.99,1022.29,2026-02-02 14:01:00,Ethan Wilson,True
C002500,Ava,Lee,VA,2,10,1690.73,816.32,2026-03-04 16:43:00,Ava Lee,True
C002501,Emma,Davis,TX,3,11,1372.74,625.76,2026-03-26 13:16:00,Emma Davis,True
C002502,Sophia,Brown,CA,3,27,2951.49,1209.6000000000001,2026-04-15 08:50:00,Sophia Brown,True
C002503,Ava,Thomas,MO,5,16,2591.31,888.6800000000001,2026-06-22 15:59:00,Ava Thomas,True
C002504,James,Johnson,PA,11,87,14174.72,5723.63,2026-08-28 15:09:00,James Johnson,True
C002505,James,Miller,GA,3,11,1389.24,662.17,2026-01-08 21:36:00,James Miller,True
C002506,Noah,Taylor,PA,6,30,6079.25,2322.53,2026-06-23 15:15:00,Noah Taylor,True
C002507,Mia,Patel,NY,3,24,3910.92,1473.7999999999997,2026-07-16 16:54:00,Mia Patel,True
C002508,Noah,Brown,TX,4,23,3810.71,1663.09,2026-08-28 09:32:00,Noah Brown,True
C002509,Sophia,Johnson,NY,1,9,1614.25,569.26,2026-06-21 11:39:00,Sophia Johnson,False
C002510,Mia,Thomas,PA,6,27,3843.15,1219.3100000000002,2026-06-10 08:01:00,Mia Thomas,True
C002511,James,Lee,FL,2,15,1867.25,590.6400000000001,2025-11-29 08:47:00,James Lee,True
C002512,James,Patel,NJ,5,44,5713.57,2437.27,2026-02-28 13:08:00,James Patel,True
C002513,Ava,Taylor,TX,6,42,5608.58,1768.1100000000001,2026-08-07 15:51:00,Ava Taylor,True
C002514,Olivia,Johnson,TX,2,11,1388.97,571.95,2026-09-02 11:49:00,Olivia Johnson,True
C002515,Isabella,Davis,FL,4,25,3866.73,1650.68,2026-02-13 12:22:00,Isabella Davis,True
C002516,Emma,Thomas,CA,4,23,3377.7499999999995,1385.9999999999998,2026-08-27 20:13:00,Emma Thomas,True
C002517,Emma,Smith,TX,2,16,2045.6999999999998,622.3000000000001,2026-08-12 10:03:00,Emma Smith,True
C002518,Liam,Miller,PA,2,13,1663.7400000000002,787.8400000000001,2026-02-15 13:04:00,Liam Miller,True
C002519,Mia,Thomas,FL,5,31,3542.79,1010.35,2026-08-11 12:21:00,Mia Thomas,True
C002520,Lucas,Davis,PA,3,11,2498.54,951.31,2026-06-20 20:54:00,Lucas Davis,True
C002521,Sophia,Miller,NJ,1,10,1239.15,521.78,2025-11-12 17:07:00,Sophia Miller,False
C002522,Isabella,Miller,NC,3,24,3058.59,1209.8000000000002,2025-09-09 21:27:00,Isabella Miller,True
C002523,Noah,Smith,VA,4,28,3873.0699999999997,1363.7199999999998,2026-03-22 15:45:00,Noah Smith,True
C002524,Ava,Brown,NC,4,23,2601.9,1093.68,2026-06-01 09:42:00,Ava Brown,True
C002525,Noah,Smith,CA,2,10,1381.7199999999998,685.06,2025-09-27 10:08:00,Noah Smith,True
C002526,Emma,Brown,GA,3,19,3712.4900000000002,1482.3400000000001,2026-03-27 10:25:00,Emma Brown,True
C002527,Liam,Garcia,GA,1,5,631.7,306.46,2025-04-05 15:13:00,Liam Garcia,False
C002528,Ava,Anderson,NY,2,9,1831.83,629.5699999999999,2026-02-16 10:40:00,Ava Anderson,True
C002529,Ethan,Smith,GA,3,29,5473.72,2130.43,2026-09-13 19:43:00,Ethan Smith,True
C002530,Emma,Miller,NC,3,8,1539.02,595.26,2026-05-08 20:48:00,Emma Miller,True
C002531,James,Lee,FL,3,23,3710.6000000000004,1501.06,2026-06-06 10:15:00,James Lee,True
C002533,Noah,Wilson,CA,4,22,2797.3599999999997,952.15,2026-04-18 10:05:00,Noah Wilson,True
C002534,Sophia,Davis,NY,6,47,7273.83,2892.96,2026-08-28 15:05:00,Sophia Davis,True
C002535,Mia,Taylor,TX,8,54,8059.78,2760.35,2026-09-03 20:16:00,Mia Taylor,True
C002536,Noah,Thomas,NJ,4,26,3695.4,1352.13,2026-04-01 16:56:00,Noah Thomas,True
C002537,Isabella,Johnson,NJ,8,42,6233.14,2308.91,2026-06-07 12:41:00,Isabella Johnson,True
C002538,James,Anderson,CA,4,24,2968.78,1036.85,2026-09-01 08:04:00,James Anderson,True
C002539,Ethan,Garcia,TX,4,21,2501.4900000000002,910.85,2026-07-10 17:36:00,Ethan Garcia,True
C002540,Ava,Thomas,FL,6,21,4338.7699999999995,1721.82,2026-06-30 10:04:00,Ava Thomas,True
C002541,Mason,Anderson,MO,3,20,3326.55,1462.66,2026-02-04 11:02:00,Mason Anderson,True
C002542,Isabella,Davis,NY,3,25,3590.23,1424.7000000000003,2026-06-01 13:10:00,Isabella Davis,True
C002543,Mia,Garcia,GA,1,8,1846.6799999999998,891.02,2025-12-25 09:21:00,Mia Garcia,False
C002544,Lucas,Lee,VA,3,30,4494.87,1630.02,2026-08-21 16:04:00,Lucas Lee,True
C002545,Noah,Garcia,TX,5,36,4158.28,1513.6499999999999,2026-07-06 10:40:00,Noah Garcia,True
C002546,Noah,Johnson,VA,7,37,5896.34,2180.29,2026-06-20 22:00:00,Noah Johnson,True
C002547,Emma,Davis,IL,8,40,6638.5,2782.61,2026-05-20 11:03:00,Emma Davis,True
C002548,Lucas,Patel,NY,3,25,4863.37,1649.3400000000001,2026-08-23 11:12:00,Lucas Patel,True
C002549,Sophia,Miller,IA,3,24,3229.89,1251.5300000000002,2025-10-21 17:44:00,Sophia Miller,True
C002550,Olivia,Anderson,NC,6,38,4651.47,1532.9399999999998,2026-07-11 16:58:00,Olivia Anderson,True
C002551,Isabella,Miller,VA,2,17,3499.47,1421.87,2026-06-26 09:45:00,Isabella Miller,True
C002552,Ava,Anderson,NJ,4,27,4004.38,1533.37,2026-05-23 22:35:00,Ava Anderson,True
C002553,James,Wilson,MO,5,32,5095.34,2169.88,2026-05-19 20:12:00,James Wilson,True
C002554,Emma,Miller,VA,3,22,2761.3599999999997,1016.27,2026-02-04 18:10:00,Emma Miller,True
C002555,Noah,Brown,FL,7,50,6114.86,2323.35,2026-08-17 13:11:00,Noah Brown,True
C002556,Isabella,Smith,IL,2,13,2400.58,1077.16,2025-02-05 22:37:00,Isabella Smith,True
C002557,Isabella,Wilson,IL,3,26,4937.57,2019.39,2025-09-05 21:24:00,Isabella Wilson,True
C002558,Mia,Thomas,VA,3,22,3858.7599999999998,1651.59,2025-12-08 10:38:00,Mia Thomas,True
C002559,Liam,Miller,FL,4,21,4181.76,1467.3400000000001,2026-07-29 21:57:00,Liam Miller,True
C002560,Ethan,Anderson,NC,4,20,2782.3199999999997,1228.22,2026-09-06 08:17:00,Ethan Anderson,True
C002561,James,Davis,PA,5,24,3269.5699999999997,1103.2099999999998,2026-07-18 22:52:00,James Davis,True
C002563,Isabella,Brown,TX,3,17,3065.9700000000003,1227.5800000000002,2025-04-11 21:33:00,Isabella Brown,True
C002564,Mason,Miller,GA,2,14,3430.34,1385.15,2025-11-07 12:00:00,Mason Miller,True
C002565,Sophia,Davis,NC,4,28,4712.97,1462.16,2025-12-01 09:55:00,Sophia Davis,True
C002566,Ava,Taylor,MO,6,40,6077.37,2405.44,2026-05-31 20:19:00,Ava Taylor,True
C002567,Isabella,Johnson,IA,1,5,1128.31,558.9100000000001,2026-07-23 08:55:00,Isabella Johnson,False
C002568,Emma,Miller,VA,7,33,4781.78,2025.8199999999997,2026-05-21 19:19:00,Emma Miller,True
C002569,Lucas,Miller,PA,3,35,6665.97,2776.3100000000004,2026-07-30 17:28:00,Lucas Miller,True
C002570,Mia,Patel,IA,5,39,5806.780000000001,2128.0700000000006,2026-06-13 13:34:00,Mia Patel,True
C002571,Emma,Johnson,NC,2,15,2228.67,861.53,2025-10-12 22:13:00,Emma Johnson,True
C002572,Lucas,Davis,FL,6,47,6282.6,2355.08,2026-06-04 08:44:00,Lucas Davis,True
C002573,Ethan,Thomas,FL,4,22,3352.56,1019.2299999999999,2025-08-05 19:27:00,Ethan Thomas,True
C002574,Olivia,Anderson,GA,3,25,3978.8,1214.4200000000003,2026-08-19 12:42:00,Olivia Anderson,True
C002575,Isabella,Anderson,PA,7,42,6393.62,2332.97,2026-07-14 20:32:00,Isabella Anderson,True
C002576,James,Thomas,NJ,6,38,5914.8,2174.9,2026-04-30 10:51:00,James Thomas,True
C002577,Lucas,Johnson,TX,5,24,2680.35,942.35,2026-06-23 19:21:00,Lucas Johnson,True
C002578,Noah,Taylor,NC,9,43,6306.81,2478.3700000000003,2026-03-26 12:33:00,Noah Taylor,True
C002579,James,Patel,CA,1,7,1282.94,564.72,2026-02-08 12:59:00,James Patel,False
C002580,Isabella,Davis,TX,3,14,1595.09,576.82,2025-09-17 14:53:00,Isabella Davis,True
C002581,James,Brown,MO,4,20,1887.05,770.44,2026-05-23 16:10:00,James Brown,True
C002582,Mia,Anderson,CA,4,16,1942.32,706.6899999999999,2026-06-19 19:50:00,Mia Anderson,True
C002583,Liam,Brown,NC,2,13,2296.53,839.05,2025-03-28 08:15:00,Liam Brown,True
C002584,Ava,Garcia,NC,5,23,2971.18,1061.8999999999999,2026-09-02 11:05:00,Ava Garcia,True
C002585,James,Davis,VA,7,52,7495.91,2463.06,2026-03-27 09:43:00,James Davis,True
C002586,Ethan,Lee,FL,4,16,3599.85,1517.81,2026-06-04 14:52:00,Ethan Lee,True
C002587,Noah,Johnson,NC,2,16,2705.9,941.1799999999998,2026-08-15 13:10:00,Noah Johnson,True
C002588,Mia,Wilson,NC,3,18,3236.9,945.2700000000002,2026-04-30 13:20:00,Mia Wilson,True
C002589,Sophia,Garcia,FL,5,27,3847.8599999999997,1421.85,2026-05-23 22:42:00,Sophia Garcia,True
C002590,James,Anderson,IA,3,14,2758.82,1095.3100000000002,2026-07-13 12:33:00,James Anderson,True
C002591,Noah,Taylor,VA,2,8,1243.3400000000001,363.51000000000005,2026-08-14 09:33:00,Noah Taylor,True
C002592,Noah,Davis,FL,7,50,7210.38,2874.99,2026-07-23 20:55:00,Noah Davis,True
C002593,Olivia,Anderson,IL,6,49,8200.76,3065.4100000000003,2026-03-05 16:29:00,Olivia Anderson,True
C002594,Sophia,Brown,IA,5,39,7124.18,3077.78,2026-06-19 13:48:00,Sophia Brown,True
C002595,Olivia,Miller,IL,7,54,5525.07,1738.8999999999999,2026-05-21 21:43:00,Olivia Miller,True
C002596,Noah,Lee,IL,2,20,2822.13,1194.96,2026-03-16 13:18:00,Noah Lee,True
C002597,James,Thomas,NJ,5,30,3639.66,1368.7,2026-05-08 20:30:00,James Thomas,True
C002598,Liam,Wilson,NC,3,8,1556.19,717.46,2026-07-02 13:07:00,Liam Wilson,True
C002599,Emma,Garcia,NJ,4,25,3985.96,1765.08,2026-05-29 18:12:00,Emma Garcia,True
C002600,Ava,Miller,MO,6,30,4409.84,1633.97,2026-04-22 11:12:00,Ava Miller,True
C002601,Mia,Lee,GA,3,21,2940.45,1003.04,2025-11-02 22:33:00,Mia Lee,True
C002602,Mason,Miller,TX,5,48,7932.889999999999,2666.5699999999997,2026-05-18 11:46:00,Mason Miller,True
C002603,Liam,Anderson,FL,3,8,991.2,307.18000000000006,2025-11-04 12:01:00,Liam Anderson,True
C002604,Mason,Miller,GA,1,9,1711.2800000000002,478.73,2026-04-04 09:31:00,Mason Miller,False
C002605,James,Johnson,FL,3,18,2907.6400000000003,867.26,2026-09-10 21:58:00,James Johnson,True
C002606,Mia,Miller,CA,1,1,213.35999999999999,80.04999999999998,2026-05-14 17:11:00,Mia Miller,False
C002608,Sophia,Taylor,NY,3,19,2463.02,845.73,2026-08-13 16:55:00,Sophia Taylor,True
C002609,Mia,Lee,CA,4,29,4550.28,1846.1699999999996,2026-08-06 19:46:00,Mia Lee,True
C002610,Ava,Miller,VA,1,5,140.27999999999997,58.11,2025-11-14 09:35:00,Ava Miller,False
C002611,Mia,Patel,NY,4,23,4712.21,2243.2999999999997,2026-06-03 14:17:00,Mia Patel,True
C002612,Ava,Thomas,FL,3,28,4178.56,1718.31,2026-09-13 16:09:00,Ava Thomas,True
C002613,Isabella,Lee,NJ,2,9,1589.05,627.04,2026-07-03 13:47:00,Isabella Lee,True
C002614,Liam,Garcia,NJ,2,10,2010.62,985.56,2026-01-29 10:58:00,Liam Garcia,True
C002615,James,Miller,MO,6,46,7392.31,2486.0600000000004,2026-04-30 15:41:00,James Miller,True
C002616,Emma,Smith,GA,1,3,578.8399999999999,210.7399999999999,2025-09-11 16:59:00,Emma Smith,False
C002617,Isabella,Anderson,GA,5,35,4900.42,1664.51,2026-04-09 21:46:00,Isabella Anderson,True
C002618,Mason,Smith,IL,2,7,1234.74,525.42,2026-03-07 08:30:00,Mason Smith,True
C002619,Emma,Johnson,IA,2,5,666.3600000000001,200.52000000000015,2026-03-24 11:25:00,Emma Johnson,True
C002620,Ethan,Brown,IL,3,28,5093.24,1902.74,2026-08-03 10:01:00,Ethan Brown,True
C002621,Ava,Miller,IL,4,20,2662.46,915.04,2026-03-30 17:31:00,Ava Miller,True
C002622,Noah,Brown,NJ,4,29,3775.01,1223.72,2026-04-30 17:38:00,Noah Brown,True
C002623,Isabella,Davis,NC,5,30,4572.67,1750.4699999999998,2026-07-11 13:04:00,Isabella Davis,True
C002624,Ava,Johnson,IA,7,43,6942.6900000000005,2761.73,2026-03-28 22:48:00,Ava Johnson,True
C002625,Ethan,Davis,NC,4,33,4073.01,1116.48,2026-03-31 11:47:00,Ethan Davis,True
C002626,James,Garcia,CA,2,18,2311.82,820.29,2026-05-22 13:08:00,James Garcia,True
C002627,Ava,Wilson,NY,2,12,1926.52,725.64,2025-12-21 22:15:00,Ava Wilson,True
C002628,Mia,Brown,CA,3,18,3613.7000000000003,1412.15,2026-08-31 15:00:00,Mia Brown,True
C002629,Ava,Lee,MO,4,29,4226.42,1489.0100000000002,2025-12-07 16:13:00,Ava Lee,True
C002630,James,Thomas,VA,5,30,4038.5,1588.47,2026-05-24 15:46:00,James Thomas,True
C002631,Lucas,Brown,IA,8,48,7925.87,2895.92,2026-08-24 17:26:00,Lucas Brown,True
C002633,Lucas,Miller,PA,1,5,1131.23,403.8,2025-03-15 20:30:00,Lucas Miller,False
C002635,Mason,Anderson,VA,5,31,3745.21,1511.73,2026-06-07 15:08:00,Mason Anderson,True
C002636,James,Davis,MO,6,44,5563.78,1771.8600000000001,2026-06-16 10:52:00,James Davis,True
C002637,Mason,Thomas,FL,4,21,4353.1,1664.2,2026-07-23 12:03:00,Mason Thomas,True
C002638,Mason,Smith,NC,5,35,5977.39,2208.9100000000003,2025-08-04 12:51:00,Mason Smith,True
C002639,Mason,Lee,MO,3,32,4901.12,1988.56,2026-06-07 11:06:00,Mason Lee,True
C002640,Lucas,Johnson,VA,4,31,5856.67,2143.42,2026-05-14 18:47:00,Lucas Johnson,True
C002641,Mason,Miller,IA,3,17,1723.62,669.0799999999999,2026-08-10 10:01:00,Mason Miller,True
C002642,Olivia,Lee,NJ,3,24,4657.49,1868.23,2026-02-11 19:35:00,Olivia Lee,True
C002643,Mia,Lee,VA,4,14,1528.9,603.4300000000001,2026-08-25 19:44:00,Mia Lee,True
C002644,Ethan,Brown,TX,3,18,3017.69,1255.9900000000002,2026-06-06 15:25:00,Ethan Brown,True
C002645,Ethan,Lee,NJ,6,24,2778.18,1031.2,2026-03-26 13:55:00,Ethan Lee,True
C002646,Noah,Patel,NC,1,6,859.1199999999999,211.7699999999999,2025-04-02 22:24:00,Noah Patel,False
C002647,James,Lee,GA,3,22,2532.26,761.4200000000001,2026-04-26 14:07:00,James Lee,True
C002648,Ethan,Brown,NY,7,34,6636.62,2938.95,2026-07-20 13:56:00,Ethan Brown,True
C002649,Mason,Brown,IA,4,23,3845.82,1433.83,2025-10-31 10:26:00,Mason Brown,True
C002650,Emma,Thomas,CA,3,11,1960.3999999999999,772.8299999999999,2026-09-07 16:16:00,Emma Thomas,True
C002651,Sophia,Taylor,NJ,4,23,3655.5299999999997,1666.57,2025-12-21 09:08:00,Sophia Taylor,True
C002652,Liam,Brown,NC,2,8,1773.1,781.28,2025-12-20 15:50:00,Liam Brown,True
C002653,Lucas,Patel,IL,3,27,4103.48,1267.79,2026-08-31 12:43:00,Lucas Patel,True
C002654,Noah,Davis,VA,3,14,2618.37,980.79,2026-04-08 17:51:00,Noah Davis,True
C002655,Mason,Miller,NC,6,38,6275.73,2411.99,2026-08-21 12:52:00,Mason Miller,True
C002657,Mia,Miller,IA,5,22,3330.34,1077.16,2026-03-16 13:49:00,Mia Miller,True
C002658,Ava,Lee,CA,2,17,3491.96,1466.52,2025-12-07 17:22:00,Ava Lee,True
C002659,Noah,Miller,IL,4,31,4607.29,2049.48,2025-09-18 20:07:00,Noah Miller,True
C002660,Ethan,Miller,NC,2,16,2227.9,789.36,2026-03-30 09:34:00,Ethan Miller,True
C002661,Lucas,Anderson,NC,3,24,3569.9,1381.25,2026-08-22 18:19:00,Lucas Anderson,True
C002663,Noah,Lee,NJ,1,5,369.29999999999995,193.82999999999998,2025-01-28 18:36:00,Noah Lee,False
C002664,Ava,Patel,MO,6,48,6602.59,2673.6800000000003,2026-03-02 18:26:00,Ava Patel,True
C002666,Noah,Brown,TX,6,37,5763.4,2682.24,2026-05-25 11:04:00,Noah Brown,True
C002667,Ava,Thomas,CA,3,16,2913.98,1293.02,2026-07-05 12:40:00,Ava Thomas,True
C002668,Noah,Patel,GA,4,27,5142.86,2053.2400000000002,2026-08-10 08:42:00,Noah Patel,True
C002669,Ethan,Thomas,IA,5,32,6451.900000000001,2721.72,2026-04-06 17:07:00,Ethan Thomas,True
C002670,Mia,Johnson,PA,4,25,4965.02,2165.1000000000004,2026-05-11 21:40:00,Mia Johnson,True
C002671,Ethan,Johnson,TX,6,40,5637.0,1972.41,2026-06-13 09:28:00,Ethan Johnson,True
C002672,Isabella,Smith,IL,6,52,8550.69,3253.9300000000003,2026-05-04 16:38:00,Isabella Smith,True
C002673,Isabella,Davis,IL,4,17,2567.64,1046.9699999999998,2026-05-10 09:18:00,Isabella Davis,True
C002674,Lucas,Brown,PA,5,32,6664.32,2986.49,2026-08-23 20:52:00,Lucas Brown,True
C002675,James,Smith,IA,5,33,4913.96,2103.02,2026-08-16 14:17:00,James Smith,True
C002676,Isabella,Taylor,MO,2,14,2236.27,797.99,2026-03-03 17:08:00,Isabella Taylor,True
C002677,Noah,Davis,VA,3,25,3315.64,1159.3,2026-07-05 08:24:00,Noah Davis,True
C002678,Isabella,Brown,GA,1,3,631.38,149.85000000000002,2026-09-13 16:40:00,Isabella Brown,False
C002680,Mason,Wilson,MO,1,5,994.52,469.42999999999995,2025-07-16 19:49:00,Mason Wilson,False
C002681,James,Davis,IA,2,13,2077.3199999999997,750.4499999999999,2026-02-24 08:45:00,James Davis,True
C002682,Noah,Johnson,CA,2,15,1757.1399999999999,560.3200000000002,2026-03-01 21:10:00,Noah Johnson,True
C002683,Lucas,Anderson,FL,5,37,4810.17,1644.95,2026-07-25 17:44:00,Lucas Anderson,True
C002684,Liam,Smith,FL,7,55,8036.09,3277.59,2026-06-19 09:17:00,Liam Smith,True
C002686,Noah,Thomas,IL,5,21,2451.7200000000003,1063.96,2026-08-11 10:08:00,Noah Thomas,True
C002687,Lucas,Johnson,GA,4,23,3352.5099999999998,1339.36,2026-08-31 22:45:00,Lucas Johnson,True
C002688,Isabella,Wilson,IL,6,41,6614.29,2688.94,2026-05-22 13:48:00,Isabella Wilson,True
C002689,Noah,Wilson,IA,4,25,5329.87,2215.82,2025-12-26 10:14:00,Noah Wilson,True
C002690,Liam,Johnson,FL,5,25,3651.75,1716.14,2026-01-22 08:15:00,Liam Johnson,True
C002691,Olivia,Lee,FL,5,46,7699.169999999999,3017.3299999999995,2026-07-01 14:18:00,Olivia Lee,True
C002692,Ethan,Smith,IA,6,30,4854.45,1474.46,2026-05-13 22:19:00,Ethan Smith,True
C002693,James,Miller,FL,9,63,8500.78,2872.68,2026-04-10 10:54:00,James Miller,True
C002695,Lucas,Wilson,NY,3,26,3894.4900000000002,1708.6000000000001,2025-11-09 18:24:00,Lucas Wilson,True
C002696,Ava,Taylor,NJ,3,12,1492.0,600.5500000000001,2026-05-03 09:32:00,Ava Taylor,True
C002697,Noah,Patel,MO,5,26,3750.6600000000003,1396.3100000000002,2026-07-08 17:45:00,Noah Patel,True
C002698,Liam,Smith,IA,5,23,3205.61,1180.48,2026-05-26 10:22:00,Liam Smith,True
C002699,Mason,Thomas,MO,8,45,7018.69,2597.65,2026-09-01 08:41:00,Mason Thomas,True
C002700,Noah,Brown,FL,4,27,4354.33,1461.2200000000003,2026-09-08 08:19:00,Noah Brown,True
C002701,Mia,Brown,MO,4,28,3835.38,1346.7500000000002,2026-02-22 16:17:00,Mia Brown,True
C002702,James,Anderson,IA,3,23,3175.79,1021.23,2026-01-13 15:04:00,James Anderson,True
C002703,Noah,Johnson,GA,1,12,1345.18,490.97,2026-02-27 15:57:00,Noah Johnson,False
C002704,James,Brown,IA,2,16,2823.08,777.6700000000001,2026-05-31 20:12:00,James Brown,True
C002705,Noah,Johnson,NJ,3,20,2564.0,910.9200000000001,2026-02-05 15:29:00,Noah Johnson,True
C002706,Mia,Patel,IL,5,35,7558.9,3218.0,2026-08-12 19:23:00,Mia Patel,True
C002707,Ava,Johnson,NC,2,21,2743.46,1040.13,2026-08-18 11:26:00,Ava Johnson,True
C002708,Isabella,Patel,TX,3,34,4699.65,1487.7600000000002,2026-07-28 12:22:00,Isabella Patel,True
C002709,Ava,Davis,NY,5,34,5482.08,2054.47,2026-05-31 21:44:00,Ava Davis,True
C002710,Ava,Patel,VA,6,34,6084.45,2657.89,2026-07-13 12:23:00,Ava Patel,True
C002712,Noah,Smith,TX,3,17,2563.67,1018.4800000000001,2025-11-24 19:07:00,Noah Smith,True
C002713,Ethan,Davis,PA,3,13,2362.5,809.6800000000001,2026-08-05 12:07:00,Ethan Davis,True
C002714,Olivia,Garcia,NC,3,18,1898.58,711.11,2026-04-04 13:42:00,Olivia Garcia,True
C002715,Lucas,Patel,NC,3,27,5710.17,2359.72,2026-04-13 08:19:00,Lucas Patel,True
C002716,Ethan,Wilson,PA,6,27,3505.79,1137.4399999999998,2026-08-16 15:50:00,Ethan Wilson,True
C002717,Isabella,Wilson,IA,4,27,2861.5299999999997,1025.47,2026-04-10 12:36:00,Isabella Wilson,True
C002718,Liam,Taylor,FL,1,6,565.83,226.37,2025-05-13 14:04:00,Liam Taylor,False
C002719,Ava,Brown,IL,3,16,1637.19,503.98999999999995,2026-07-14 11:14:00,Ava Brown,True
C002720,James,Smith,MO,4,27,5733.47,2261.11,2026-04-14 11:49:00,James Smith,True
C002721,Noah,Garcia,NJ,4,20,3240.8599999999997,1351.79,2026-04-13 14:11:00,Noah Garcia,True
C002722,Mia,Garcia,CA,4,23,4743.75,1737.43,2026-08-02 11:16:00,Mia Garcia,True
C002723,Mason,Miller,FL,2,12,1678.91,500.4300000000001,2025-11-21 15:22:00,Mason Miller,True
C002724,Ava,Anderson,MO,4,23,4100.150000000001,1581.8200000000002,2025-12-21 22:10:00,Ava Anderson,True
C002725,Noah,Miller,NY,4,21,2249.74,953.7399999999999,2026-08-23 15:10:00,Noah Miller,True
C002726,Emma,Smith,NC,2,7,1016.35,319.69000000000005,2026-02-16 17:33:00,Emma Smith,True
C002727,Mia,Davis,NJ,4,26,4773.54,1298.6399999999999,2026-07-21 13:36:00,Mia Davis,True
C002728,Mason,Wilson,IA,3,18,1431.73,414.56000000000006,2026-04-07 20:50:00,Mason Wilson,True
C002729,Emma,Smith,IL,5,33,2646.95,957.75,2026-09-09 21:43:00,Emma Smith,True
C002730,Ava,Brown,IL,3,17,2385.35,1031.57,2026-03-22 09:24:00,Ava Brown,True
C002731,Noah,Patel,NY,3,17,2472.58,947.97,2025-09-14 20:44:00,Noah Patel,True
C002732,Sophia,Lee,GA,4,27,2988.56,1172.31,2025-12-13 16:09:00,Sophia Lee,True
C002733,Mia,Lee,IA,6,27,3387.41,1182.33,2026-08-06 22:52:00,Mia Lee,True
C002735,Emma,Johnson,PA,4,32,5164.92,2031.6399999999999,2026-09-06 14:20:00,Emma Johnson,True
C002736,Noah,Garcia,NY,3,20,3251.9100000000003,1165.4100000000003,2026-05-31 13:07:00,Noah Garcia,True
C002737,Ethan,Brown,IL,4,32,4969.75,1829.06,2026-06-09 14:09:00,Ethan Brown,True
C002738,Noah,Garcia,FL,5,44,7491.14,3133.86,2026-07-08 16:12:00,Noah Garcia,True
C002739,Mia,Anderson,IA,6,25,4815.28,1634.98,2026-04-24 14:08:00,Mia Anderson,True
C002740,Mason,Johnson,NC,4,25,3806.8399999999997,1693.21,2026-08-10 22:16:00,Mason Johnson,True
C002741,Sophia,Wilson,TX,5,28,2780.82,925.64,2026-03-29 19:38:00,Sophia Wilson,True
C002742,Noah,Garcia,IA,5,25,3771.63,1510.09,2026-09-11 22:45:00,Noah Garcia,True
C002743,Sophia,Miller,TX,4,20,3214.24,1276.64,2026-02-13 09:48:00,Sophia Miller,True
C002744,Lucas,Thomas,CA,3,17,1687.44,736.98,2026-07-20 17:08:00,Lucas Thomas,True
C002745,James,Lee,NJ,6,31,4129.01,1618.78,2026-08-12 11:01:00,James Lee,True
C002746,Lucas,Miller,FL,5,27,5125.47,1882.3200000000002,2026-09-07 20:11:00,Lucas Miller,True
C002747,Olivia,Patel,GA,2,13,1721.7600000000002,535.5400000000001,2026-01-22 19:54:00,Olivia Patel,True
C002748,Mason,Garcia,TX,1,12,2445.38,953.3299999999999,2025-07-05 15:31:00,Mason Garcia,False
C002750,Mia,Miller,FL,6,39,4974.3,1738.72,2026-08-23 12:39:00,Mia Miller,True
C002751,Lucas,Patel,CA,4,24,4684.49,1721.5100000000002,2026-08-28 11:48:00,Lucas Patel,True
C002752,Isabella,Smith,IA,11,60,8475.84,2916.2,2026-09-07 22:25:00,Isabella Smith,True
C002753,Emma,Anderson,VA,2,15,3521.38,1099.2000000000003,2026-08-15 08:23:00,Emma Anderson,True
C002754,Ava,Smith,NC,4,29,3700.69,1466.69,2026-09-02 15:49:00,Ava Smith,True
C002755,Olivia,Johnson,MO,2,12,2577.62,889.85,2026-07-18 22:53:00,Olivia Johnson,True
C002756,Isabella,Taylor,MO,4,16,3107.96,1212.9,2026-04-23 16:24:00,Isabella Taylor,True
C002757,Emma,Thomas,NJ,3,8,1689.08,617.18,2026-06-01 15:29:00,Emma Thomas,True
C002758,Mason,Thomas,IL,3,17,2247.75,690.54,2026-08-20 18:26:00,Mason Thomas,True
C002759,Ava,Johnson,VA,4,24,2218.71,858.7900000000001,2025-08-27 22:36:00,Ava Johnson,True
C002760,Liam,Brown,VA,5,30,4734.83,1761.81,2026-07-28 19:50:00,Liam Brown,True
C002761,Olivia,Davis,GA,2,15,1006.54,311.9,2025-08-01 09:02:00,Olivia Davis,True
C002762,Emma,Miller,VA,5,42,8979.2,3906.33,2026-08-25 12:23:00,Emma Miller,True
C002763,Olivia,Garcia,MO,5,24,2398.18,878.41,2026-02-27 20:44:00,Olivia Garcia,True
C002764,Mason,Smith,NJ,3,14,1940.4899999999998,851.6599999999999,2026-08-20 09:32:00,Mason Smith,True
C002765,Ava,Johnson,NJ,4,27,4807.19,1834.2399999999998,2026-07-12 16:44:00,Ava Johnson,True
C002767,James,Wilson,PA,2,16,2092.9,773.9399999999998,2026-01-26 17:28:00,James Wilson,True
C002768,Emma,Garcia,IL,5,28,3536.54,1257.52,2026-06-02 14:34:00,Emma Garcia,True
C002769,Ethan,Taylor,IL,4,11,1360.6399999999999,511.91999999999996,2025-12-29 18:26:00,Ethan Taylor,True
C002770,James,Smith,FL,2,11,924.1500000000001,304.48,2026-03-20 20:53:00,James Smith,True
C002771,Mia,Patel,FL,4,27,3638.53,1221.0,2026-03-08 09:22:00,Mia Patel,True
C002772,Mason,Miller,VA,3,28,3358.1,1110.31,2025-10-21 10:46:00,Mason Miller,True
C002773,Ava,Taylor,IA,9,60,8668.99,3765.4,2026-06-21 17:26:00,Ava Taylor,True
C002774,Mia,Davis,NC,6,44,5881.15,2272.35,2026-05-26 18:53:00,Mia Davis,True
C002775,Mia,Lee,GA,4,20,2592.83,975.19,2026-08-16 22:32:00,Mia Lee,True
C002776,Olivia,Miller,PA,2,6,623.9200000000001,191.46000000000004,2026-08-29 18:44:00,Olivia Miller,True
C002777,Mia,Lee,NJ,4,16,2058.7,743.24,2025-12-08 19:48:00,Mia Lee,True
C002778,Mia,Garcia,PA,1,3,271.86,90.30000000000001,2025-07-02 08:15:00,Mia Garcia,False
C002779,Isabella,Davis,VA,2,9,799.6100000000001,262.33000000000004,2026-07-07 08:12:00,Isabella Davis,True
C002780,Isabella,Johnson,NY,1,8,1669.22,820.83,2025-08-23 21:17:00,Isabella Johnson,False
C002781,Ethan,Anderson,PA,2,12,925.59,337.99,2026-06-14 20:10:00,Ethan Anderson,True
C002782,Sophia,Smith,NY,3,23,4325.07,1759.3000000000002,2026-08-13 12:18:00,Sophia Smith,True
C002783,Mia,Brown,PA,2,9,1620.8999999999999,696.17,2026-07-27 14:58:00,Mia Brown,True
C002784,Lucas,Taylor,VA,4,29,5327.02,2467.95,2026-09-02 08:03:00,Lucas Taylor,True
C002785,James,Brown,MO,3,14,1858.54,720.48,2026-04-18 19:55:00,James Brown,True
C002786,Sophia,Miller,PA,7,45,6958.34,2353.4,2026-08-13 11:40:00,Sophia Miller,True
C002787,Emma,Smith,NY,2,12,1439.79,462.45000000000005,2026-03-11 21:37:00,Emma Smith,True
C002788,Noah,Davis,PA,4,25,4510.37,1797.81,2026-01-24 08:53:00,Noah Davis,True
C002789,Ava,Johnson,NJ,3,27,4779.9,1805.79,2026-05-14 17:00:00,Ava Johnson,True
C002790,Lucas,Miller,PA,6,34,5059.75,1946.46,2026-08-16 10:56:00,Lucas Miller,True
C002791,Olivia,Brown,NY,5,30,3315.44,1337.04,2026-07-27 20:59:00,Olivia Brown,True
C002792,Lucas,Taylor,IL,4,21,2425.01,916.69,2026-06-26 09:59:00,Lucas Taylor,True
C002793,James,Johnson,MO,2,12,1284.1000000000001,556.4300000000001,2025-12-12 13:30:00,James Johnson,True
C002794,Liam,Smith,CA,2,12,1549.3899999999999,579.7099999999999,2026-06-08 16:18:00,Liam Smith,True
C002795,Noah,Brown,NJ,4,19,2420.84,989.45,2026-04-24 12:44:00,Noah Brown,True
C002796,Ava,Lee,TX,2,2,327.16,100.71000000000004,2026-03-03 12:43:00,Ava Lee,True
C002797,Noah,Lee,CA,4,25,3571.21,1332.46,2026-06-03 21:36:00,Noah Lee,True
C002798,James,Taylor,PA,2,7,1209.0,604.4699999999999,2026-03-21 12:39:00,James Taylor,True
C002799,Mason,Davis,MO,5,31,4121.68,1540.8300000000002,2026-07-10 22:51:00,Mason Davis,True
C002800,Olivia,Johnson,NY,2,21,2856.92,1169.7,2026-07-05 22:11:00,Olivia Johnson,True
C002801,Isabella,Miller,FL,4,26,4373.69,1672.49,2026-01-02 18:05:00,Isabella Miller,True
C002802,Mia,Wilson,VA,3,17,3679.58,1632.9999999999998,2025-12-13 10:40:00,Mia Wilson,True
C002803,Lucas,Brown,VA,7,35,4585.36,1631.23,2026-04-04 14:47:00,Lucas Brown,True
C002804,Ethan,Patel,CA,4,24,4313.8,1742.7800000000002,2026-08-16 16:03:00,Ethan Patel,True
C002805,Emma,Miller,IA,5,20,2583.74,948.7199999999998,2026-09-07 11:14:00,Emma Miller,True
C002806,Emma,Smith,TX,2,14,2602.59,1055.5300000000002,2025-12-07 13:12:00,Emma Smith,True
C002807,Mason,Wilson,CA,3,15,2492.71,1168.32,2026-01-27 22:28:00,Mason Wilson,True
C002808,Ava,Wilson,NY,3,19,3596.77,1549.54,2026-03-02 11:57:00,Ava Wilson,True
C002809,Emma,Taylor,IL,3,17,1689.76,738.1299999999999,2025-10-09 10:35:00,Emma Taylor,True
C002810,Sophia,Garcia,NC,1,5,795.46,325.63000000000005,2026-04-09 08:30:00,Sophia Garcia,False
C002811,Mia,Brown,GA,4,19,1966.23,691.8399999999999,2026-07-07 10:28:00,Mia Brown,True
C002812,Ava,Brown,NJ,10,72,11143.74,4739.89,2026-07-01 12:27:00,Ava Brown,True
C002813,Mason,Thomas,NY,6,36,3695.4500000000003,1589.66,2026-08-24 08:40:00,Mason Thomas,True
C002814,Sophia,Anderson,VA,1,7,1551.58,558.9699999999999,2025-07-09 16:06:00,Sophia Anderson,False
C002815,Mia,Garcia,IL,3,21,3089.3599999999997,1051.02,2026-08-16 22:10:00,Mia Garcia,True
C002816,Lucas,Wilson,GA,6,40,7174.96,3010.04,2026-04-08 13:41:00,Lucas Wilson,True
C002817,Sophia,Davis,NC,5,20,3648.0099999999998,1646.19,2026-08-10 11:13:00,Sophia Davis,True
C002818,Ava,Patel,MO,6,44,6232.34,2212.0699999999997,2026-09-08 09:15:00,Ava Patel,True
C002819,Olivia,Anderson,MO,4,30,5364.27,2154.59,2025-09-04 21:13:00,Olivia Anderson,True
C002820,James,Patel,NJ,3,15,2207.36,716.87,2026-03-23 21:30:00,James Patel,True
C002821,Sophia,Thomas,FL,2,10,783.66,314.39,2026-04-15 16:56:00,Sophia Thomas,True
C002822,Sophia,Wilson,PA,8,53,9122.77,3413.3700000000003,2026-06-10 10:17:00,Sophia Wilson,True
C002823,Noah,Anderson,IL,4,28,4121.79,1369.84,2026-07-29 14:42:00,Noah Anderson,True
C002824,Ethan,Miller,MO,3,20,3785.3,1323.0,2025-12-04 17:40:00,Ethan Miller,True
C002825,Noah,Anderson,MO,5,39,4765.45,1837.74,2026-08-22 11:57:00,Noah Anderson,True
C002826,James,Wilson,FL,6,47,9588.64,3748.2200000000003,2026-02-17 09:37:00,James Wilson,True
C002827,James,Brown,GA,5,36,6064.29,2239.0099999999998,2026-08-24 21:58:00,James Brown,True
C002828,Mia,Davis,GA,6,25,4317.3,1839.55,2026-09-09 21:38:00,Mia Davis,True
C002829,Ethan,Lee,GA,2,18,2172.27,744.19,2025-05-23 18:51:00,Ethan Lee,True
C002830,Mason,Miller,TX,4,33,3852.6,1262.1799999999998,2025-10-15 14:58:00,Mason Miller,True
C002831,Isabella,Smith,VA,2,15,2311.36,729.5200000000001,2025-12-18 10:42:00,Isabella Smith,True
C002832,Liam,Davis,CA,4,30,5579.46,2380.1800000000003,2026-07-11 09:52:00,Liam Davis,True
C002833,Lucas,Thomas,MO,4,18,2996.4,1110.87,2026-02-09 11:20:00,Lucas Thomas,True
C002834,Emma,Taylor,CA,4,17,2934.84,1113.91,2026-08-14 20:57:00,Emma Taylor,True
C002835,Ethan,Thomas,IA,3,19,2391.27,842.97,2026-08-08 12:55:00,Ethan Thomas,True
C002836,Sophia,Thomas,NC,2,3,405.53,191.57000000000002,2026-03-16 13:02:00,Sophia Thomas,True
C002837,Liam,Johnson,VA,4,23,4283.139999999999,1431.4599999999998,2026-06-08 13:16:00,Liam Johnson,True
C002838,Olivia,Brown,PA,2,18,2681.2200000000003,996.28,2025-06-17 11:23:00,Olivia Brown,True
C002839,Mia,Patel,PA,5,38,5148.26,2049.3599999999997,2026-08-01 11:34:00,Mia Patel,True
C002840,Isabella,Davis,IL,6,40,5785.8,2280.2499999999995,2026-05-25 08:19:00,Isabella Davis,True
C002841,Ava,Garcia,IL,4,28,4308.77,1637.75,2025-09-27 09:12:00,Ava Garcia,True
C002842,Emma,Smith,FL,2,19,2638.72,734.6600000000001,2026-03-16 21:12:00,Emma Smith,True
C002843,Sophia,Davis,NY,4,24,3706.21,1211.1000000000001,2026-08-19 15:08:00,Sophia Davis,True
C002844,Sophia,Davis,FL,3,24,4128.46,1541.7500000000002,2026-01-24 16:20:00,Sophia Davis,True
C002845,Sophia,Johnson,MO,4,23,3338.75,1474.84,2025-10-30 09:34:00,Sophia Johnson,True
C002846,Isabella,Garcia,GA,3,13,2419.2200000000003,877.83,2026-08-31 11:52:00,Isabella Garcia,True
C002847,Ava,Anderson,NC,5,27,2458.76,807.8500000000001,2026-05-27 09:58:00,Ava Anderson,True
C002848,Mason,Brown,IA,7,43,5120.9,2085.07,2026-07-07 08:35:00,Mason Brown,True
C002849,Mason,Miller,PA,4,23,3845.41,1615.21,2026-05-21 22:53:00,Mason Miller,True
C002850,James,Patel,PA,5,41,6100.73,2235.2200000000003,2025-10-08 11:02:00,James Patel,True
C002851,James,Taylor,FL,4,22,3204.6099999999997,1278.79,2026-08-25 12:30:00,James Taylor,True
C002852,Lucas,Miller,CA,4,29,4538.0,2066.59,2026-08-23 10:23:00,Lucas Miller,True
C002853,Lucas,Thomas,FL,4,18,3005.47,1262.54,2025-09-02 16:01:00,Lucas Thomas,True
C002854,Emma,Taylor,GA,2,6,899.86,286.57000000000005,2025-11-21 11:52:00,Emma Taylor,True
C002855,Olivia,Garcia,MO,1,12,1531.48,486.9,2025-04-20 14:17:00,Olivia Garcia,False
C002856,Ava,Anderson,FL,2,4,287.11999999999995,90.75999999999996,2026-05-09 19:54:00,Ava Anderson,True
C002857,Isabella,Garcia,IA,1,3,896.25,390.81000000000006,2025-03-22 11:55:00,Isabella Garcia,False
C002858,Mason,Taylor,IA,5,25,4851.33,1866.84,2026-06-27 17:00:00,Mason Taylor,True
C002859,Mia,Davis,IA,4,28,3925.63,1661.0300000000002,2026-02-20 11:01:00,Mia Davis,True
C002861,Isabella,Wilson,IL,4,25,3597.8599999999997,1457.1499999999999,2026-01-23 18:22:00,Isabella Wilson,True
C002862,Mason,Smith,GA,2,8,1219.33,384.89999999999986,2026-08-09 13:02:00,Mason Smith,True
C002863,Ethan,Smith,CA,5,31,5341.48,2148.3,2026-03-20 18:40:00,Ethan Smith,True
C002864,Emma,Garcia,IA,1,3,663.9599999999999,161.4899999999999,2025-08-14 18:01:00,Emma Garcia,False
C002865,Isabella,Johnson,MO,2,11,1524.27,304.93999999999994,2026-08-15 08:54:00,Isabella Johnson,True
C002866,Isabella,Patel,NY,2,9,1294.23,481.7400000000001,2026-08-10 16:47:00,Isabella Patel,True
C002867,Ava,Johnson,NJ,3,25,3789.29,1339.94,2026-05-26 10:31:00,Ava Johnson,True
C002869,Emma,Garcia,PA,3,21,2269.9,779.01,2026-02-26 20:45:00,Emma Garcia,True
C002870,Olivia,Thomas,NC,6,44,8831.26,3866.6099999999997,2026-05-13 15:05:00,Olivia Thomas,True
C002871,Ethan,Smith,MO,4,36,2662.8599999999997,1053.2899999999997,2025-06-06 17:10:00,Ethan Smith,True
C002872,Noah,Wilson,IL,4,23,2933.4900000000002,944.09,2026-07-21 20:10:00,Noah Wilson,True
C002873,Ethan,Anderson,MO,2,14,2522.1800000000003,994.1400000000001,2025-04-01 19:50:00,Ethan Anderson,True
C002874,Sophia,Smith,NJ,4,29,4607.4800000000005,1612.16,2026-03-05 17:31:00,Sophia Smith,True
C002875,Mia,Patel,IA,6,43,5187.719999999999,1990.02,2026-08-30 12:02:00,Mia Patel,True
C002876,Ethan,Miller,NC,8,48,6100.1,2232.33,2026-07-06 12:04:00,Ethan Miller,True
C002877,Mason,Patel,IA,7,42,5543.23,2195.7099999999996,2026-07-07 16:32:00,Mason Patel,True
C002878,Emma,Johnson,GA,2,8,1334.52,617.7200000000001,2026-03-20 16:55:00,Emma Johnson,True
C002879,Liam,Lee,NY,4,24,5473.8,2241.4700000000003,2026-09-04 18:19:00,Liam Lee,True
C002880,Mason,Patel,FL,2,17,2124.51,733.32,2025-11-20 09:44:00,Mason Patel,True
C002881,Noah,Smith,NJ,3,14,2622.4800000000005,912.8600000000001,2026-06-09 15:21:00,Noah Smith,True
C002884,Isabella,Wilson,IL,4,30,4730.55,1595.6499999999999,2026-06-16 17:45:00,Isabella Wilson,True
C002885,Liam,Anderson,IA,2,5,598.93,150.52999999999997,2026-09-10 13:16:00,Liam Anderson,True
C002886,Liam,Lee,NC,4,26,3147.5,1143.36,2026-04-10 22:17:00,Liam Lee,True
C002887,James,Smith,NC,6,47,6802.82,2692.57,2026-07-28 17:59:00,James Smith,True
C002888,Sophia,Lee,PA,6,29,3575.1800000000003,1411.46,2026-08-24 21:37:00,Sophia Lee,True
C002889,Olivia,Smith,CA,4,24,4315.26,1589.94,2025-11-28 17:11:00,Olivia Smith,True
C002890,Mason,Brown,IL,5,29,5257.4,2202.63,2026-06-16 22:28:00,Mason Brown,True
C002891,Liam,Anderson,FL,3,11,2361.5,1006.9699999999999,2026-08-18 21:34:00,Liam Anderson,True
C002892,Sophia,Taylor,MO,3,23,4695.15,1775.31,2025-08-24 20:43:00,Sophia Taylor,True
C002893,Emma,Lee,IA,3,12,1629.47,522.05,2026-02-23 13:56:00,Emma Lee,True
C002894,Sophia,Miller,VA,7,55,8160.2,2795.21,2026-08-11 19:56:00,Sophia Miller,True
C002895,Isabella,Brown,IL,3,12,2617.7200000000003,1164.2400000000002,2026-04-15 19:49:00,Isabella Brown,True
C002896,Ava,Johnson,IL,4,22,3143.9,1228.98,2026-05-09 18:01:00,Ava Johnson,True
C002897,Olivia,Thomas,IA,2,8,1472.73,632.36,2026-04-24 18:12:00,Olivia Thomas,True
C002899,Mia,Smith,PA,6,31,5960.84,2413.51,2026-05-30 14:34:00,Mia Smith,True
C002900,Sophia,Miller,CA,3,26,3902.43,1512.99,2025-12-21 22:31:00,Sophia Miller,True
C002901,James,Wilson,FL,5,22,3776.63,1444.8700000000001,2026-08-11 10:52:00,James Wilson,True
C002902,Noah,Lee,IA,5,36,5091.41,1911.45,2026-07-22 14:53:00,Noah Lee,True
C002903,Mason,Smith,NY,3,26,4497.41,1759.3200000000002,2026-08-04 13:23:00,Mason Smith,True
C002904,Ethan,Davis,PA,3,24,3815.1099999999997,1656.4,2026-08-02 10:40:00,Ethan Davis,True
C002905,James,Miller,IL,5,37,5270.9,1958.8200000000002,2026-05-17 15:19:00,James Miller,True
C002907,Olivia,Smith,NY,6,19,3237.61,1273.03,2026-06-10 08:58:00,Olivia Smith,True
C002908,Mason,Lee,NY,2,9,1019.9899999999999,406.2299999999999,2025-10-31 14:17:00,Mason Lee,True
C002909,Lucas,Johnson,NC,2,22,2863.85,1144.8,2026-05-30 19:31:00,Lucas Johnson,True
C002910,Liam,Garcia,VA,2,13,2277.67,919.25,2025-06-01 17:44:00,Liam Garcia,True
C002911,Mason,Wilson,GA,4,22,3041.43,1135.1599999999999,2026-06-24 18:26:00,Mason Wilson,True
C002912,Sophia,Lee,NC,4,18,3675.07,1407.48,2026-07-03 21:43:00,Sophia Lee,True
C002913,James,Thomas,GA,2,15,2075.12,674.79,2026-04-11 14:37:00,James Thomas,True
C002914,Emma,Anderson,CA,5,30,3577.04,1346.4099999999999,2026-05-31 08:35:00,Emma Anderson,True
C002915,Emma,Johnson,NC,5,38,4785.15,2020.21,2026-04-06 12:20:00,Emma Johnson,True
C002916,Lucas,Davis,IA,3,14,2852.3500000000004,1262.44,2026-08-22 19:29:00,Lucas Davis,True
C002917,Emma,Anderson,IA,3,33,5630.9,2613.63,2026-09-01 14:02:00,Emma Anderson,True
C002918,Emma,Johnson,NJ,3,21,3426.65,1433.95,2026-07-11 10:28:00,Emma Johnson,True
C002919,Olivia,Johnson,CA,4,25,4453.79,1710.15,2026-05-20 13:10:00,Olivia Johnson,True
C002920,Olivia,Wilson,GA,2,15,1785.71,518.9599999999999,2026-07-02 21:06:00,Olivia Wilson,True
C002921,Ava,Lee,IL,3,17,2659.11,1219.23,2026-01-30 14:16:00,Ava Lee,True
C002922,Sophia,Thomas,NY,4,32,6484.76,1977.4800000000002,2026-08-30 14:28:00,Sophia Thomas,True
C002923,Lucas,Garcia,TX,4,22,2680.62,880.68,2026-08-25 09:39:00,Lucas Garcia,True
C002924,Noah,Davis,PA,1,8,1512.76,774.76,2026-06-26 16:22:00,Noah Davis,False
C002925,Noah,Johnson,IA,2,21,3024.63,984.9799999999998,2026-03-04 21:22:00,Noah Johnson,True
C002926,Noah,Lee,NJ,1,5,1041.79,350.31999999999994,2025-07-17 12:37:00,Noah Lee,False
C002927,James,Smith,MO,3,26,4421.1,1518.3899999999999,2026-04-25 22:58:00,James Smith,True
C002928,Ethan,Garcia,CA,4,28,5906.87,2229.58,2026-04-21 10:42:00,Ethan Garcia,True
C002929,Olivia,Taylor,PA,4,29,3510.9700000000003,1429.35,2026-02-11 22:49:00,Olivia Taylor,True
C002930,Ethan,Patel,PA,4,34,5782.32,2708.11,2026-08-15 09:27:00,Ethan Patel,True
C002931,Olivia,Lee,PA,5,23,2653.45,1047.83,2026-09-11 10:24:00,Olivia Lee,True
C002932,Isabella,Taylor,CA,5,25,4130.96,1488.96,2026-08-17 15:36:00,Isabella Taylor,True
C002933,Ava,Brown,NJ,4,20,2677.36,987.8900000000001,2026-08-30 22:17:00,Ava Brown,True
C002934,Liam,Taylor,FL,6,37,6947.9800000000005,2640.8,2026-08-01 13:13:00,Liam Taylor,True
C002935,Mia,Davis,IL,2,19,2548.26,1014.4700000000001,2025-07-18 08:47:00,Mia Davis,True
C002936,Emma,Johnson,IL,5,38,7459.34,3379.25,2026-09-04 17:58:00,Emma Johnson,True
C002937,Olivia,Thomas,VA,5,32,4932.719999999999,1806.4499999999998,2026-06-28 18:43:00,Olivia Thomas,True
C002938,Noah,Davis,FL,3,18,1758.31,640.77,2026-07-16 11:03:00,Noah Davis,True
C002939,Ava,Miller,TX,5,36,3671.1,1001.5000000000001,2026-02-12 17:21:00,Ava Miller,True
C002940,Isabella,Anderson,FL,6,31,4375.67,1223.0199999999998,2026-01-25 22:20:00,Isabella Anderson,True
C002941,Lucas,Wilson,NC,6,44,8100.66,2949.0200000000004,2026-07-08 09:06:00,Lucas Wilson,True
C002942,Liam,Garcia,IA,2,11,2069.58,924.3199999999999,2025-08-06 19:12:00,Liam Garcia,True
C002943,Sophia,Anderson,NJ,3,18,2467.08,1002.4,2026-04-13 20:47:00,Sophia Anderson,True
C002944,Emma,Smith,IL,4,20,2897.5699999999997,1053.99,2026-06-07 21:59:00,Emma Smith,True
C002945,Sophia,Davis,IA,4,25,4682.16,1457.75,2026-06-22 16:22:00,Sophia Davis,True
C002946,Sophia,Smith,NJ,2,10,1470.5200000000002,325.32000000000005,2026-05-30 10:55:00,Sophia Smith,True
C002947,Isabella,Smith,NC,6,30,4188.08,1528.9700000000003,2026-09-13 20:16:00,Isabella Smith,True
C002948,James,Johnson,FL,2,14,2745.21,1077.29,2025-02-21 15:33:00,James Johnson,True
C002949,Mason,Miller,IL,8,46,6863.66,2317.82,2026-07-25 14:17:00,Mason Miller,True
C002950,Emma,Wilson,IA,4,21,4547.23,2187.92,2026-04-29 13:54:00,Emma Wilson,True
C002951,Ava,Wilson,FL,7,27,3812.56,1273.31,2026-08-16 09:02:00,Ava Wilson,True
C002952,Ethan,Miller,NJ,2,15,2583.98,794.27,2026-08-02 20:51:00,Ethan Miller,True
C002953,Sophia,Miller,IL,4,11,1205.33,504.56999999999994,2025-07-04 11:32:00,Sophia Miller,True
C002954,Lucas,Thomas,IA,2,8,1270.99,586.8799999999999,2026-03-28 16:33:00,Lucas Thomas,True
C002955,Ava,Garcia,NJ,1,5,794.79,278.21000000000004,2026-02-05 21:45:00,Ava Garcia,False
C002956,Mason,Johnson,MO,2,14,2082.64,886.5200000000001,2025-07-24 09:43:00,Mason Johnson,True
C002957,Noah,Anderson,NJ,5,37,5282.6900000000005,2088.32,2025-10-20 08:52:00,Noah Anderson,True
C002958,Olivia,Patel,NY,2,14,1600.4099999999999,587.42,2026-06-30 15:40:00,Olivia Patel,True
C002959,Noah,Thomas,FL,6,41,6253.38,2334.84,2026-08-06 09:12:00,Noah Thomas,True
C002960,Noah,Taylor,CA,4,24,3914.05,1232.8600000000001,2026-02-27 15:55:00,Noah Taylor,True
C002962,Sophia,Thomas,CA,5,33,5670.45,2025.86,2026-04-13 13:27:00,Sophia Thomas,True
C002963,Ethan,Lee,TX,4,26,4279.55,1655.3100000000004,2026-05-02 22:40:00,Ethan Lee,True
C002964,James,Brown,CA,4,31,3455.7799999999997,1101.47,2025-12-08 08:14:00,James Brown,True
C002965,Olivia,Smith,GA,2,11,1320.5100000000002,565.34,2026-07-12 16:57:00,Olivia Smith,True
C002966,Ava,Johnson,IL,4,20,4668.42,1957.42,2026-07-02 18:24:00,Ava Johnson,True
C002967,Liam,Taylor,GA,4,28,3945.1800000000003,1710.0,2026-09-12 13:54:00,Liam Taylor,True
C002968,James,Smith,IA,4,26,5168.66,2125.6,2026-08-01 09:33:00,James Smith,True
C002969,Mia,Thomas,FL,4,34,5416.8,2025.3200000000002,2025-11-06 21:47:00,Mia Thomas,True
C002970,Noah,Smith,VA,3,23,3910.5,1564.9499999999998,2025-10-20 08:36:00,Noah Smith,True
C002971,James,Wilson,GA,1,3,660.26,319.7,2026-09-11 12:04:00,James Wilson,False
C002972,Mason,Miller,PA,5,37,6227.58,2263.05,2026-05-01 09:16:00,Mason Miller,True
C002973,Emma,Lee,NY,8,32,3728.3500000000004,1518.88,2026-07-29 17:47:00,Emma Lee,True
C002974,Ava,Garcia,PA,4,28,4793.58,1777.17,2026-08-31 16:21:00,Ava Garcia,True
C002975,Noah,Garcia,MO,7,57,9053.29,3562.84,2026-08-06 14:53:00,Noah Garcia,True
C002976,Sophia,Smith,IA,3,25,3439.96,1359.74,2026-08-27 22:13:00,Sophia Smith,True
C002977,Emma,Davis,CA,4,29,6406.5,2626.37,2026-03-15 08:21:00,Emma Davis,True
C002978,Olivia,Brown,CA,4,28,4336.71,1981.14,2026-08-11 19:12:00,Olivia Brown,True
C002979,James,Miller,IL,2,13,1710.35,662.24,2026-07-02 11:12:00,James Miller,True
C002980,James,Smith,CA,3,20,3437.06,1223.41,2026-08-10 17:05:00,James Smith,True
C002981,Ava,Miller,NY,4,12,2016.24,692.5900000000001,2026-03-31 19:08:00,Ava Miller,True
C002982,Lucas,Anderson,NC,4,35,5687.2,2530.73,2026-05-31 17:48:00,Lucas Anderson,True
C002983,Ethan,Johnson,IA,2,10,2085.6499999999996,623.36,2026-07-30 16:49:00,Ethan Johnson,True
C002984,Mia,Brown,CA,7,46,7642.360000000001,3132.33,2026-07-03 19:37:00,Mia Brown,True
C002985,Noah,Johnson,MO,6,41,7722.96,2964.0299999999997,2026-08-18 08:03:00,Noah Johnson,True
C002986,Olivia,Thomas,IL,7,35,7201.53,2790.84,2026-05-02 12:33:00,Olivia Thomas,True
C002987,Emma,Miller,IL,2,13,1542.93,475.39000000000004,2026-07-19 15:27:00,Emma Miller,True
C002988,Mia,Patel,NC,6,41,5282.03,1794.0499999999997,2026-08-14 15:21:00,Mia Patel,True
C002989,Mason,Miller,NY,1,4,603.47,263.56,2025-03-31 15:51:00,Mason Miller,False
C002990,Liam,Wilson,PA,4,31,5878.62,2218.2799999999997,2026-09-08 10:43:00,Liam Wilson,True
C002991,Ethan,Taylor,IL,1,8,1742.8799999999999,606.3999999999999,2025-05-26 09:25:00,Ethan Taylor,False
C002992,James,Davis,IL,8,58,8556.71,2840.34,2026-07-11 19:44:00,James Davis,True
C002993,James,Smith,FL,5,25,3112.24,1416.9099999999999,2026-04-16 11:06:00,James Smith,True
C002994,Mia,Wilson,GA,6,34,4453.95,1671.3700000000001,2025-11-18 22:48:00,Mia Wilson,True
C002996,Mia,Taylor,IL,4,32,3015.89,1002.1200000000001,2026-06-19 17:22:00,Mia Taylor,True
C002997,Olivia,Miller,PA,2,14,2082.96,925.71,2026-06-04 21:59:00,Olivia Miller,True
C002998,Noah,Miller,IA,2,10,786.3499999999999,215.09,2025-07-29 19:19:00,Noah Miller,True
C002999,Emma,Wilson,NJ,5,23,3044.09,1263.9599999999998,2026-06-02 18:33:00,Emma Wilson,True
C003000,Mason,Taylor,NC,4,29,5140.49,2041.03,2026-08-25 21:48:00,Mason Taylor,True
C003001,Olivia,Taylor,IA,3,21,3760.04,1099.3500000000001,2025-11-28 15:24:00,Olivia Taylor,True
C003002,James,Lee,NY,3,18,2356.68,790.74,2026-02-21 17:22:00,James Lee,True
C003003,Liam,Lee,IL,2,22,3737.49,1825.4599999999998,2026-01-16 21:04:00,Liam Lee,True
C003004,James,Davis,CA,4,27,3612.69,1427.6599999999999,2026-08-27 16:05:00,James Davis,True
C003005,Mia,Johnson,FL,6,34,4342.4400000000005,1514.49,2026-06-06 19:30:00,Mia Johnson,True
C003006,Emma,Thomas,GA,2,15,1614.53,700.51,2025-08-06 10:57:00,Emma Thomas,True
C003007,Noah,Wilson,PA,4,24,4330.29,1764.99,2026-08-21 12:37:00,Noah Wilson,True
C003008,Ava,Anderson,VA,2,7,1305.95,458.26000000000005,2026-09-02 10:03:00,Ava Anderson,True
C003009,Noah,Lee,TX,2,5,331.95000000000005,127.11000000000001,2025-11-12 12:39:00,Noah Lee,True
C003010,Ava,Brown,NJ,2,14,2746.8,1033.3400000000001,2026-08-24 13:04:00,Ava Brown,True
C003011,Mason,Thomas,FL,6,55,6661.389999999999,2231.16,2026-04-05 10:18:00,Mason Thomas,True
C003012,Sophia,Garcia,NY,5,38,6527.870000000001,2778.3300000000004,2026-07-12 13:48:00,Sophia Garcia,True
C003013,Mia,Smith,NY,2,20,3763.63,1399.07,2026-03-24 09:33:00,Mia Smith,True
C003014,Emma,Anderson,TX,3,9,756.1700000000001,360.00000000000006,2026-06-14 19:59:00,Emma Anderson,True
C003015,Mason,Taylor,CA,4,21,2450.7000000000003,964.5800000000002,2026-07-20 10:46:00,Mason Taylor,True
C003016,Mason,Anderson,NY,7,30,5960.0599999999995,2211.06,2026-05-31 21:19:00,Mason Anderson,True
C003017,Mason,Taylor,PA,2,15,2301.61,901.9200000000001,2026-08-10 08:32:00,Mason Taylor,True
C003018,Ava,Brown,TX,6,24,3544.22,1266.33,2026-07-26 15:05:00,Ava Brown,True
C003019,Mia,Johnson,NY,4,23,3433.72,1258.6399999999999,2026-07-28 10:01:00,Mia Johnson,True
C003020,Ethan,Smith,GA,5,34,5934.48,2157.2599999999998,2026-01-15 20:10:00,Ethan Smith,True
C003021,Lucas,Miller,CA,3,22,3400.19,1207.31,2025-12-15 21:26:00,Lucas Miller,True
C003022,Olivia,Smith,IA,3,15,3092.54,1265.11,2026-06-15 09:53:00,Olivia Smith,True
C003023,Sophia,Miller,FL,2,10,2384.27,979.7600000000001,2026-01-21 16:14:00,Sophia Miller,True
C003024,Olivia,Lee,IA,1,3,264.54,106.92000000000002,2025-04-28 09:35:00,Olivia Lee,False
C003025,Mia,Taylor,MO,7,60,8884.32,3289.87,2026-05-30 18:14:00,Mia Taylor,True
C003027,Emma,Taylor,PA,4,29,5062.47,1908.42,2025-12-23 20:38:00,Emma Taylor,True
C003028,Isabella,Lee,FL,4,16,2450.88,1005.85,2026-05-05 13:11:00,Isabella Lee,True
C003029,Lucas,Taylor,NC,4,25,3831.7799999999997,1285.5299999999997,2026-06-09 08:38:00,Lucas Taylor,True
C003030,Liam,Anderson,FL,1,5,292.75,70.50999999999999,2026-01-27 12:02:00,Liam Anderson,False
C003031,Mia,Thomas,NC,7,45,7700.73,3072.63,2025-10-23 19:17:00,Mia Thomas,True
C003032,Ethan,Wilson,IL,8,45,7104.94,2818.7299999999996,2026-05-12 18:44:00,Ethan Wilson,True
C003033,Emma,Lee,NY,5,34,5920.73,2382.14,2026-09-09 15:08:00,Emma Lee,True
C003034,Olivia,Patel,IA,4,23,3972.48,1586.84,2025-09-29 19:39:00,Olivia Patel,True
C003035,Emma,Taylor,NJ,5,18,3370.7400000000002,1374.0200000000002,2026-07-28 21:27:00,Emma Taylor,True
C003036,James,Thomas,GA,4,37,6068.429999999999,2237.05,2026-08-28 09:06:00,James Thomas,True
C003037,Ava,Anderson,NJ,5,33,4305.3,1590.3700000000001,2026-03-12 20:33:00,Ava Anderson,True
C003038,Lucas,Anderson,PA,3,22,2065.37,779.15,2026-07-06 17:11:00,Lucas Anderson,True
C003039,Lucas,Thomas,TX,7,38,3301.52,1288.9199999999998,2026-09-03 21:10:00,Lucas Thomas,True
C003040,Ava,Anderson,NC,7,40,5903.28,2301.39,2026-05-21 17:31:00,Ava Anderson,True
C003042,Ava,Davis,VA,4,29,3949.97,1606.79,2025-09-24 14:44:00,Ava Davis,True
C003043,Olivia,Garcia,VA,2,13,1782.2799999999997,661.6299999999999,2025-05-10 18:15:00,Olivia Garcia,True
C003044,James,Patel,NY,2,14,2215.22,886.77,2026-05-27 12:23:00,James Patel,True
C003045,Ethan,Thomas,NJ,5,28,3481.36,1316.47,2026-07-30 10:11:00,Ethan Thomas,True
C003046,Ethan,Wilson,PA,1,3,649.77,149.01,2026-07-30 19:49:00,Ethan Wilson,False
C003047,Sophia,Taylor,FL,2,20,2833.53,1058.3600000000001,2026-02-13 12:16:00,Sophia Taylor,True
C003048,Olivia,Johnson,MO,5,36,6406.41,2673.14,2026-03-21 22:44:00,Olivia Johnson,True
C003049,Lucas,Patel,TX,7,47,7468.51,3017.96,2026-05-07 15:00:00,Lucas Patel,True
C003050,James,Wilson,MO,7,36,4884.56,1608.0700000000002,2026-05-06 15:46:00,James Wilson,True
C003051,James,Patel,NJ,5,32,5173.23,1641.3700000000001,2026-03-17 12:02:00,James Patel,True
C003052,Ethan,Smith,CA,4,16,2785.07,1058.6,2026-04-15 20:07:00,Ethan Smith,True
C003053,James,Smith,NY,5,37,6419.4400000000005,2480.48,2026-06-18 15:38:00,James Smith,True
C003054,Noah,Johnson,VA,5,36,4648.26,1738.87,2026-02-21 10:36:00,Noah Johnson,True
C003055,Mason,Taylor,NC,4,24,4151.16,1563.1799999999998,2026-07-30 17:28:00,Mason Taylor,True
C003056,Ava,Brown,TX,4,35,5274.849999999999,2332.04,2026-06-18 16:35:00,Ava Brown,True
C003057,James,Brown,VA,5,33,6055.9800000000005,2152.0600000000004,2026-08-19 18:48:00,James Brown,True
C003058,Isabella,Brown,NJ,8,57,8115.85,3247.5,2026-05-23 21:19:00,Isabella Brown,True
C003059,Sophia,Thomas,GA,1,10,1641.72,602.0,2026-06-07 16:24:00,Sophia Thomas,False
C003060,Mia,Anderson,IA,3,13,1307.57,560.75,2026-05-11 11:09:00,Mia Anderson,True
C003061,Liam,Garcia,MO,5,35,5848.14,2592.2799999999997,2026-06-12 08:16:00,Liam Garcia,True
C003062,Emma,Thomas,IA,7,48,6432.280000000001,1867.1200000000003,2026-05-26 19:50:00,Emma Thomas,True
C003063,Lucas,Lee,VA,2,9,1754.87,678.04,2025-09-15 16:34:00,Lucas Lee,True
C003065,Sophia,Johnson,NY,1,11,856.19,264.2700000000001,2025-04-26 14:15:00,Sophia Johnson,False
C003066,Ethan,Taylor,FL,3,35,4319.64,1285.3899999999999,2026-04-03 20:34:00,Ethan Taylor,True
C003067,James,Wilson,NC,2,12,1197.91,508.61000000000007,2026-04-15 10:03:00,James Wilson,True
C003068,Liam,Garcia,CA,5,24,2523.4300000000003,780.0300000000001,2026-07-14 16:37:00,Liam Garcia,True
C003069,Ava,Smith,IA,3,7,459.42,176.04999999999998,2026-08-11 15:49:00,Ava Smith,True
C003070,Lucas,Anderson,TX,3,23,3166.78,1273.24,2026-08-24 17:07:00,Lucas Anderson,True
C003071,Sophia,Taylor,NY,2,19,3744.0699999999997,1391.0,2025-03-13 10:41:00,Sophia Taylor,True
C003072,Noah,Taylor,PA,2,11,1919.77,564.3299999999999,2026-07-21 16:58:00,Noah Taylor,True
C003073,Mia,Miller,GA,4,28,4552.91,1734.4500000000003,2026-08-27 14:24:00,Mia Miller,True
C003074,Isabella,Smith,NC,1,9,917.1299999999999,346.28,2026-02-09 08:15:00,Isabella Smith,False
C003075,Mia,Davis,IA,5,42,7386.26,3154.63,2026-08-20 19:22:00,Mia Davis,True
C003076,Lucas,Anderson,GA,5,23,2256.76,755.69,2026-06-23 14:13:00,Lucas Anderson,True
C003077,James,Miller,NY,6,42,5088.63,1437.0300000000002,2026-05-01 15:27:00,James Miller,True
C003078,Emma,Thomas,MO,4,23,4196.86,1409.98,2026-07-31 12:38:00,Emma Thomas,True
C003079,Lucas,Taylor,NC,7,44,5942.41,2193.7599999999998,2026-09-08 11:53:00,Lucas Taylor,True
C003080,Liam,Wilson,GA,1,9,1325.01,491.31999999999994,2025-07-22 15:11:00,Liam Wilson,False
C003081,Emma,Anderson,FL,3,16,1983.43,549.0000000000001,2026-07-07 12:58:00,Emma Anderson,True
C003082,Mia,Wilson,GA,2,16,1574.58,488.65000000000003,2026-08-27 08:00:00,Mia Wilson,True
C003083,James,Wilson,NY,4,15,1463.79,604.6300000000001,2026-04-20 21:40:00,James Wilson,True
C003084,Mia,Taylor,TX,5,23,4201.74,1585.98,2026-06-19 16:22:00,Mia Taylor,True
C003085,Noah,Garcia,GA,3,29,4271.4,1524.69,2026-08-14 22:43:00,Noah Garcia,True
C003086,Lucas,Miller,NC,3,15,1671.17,400.05999999999995,2026-04-26 10:46:00,Lucas Miller,True
C003087,Isabella,Johnson,GA,1,8,1042.25,258.96999999999997,2025-10-17 15:57:00,Isabella Johnson,False
C003088,Emma,Smith,IA,1,9,1478.28,511.02000000000004,2026-01-17 16:57:00,Emma Smith,False
C003089,Sophia,Smith,MO,3,15,2777.28,1062.5100000000002,2026-08-31 08:25:00,Sophia Smith,True
C003090,Olivia,Lee,NJ,2,12,1397.0800000000002,616.94,2025-06-25 17:09:00,Olivia Lee,True
C003091,Ethan,Smith,TX,4,20,3452.5600000000004,1381.26,2026-08-17 09:33:00,Ethan Smith,True
C003092,Sophia,Thomas,NJ,4,23,3313.6499999999996,1285.1599999999999,2026-06-30 19:00:00,Sophia Thomas,True
C003093,Sophia,Davis,NJ,3,23,2932.68,1090.1899999999998,2025-12-21 16:28:00,Sophia Davis,True
C003094,Sophia,Johnson,VA,3,18,2294.74,801.9000000000001,2026-08-15 08:37:00,Sophia Johnson,True
C003095,Sophia,Lee,TX,3,18,2809.46,1147.32,2025-10-06 13:22:00,Sophia Lee,True
C003096,James,Miller,NJ,2,13,1288.68,455.27000000000004,2025-08-29 17:42:00,James Miller,True
C003097,Ethan,Davis,VA,3,20,2767.62,1164.37,2026-08-19 14:08:00,Ethan Davis,True
C003098,Mia,Brown,NY,3,23,3871.04,1308.0299999999997,2026-05-09 17:45:00,Mia Brown,True
C003099,Olivia,Patel,NC,1,7,485.23,159.78,2025-02-04 12:46:00,Olivia Patel,False
C003100,Liam,Johnson,NJ,8,38,5805.9400000000005,1968.4400000000003,2026-08-12 13:04:00,Liam Johnson,True
C003101,Liam,Garcia,GA,7,64,9818.74,3675.55,2026-05-21 18:21:00,Liam Garcia,True
C003102,Sophia,Taylor,NC,3,8,1488.42,538.8299999999999,2026-02-28 21:55:00,Sophia Taylor,True
C003103,Emma,Garcia,TX,5,29,4374.69,1445.94,2026-06-09 18:58:00,Emma Garcia,True
C003104,Ava,Garcia,IL,7,51,8080.21,3360.14,2026-08-22 19:48:00,Ava Garcia,True
C003105,Sophia,Taylor,TX,4,27,5520.17,2049.46,2025-12-11 18:21:00,Sophia Taylor,True
C003106,Ethan,Taylor,VA,4,23,3549.37,1259.8,2026-08-08 09:02:00,Ethan Taylor,True
C003107,Ava,Johnson,FL,3,38,4076.3199999999997,1186.86,2026-07-13 19:42:00,Ava Johnson,True
C003108,Olivia,Miller,NY,2,19,2971.31,1162.29,2026-04-05 17:10:00,Olivia Miller,True
C003109,Isabella,Taylor,IL,3,23,4097.5,1471.8099999999997,2026-07-24 22:49:00,Isabella Taylor,True
C003110,Emma,Miller,GA,9,55,9848.08,3654.89,2026-09-09 22:41:00,Emma Miller,True
C003111,Noah,Anderson,NJ,3,24,4244.17,1512.18,2026-07-07 13:22:00,Noah Anderson,True
C003112,Lucas,Thomas,NC,2,10,767.8,223.64999999999998,2026-01-08 08:34:00,Lucas Thomas,True
C003113,Ethan,Smith,CA,5,35,4742.75,1665.72,2026-03-13 18:36:00,Ethan Smith,True
C003114,Sophia,Taylor,CA,3,20,2749.06,1026.5900000000001,2026-08-01 17:58:00,Sophia Taylor,True
C003115,Ethan,Thomas,GA,5,24,4177.54,1317.96,2026-09-01 20:42:00,Ethan Thomas,True
C003116,Mason,Thomas,CA,1,2,165.66,58.370000000000005,2026-01-01 16:16:00,Mason Thomas,False
C003117,Lucas,Garcia,GA,4,21,3335.7,1215.5,2026-09-05 13:11:00,Lucas Garcia,True
C003118,Lucas,Lee,IL,2,14,2970.2200000000003,1294.6200000000001,2025-08-19 13:53:00,Lucas Lee,True
C003119,Ethan,Garcia,NJ,4,25,4091.98,1893.7800000000002,2026-06-06 15:56:00,Ethan Garcia,True
C003120,Emma,Patel,NJ,5,25,4597.86,1964.2,2026-06-03 11:57:00,Emma Patel,True
C003121,Ethan,Miller,IA,6,29,4714.17,2084.18,2026-03-27 16:18:00,Ethan Miller,True
C003122,Emma,Taylor,NC,3,18,3035.48,1199.9299999999998,2026-08-09 08:22:00,Emma Taylor,True
C003123,Ethan,Thomas,VA,5,42,6557.47,2499.59,2026-06-06 11:17:00,Ethan Thomas,True
C003124,Sophia,Brown,PA,4,25,3950.29,1728.6499999999999,2026-09-02 19:18:00,Sophia Brown,True
C003125,Noah,Johnson,CA,10,63,9117.539999999999,3687.56,2026-07-14 19:09:00,Noah Johnson,True
C003126,Sophia,Garcia,IL,1,5,1136.0800000000002,454.1800000000002,2026-05-06 15:47:00,Sophia Garcia,False
C003127,Mason,Brown,PA,6,40,6495.7699999999995,2396.78,2026-06-29 14:17:00,Mason Brown,True
C003128,Ethan,Lee,VA,8,44,6802.91,2621.25,2026-08-11 13:23:00,Ethan Lee,True
C003129,James,Taylor,NY,5,25,3501.49,1422.22,2026-08-17 21:24:00,James Taylor,True
C003130,James,Smith,CA,1,2,511.85,238.55,2025-08-10 10:27:00,James Smith,False
C003131,Emma,Miller,PA,5,28,4565.01,1923.0000000000002,2026-02-20 08:27:00,Emma Miller,True
C003132,James,Garcia,TX,1,9,1335.23,381.56999999999994,2025-02-27 22:24:00,James Garcia,False
C003133,Noah,Brown,FL,6,31,5989.68,2256.9100000000003,2026-05-26 08:40:00,Noah Brown,True
C003134,Olivia,Wilson,NY,5,26,4984.88,2014.7,2025-10-02 12:52:00,Olivia Wilson,True
C003135,Ethan,Anderson,GA,3,16,2238.08,742.7700000000001,2025-11-03 12:02:00,Ethan Anderson,True
C003136,Emma,Thomas,FL,1,11,1644.5,704.3399999999999,2026-08-28 16:57:00,Emma Thomas,False
C003137,Isabella,Patel,CA,7,40,6200.43,2005.15,2026-09-10 08:47:00,Isabella Patel,True
C003138,Emma,Garcia,NJ,3,21,4349.13,1773.71,2026-08-22 20:48:00,Emma Garcia,True
C003139,Ava,Miller,MO,5,28,3826.1099999999997,1459.27,2026-09-01 18:03:00,Ava Miller,True
C003140,Lucas,Anderson,IA,3,21,3829.81,1495.6000000000001,2026-08-04 11:04:00,Lucas Anderson,True
C003141,Liam,Patel,MO,3,13,2221.07,666.98,2026-07-26 15:56:00,Liam Patel,True
C003142,Mason,Garcia,VA,2,9,1360.08,536.3499999999999,2026-03-05 13:23:00,Mason Garcia,True
C003143,Isabella,Anderson,FL,2,16,1622.49,561.71,2025-10-18 17:43:00,Isabella Anderson,True
C003144,Lucas,Wilson,FL,1,5,754.76,341.23,2025-12-07 21:53:00,Lucas Wilson,False
C003145,Ethan,Lee,NC,7,36,6307.52,2052.3199999999997,2026-07-16 20:21:00,Ethan Lee,True
C003146,James,Davis,IL,6,40,6224.31,2454.27,2026-07-07 21:53:00,James Davis,True
C003147,Mia,Taylor,PA,8,58,9762.1,3675.54,2026-06-17 21:52:00,Mia Taylor,True
C003148,Ava,Taylor,FL,3,12,1706.6100000000001,721.8900000000001,2025-12-01 18:24:00,Ava Taylor,True
C003149,Olivia,Lee,IL,4,29,6683.55,2948.24,2026-08-07 19:16:00,Olivia Lee,True
C003150,Olivia,Lee,PA,3,28,4642.61,2040.59,2026-08-18 22:00:00,Olivia Lee,True
C003151,Lucas,Taylor,NC,3,19,3512.97,1561.8799999999999,2026-05-31 18:39:00,Lucas Taylor,True
C003152,Mason,Anderson,TX,6,42,7135.4400000000005,2904.13,2026-05-09 14:51:00,Mason Anderson,True
C003153,Mason,Miller,NC,6,36,6407.58,2355.28,2026-07-25 13:10:00,Mason Miller,True
C003154,Emma,Wilson,GA,5,25,4599.68,1793.44,2026-07-23 11:27:00,Emma Wilson,True
C003155,Olivia,Johnson,FL,3,28,3047.85,974.48,2026-08-27 17:45:00,Olivia Johnson,True
C003157,Mason,Garcia,VA,4,18,2268.16,647.4699999999999,2025-09-08 18:42:00,Mason Garcia,True
C003158,James,Miller,TX,4,29,5272.94,2074.0199999999995,2026-08-17 19:45:00,James Miller,True
C003159,Sophia,Anderson,MO,5,26,3449.0699999999997,1246.6299999999999,2026-03-13 10:29:00,Sophia Anderson,True
C003160,Isabella,Smith,NC,4,24,5011.78,2293.0699999999997,2025-12-30 20:33:00,Isabella Smith,True
C003161,Olivia,Miller,CA,3,15,2838.72,1115.77,2025-08-01 11:44:00,Olivia Miller,True
C003162,Lucas,Davis,FL,3,19,3360.59,1417.07,2026-02-19 09:24:00,Lucas Davis,True
C003163,Mia,Johnson,IL,3,23,3184.39,1213.14,2026-01-18 12:18:00,Mia Johnson,True
C003164,Olivia,Lee,GA,1,14,2236.12,911.72,2026-03-11 21:57:00,Olivia Lee,False
C003165,Isabella,Smith,TX,6,32,5794.33,2252.48,2026-06-22 11:11:00,Isabella Smith,True
C003166,Sophia,Miller,NJ,5,30,4854.139999999999,1879.1699999999998,2026-07-08 10:46:00,Sophia Miller,True
C003167,Ava,Anderson,NJ,4,26,6087.05,2704.4700000000003,2026-08-24 10:34:00,Ava Anderson,True
C003168,Mason,Wilson,NY,5,27,3168.91,1053.8,2026-09-04 16:54:00,Mason Wilson,True
C003169,James,Miller,NY,6,31,6685.38,2655.14,2026-05-30 15:11:00,James Miller,True
C003170,Liam,Johnson,NY,3,31,4626.01,1764.96,2026-07-18 20:54:00,Liam Johnson,True
C003171,Ethan,Patel,VA,3,19,3589.38,1205.33,2026-08-07 18:34:00,Ethan Patel,True
C003172,Liam,Johnson,CA,7,53,7997.03,3256.52,2026-09-11 13:01:00,Liam Johnson,True
C003173,Liam,Johnson,PA,5,31,4371.37,1704.39,2026-07-08 13:11:00,Liam Johnson,True
C003174,Ethan,Johnson,MO,1,12,2771.34,869.4000000000001,2026-04-02 14:05:00,Ethan Johnson,False
C003175,Liam,Anderson,GA,7,41,4633.63,1735.59,2026-08-27 13:20:00,Liam Anderson,True
C003177,Lucas,Wilson,TX,5,23,4170.16,1854.75,2026-06-23 22:23:00,Lucas Wilson,True
C003178,Ethan,Johnson,NY,5,37,6048.13,2487.2,2026-07-05 22:40:00,Ethan Johnson,True
C003179,Noah,Patel,PA,3,22,3439.2400000000002,1362.91,2026-03-31 17:45:00,Noah Patel,True
C003180,Sophia,Wilson,NJ,7,33,5295.79,1985.3700000000003,2026-07-10 09:15:00,Sophia Wilson,True
C003181,Noah,Miller,FL,3,19,3228.33,1170.0300000000002,2026-08-06 11:36:00,Noah Miller,True
C003182,Noah,Thomas,CA,4,14,2115.93,935.1699999999998,2026-08-02 12:21:00,Noah Thomas,True
C003184,James,Patel,FL,4,30,4219.29,1606.9,2026-07-30 11:55:00,James Patel,True
C003185,Olivia,Taylor,PA,2,12,1353.78,516.1099999999999,2025-01-29 13:37:00,Olivia Taylor,True
C003186,Noah,Johnson,VA,2,8,1614.77,578.2,2026-08-07 11:31:00,Noah Johnson,True
C003187,Noah,Thomas,NY,7,39,7770.14,2779.7700000000004,2026-03-14 16:21:00,Noah Thomas,True
C003188,Isabella,Lee,FL,5,34,6301.55,2706.4700000000003,2026-09-04 18:31:00,Isabella Lee,True
C003189,Liam,Garcia,IL,2,8,1595.48,609.3900000000001,2026-07-26 14:06:00,Liam Garcia,True
C003190,James,Smith,NJ,3,21,4205.53,1778.54,2026-07-20 15:23:00,James Smith,True
C003191,Liam,Garcia,IL,1,5,453.4,193.48000000000002,2026-07-28 11:26:00,Liam Garcia,False
C003192,Lucas,Lee,PA,2,11,1528.87,541.3199999999999,2025-09-04 10:09:00,Lucas Lee,True
C003193,Mason,Garcia,IA,6,54,8749.15,3251.21,2026-07-27 18:49:00,Mason Garcia,True
C003194,Mia,Wilson,TX,2,7,1296.38,493.42999999999995,2026-07-16 20:31:00,Mia Wilson,True
C003195,Ethan,Anderson,MO,2,11,1764.96,768.34,2025-10-27 11:41:00,Ethan Anderson,True
C003196,Emma,Thomas,IA,3,12,1574.61,508.4399999999999,2025-06-04 22:59:00,Emma Thomas,True
C003197,Emma,Davis,NJ,3,17,3296.7999999999997,1534.26,2026-07-26 13:18:00,Emma Davis,True
C003198,Mia,Thomas,IA,7,56,7845.54,2933.61,2026-06-24 22:24:00,Mia Thomas,True
C003199,Emma,Miller,NY,7,54,8570.27,3279.4400000000005,2026-08-10 11:52:00,Emma Miller,True
C003200,Ava,Brown,MO,1,10,1348.6200000000001,396.2700000000001,2026-07-18 11:32:00,Ava Brown,False
C003201,Ava,Garcia,NY,7,30,5419.45,2209.5099999999998,2026-09-02 10:32:00,Ava Garcia,True
C003202,James,Wilson,CA,3,19,2658.1600000000003,944.3700000000002,2026-06-12 14:28:00,James Wilson,True
C003203,Mia,Lee,NY,4,15,2148.88,674.31,2026-03-07 19:11:00,Mia Lee,True
C003204,Ethan,Wilson,CA,4,24,3963.33,1181.2400000000002,2026-07-16 19:24:00,Ethan Wilson,True
C003205,Isabella,Johnson,IL,1,3,274.94,27.680000000000007,2025-04-13 15:53:00,Isabella Johnson,False
C003206,Sophia,Patel,IL,3,16,1439.6599999999999,510.8399999999999,2026-06-03 21:42:00,Sophia Patel,True
C003207,Emma,Brown,MO,3,20,2389.04,834.9399999999999,2026-06-22 09:14:00,Emma Brown,True
C003208,Mason,Thomas,IA,3,17,2199.37,909.03,2026-08-07 22:07:00,Mason Thomas,True
C003209,Ethan,Davis,MO,3,8,671.79,283.53,2025-11-27 16:38:00,Ethan Davis,True
C003210,Ava,Thomas,NJ,2,10,781.26,281.94,2026-09-04 11:29:00,Ava Thomas,True
C003211,Ethan,Taylor,MO,6,34,6084.12,2552.71,2026-01-24 22:16:00,Ethan Taylor,True
C003212,Noah,Lee,NJ,2,14,2327.4700000000003,840.51,2025-12-26 18:17:00,Noah Lee,True
C003213,Olivia,Thomas,CA,3,23,3288.91,1213.72,2026-01-23 15:57:00,Olivia Thomas,True
C003214,Lucas,Anderson,GA,3,12,2663.2200000000003,902.6500000000001,2026-03-26 19:26:00,Lucas Anderson,True
C003215,James,Johnson,IA,2,18,2712.44,1127.66,2026-04-09 20:14:00,James Johnson,True
C003217,Emma,Wilson,NY,4,25,2854.83,1080.65,2026-08-23 22:45:00,Emma Wilson,True
C003218,Liam,Thomas,PA,5,15,3654.95,1269.4399999999998,2026-03-28 15:35:00,Liam Thomas,True
C003219,Emma,Patel,CA,4,29,5321.1,2084.24,2026-04-21 19:24:00,Emma Patel,True
C003220,Mason,Anderson,MO,2,4,411.91,124.87,2025-06-02 08:53:00,Mason Anderson,True
C003221,Olivia,Patel,VA,5,22,3990.7799999999997,1581.93,2026-02-03 12:05:00,Olivia Patel,True
C003222,Noah,Brown,NJ,1,5,704.77,279.36,2026-04-20 14:19:00,Noah Brown,False
C003223,Noah,Davis,IL,5,38,4736.0599999999995,1803.15,2026-05-08 10:50:00,Noah Davis,True
C003224,Mason,Brown,CA,4,27,4032.7200000000003,1336.93,2026-07-01 17:04:00,Mason Brown,True
C003225,Ava,Anderson,NY,6,39,7018.75,2960.09,2026-09-10 22:31:00,Ava Anderson,True
C003226,James,Davis,VA,7,51,7036.11,2872.3399999999997,2026-08-22 09:05:00,James Davis,True
C003227,Mason,Davis,NJ,2,11,1232.14,517.8100000000001,2025-10-03 08:49:00,Mason Davis,True
C003229,Ethan,Wilson,TX,2,9,988.52,412.31,2025-06-23 17:27:00,Ethan Wilson,True
C003230,Isabella,Garcia,IA,2,8,1245.71,431.4600000000001,2026-06-28 10:23:00,Isabella Garcia,True
C003231,Liam,Lee,CA,2,9,670.28,250.37000000000003,2025-10-29 14:52:00,Liam Lee,True
C003232,Olivia,Garcia,CA,2,11,1633.59,743.6599999999999,2026-06-04 20:46:00,Olivia Garcia,True
C003233,Lucas,Patel,TX,2,6,816.01,290.19999999999993,2026-03-13 19:48:00,Lucas Patel,True
C003234,Lucas,Johnson,IL,4,21,2845.64,1066.62,2026-03-08 18:58:00,Lucas Johnson,True
C003235,Isabella,Garcia,FL,4,30,5281.99,1886.66,2026-08-14 21:11:00,Isabella Garcia,True
C003236,Ethan,Taylor,IL,6,44,5477.28,1902.6000000000001,2026-09-06 16:14:00,Ethan Taylor,True
C003237,Liam,Brown,VA,4,17,2042.9500000000003,836.9300000000001,2026-05-09 11:18:00,Liam Brown,True
C003238,Ethan,Wilson,IA,1,6,1418.01,563.8199999999999,2026-03-29 08:24:00,Ethan Wilson,False
C003239,Emma,Anderson,NJ,2,25,4208.95,1578.7,2025-06-06 09:30:00,Emma Anderson,True
C003240,Mia,Lee,NJ,6,40,6652.68,2736.83,2026-08-07 15:23:00,Mia Lee,True
C003241,Mia,Johnson,FL,1,11,1509.0800000000002,748.9100000000001,2025-01-28 08:09:00,Mia Johnson,False
C003242,Lucas,Taylor,CA,2,25,4347.139999999999,1662.85,2026-05-22 17:08:00,Lucas Taylor,True
C003243,Emma,Brown,PA,2,8,1679.01,626.0800000000002,2026-02-26 09:13:00,Emma Brown,True
C003244,Ethan,Johnson,IA,3,19,2264.64,960.23,2026-06-08 20:29:00,Ethan Johnson,True
C003245,Ethan,Thomas,PA,9,46,7975.12,2930.1499999999996,2026-09-12 17:16:00,Ethan Thomas,True
C003246,Sophia,Anderson,IA,2,20,2944.2,1136.4499999999998,2026-07-28 18:10:00,Sophia Anderson,True
C003247,Ava,Miller,FL,4,21,2780.7200000000003,1083.22,2026-05-04 15:19:00,Ava Miller,True
C003248,Isabella,Johnson,NC,1,8,1410.03,549.09,2025-01-15 21:59:00,Isabella Johnson,False
C003249,Ava,Thomas,IA,3,21,4602.97,1623.7900000000002,2026-08-13 21:22:00,Ava Thomas,True
C003250,James,Garcia,NJ,2,14,970.51,292.98,2026-07-21 17:57:00,James Garcia,True
C003251,Ava,Lee,NC,2,15,1938.8899999999999,752.6,2026-06-17 14:03:00,Ava Lee,True
C003252,Ethan,Wilson,FL,3,9,1962.5900000000001,849.71,2026-09-01 15:00:00,Ethan Wilson,True
C003253,Mason,Wilson,MO,4,30,4461.69,1637.93,2026-05-19 13:36:00,Mason Wilson,True
C003254,Noah,Smith,IA,1,6,1296.82,280.1,2025-05-25 14:58:00,Noah Smith,False
C003255,James,Davis,NC,2,14,2619.55,1066.22,2026-01-28 19:28:00,James Davis,True
C003256,Sophia,Thomas,NJ,8,49,6075.95,2052.2200000000003,2026-07-14 10:02:00,Sophia Thomas,True
C003257,Mason,Anderson,IA,1,8,1432.0100000000002,511.36000000000007,2026-05-13 20:25:00,Mason Anderson,False
C003258,Ava,Taylor,VA,5,24,4422.89,1689.03,2026-08-04 21:36:00,Ava Taylor,True
C003259,Ethan,Davis,CA,1,3,576.92,257.3299999999999,2025-12-14 08:56:00,Ethan Davis,False
C003260,Mia,Thomas,IL,4,27,4269.3,1612.0500000000002,2026-09-09 19:39:00,Mia Thomas,True
C003261,Sophia,Johnson,PA,5,42,6396.12,2519.1200000000003,2026-05-26 13:54:00,Sophia Johnson,True
C003262,Mason,Brown,IA,3,13,1287.1399999999999,447.54,2026-05-08 14:05:00,Mason Brown,True
C003263,Ethan,Anderson,MO,6,37,5718.83,2030.28,2026-06-01 20:26:00,Ethan Anderson,True
C003264,Emma,Thomas,CA,6,23,3412.66,1369.25,2026-06-13 11:06:00,Emma Thomas,True
C003265,James,Thomas,VA,4,27,3279.23,1178.76,2026-02-26 14:50:00,James Thomas,True
C003266,Lucas,Thomas,NC,2,7,1369.1799999999998,441.80999999999995,2025-11-24 10:02:00,Lucas Thomas,True
C003267,Lucas,Brown,NC,6,33,7414.95,3226.7200000000003,2026-03-21 11:12:00,Lucas Brown,True
C003268,Liam,Taylor,NC,3,9,634.4100000000001,244.40000000000003,2025-11-13 16:40:00,Liam Taylor,True
C003269,James,Patel,NY,7,32,4990.41,2052.73,2026-09-13 12:09:00,James Patel,True
C003270,Sophia,Miller,NJ,4,15,2468.3900000000003,938.3900000000001,2026-06-30 19:21:00,Sophia Miller,True
C003271,Ava,Wilson,IL,7,33,3616.49,1438.0199999999998,2026-09-02 18:45:00,Ava Wilson,True
C003272,Ava,Anderson,NC,3,15,1821.8000000000002,775.8900000000001,2026-01-16 21:51:00,Ava Anderson,True
C003273,Ethan,Wilson,CA,1,9,1029.41,311.28999999999996,2025-12-25 12:15:00,Ethan Wilson,False
C003274,Ethan,Taylor,NY,2,11,2202.3100000000004,971.3600000000001,2025-10-01 11:29:00,Ethan Taylor,True
C003275,Mason,Smith,VA,2,12,1655.8400000000001,605.7800000000001,2026-06-03 09:48:00,Mason Smith,True
C003276,Olivia,Smith,TX,4,26,3365.89,1188.3400000000001,2026-08-27 16:42:00,Olivia Smith,True
C003277,Liam,Smith,NJ,3,18,2754.99,956.55,2026-08-17 10:21:00,Liam Smith,True
C003278,Lucas,Davis,IA,4,17,1676.34,616.8100000000001,2025-12-01 12:32:00,Lucas Davis,True
C003279,Noah,Johnson,NC,2,17,3454.41,1413.3300000000002,2025-09-28 08:56:00,Noah Johnson,True
C003280,James,Thomas,CA,2,13,2472.24,1090.37,2026-01-02 12:22:00,James Thomas,True
C003281,Mason,Garcia,FL,1,1,323.74,172.99,2025-10-17 17:41:00,Mason Garcia,False
C003282,Ava,Patel,FL,3,13,1427.26,438.5199999999999,2025-10-18 20:03:00,Ava Patel,True
C003283,Mia,Garcia,FL,4,16,2551.74,1133.8600000000001,2026-04-01 09:49:00,Mia Garcia,True
C003284,Ethan,Wilson,NJ,3,20,3671.67,1357.87,2026-05-31 16:09:00,Ethan Wilson,True
C003285,Liam,Anderson,NJ,6,40,6300.48,2273.64,2026-08-02 16:05:00,Liam Anderson,True
C003286,Mia,Brown,NY,2,13,2093.8900000000003,936.7100000000002,2026-04-08 13:01:00,Mia Brown,True
C003287,Mia,Smith,IA,1,4,717.9300000000001,309.77000000000004,2025-01-01 20:19:00,Mia Smith,False
C003288,Ava,Johnson,NY,7,50,8641.47,3367.88,2026-01-26 19:41:00,Ava Johnson,True
C003289,Ethan,Brown,NC,8,50,7086.42,2511.8500000000004,2026-09-04 09:27:00,Ethan Brown,True
C003290,Mia,Miller,IA,5,30,3511.48,1409.26,2026-06-13 15:52:00,Mia Miller,True
C003291,Ethan,Patel,MO,7,39,6465.29,2178.32,2026-02-13 19:19:00,Ethan Patel,True
C003292,Noah,Miller,IL,3,14,2814.2599999999998,1109.77,2026-03-31 12:28:00,Noah Miller,True
C003293,James,Brown,PA,3,17,3488.1099999999997,1467.7199999999998,2026-06-13 14:27:00,James Brown,True
C003294,Lucas,Miller,IL,4,26,3215.96,1457.03,2026-08-04 10:32:00,Lucas Miller,True
C003295,Mason,Smith,FL,3,17,2371.93,667.77,2026-06-16 20:41:00,Mason Smith,True
C003296,Mason,Thomas,CA,4,17,1400.96,468.63000000000005,2026-07-16 22:03:00,Mason Thomas,True
C003297,Noah,Davis,MO,1,6,1373.81,387.07000000000005,2025-03-06 22:14:00,Noah Davis,False
C003298,Sophia,Brown,NC,2,16,2116.84,679.59,2025-07-25 20:10:00,Sophia Brown,True
C003299,Ethan,Davis,CA,2,13,1957.93,808.8,2026-05-29 15:18:00,Ethan Davis,True
C003300,Lucas,Patel,VA,2,12,1745.1899999999998,811.1999999999999,2026-08-30 18:42:00,Lucas Patel,True
C003301,Sophia,Smith,FL,3,25,2836.48,1083.88,2026-08-28 11:42:00,Sophia Smith,True
C003302,Noah,Miller,IA,1,5,1298.58,527.53,2026-03-13 09:20:00,Noah Miller,False
C003303,Noah,Taylor,PA,6,36,6151.96,2604.38,2026-08-29 11:04:00,Noah Taylor,True
C003304,Ava,Garcia,IL,2,10,1958.64,667.6,2026-08-08 08:07:00,Ava Garcia,True
C003305,Liam,Johnson,TX,4,26,3602.6,1279.8700000000001,2026-06-20 17:54:00,Liam Johnson,True
C003306,Mia,Johnson,CA,7,50,8433.43,2743.2400000000002,2026-04-27 13:27:00,Mia Johnson,True
C003307,Ava,Anderson,GA,2,16,2601.17,1090.69,2025-11-27 17:41:00,Ava Anderson,True
C003308,Isabella,Garcia,PA,5,48,7824.17,3033.9,2026-07-09 09:41:00,Isabella Garcia,True
C003309,Mia,Miller,FL,4,25,1970.6100000000001,655.45,2026-01-20 17:05:00,Mia Miller,True
C003311,Mia,Patel,VA,2,16,2335.42,872.4200000000001,2026-07-13 19:52:00,Mia Patel,True
C003312,Sophia,Taylor,IA,8,53,5835.7300000000005,1697.1200000000001,2026-01-06 14:23:00,Sophia Taylor,True
C003313,Mason,Lee,IA,1,3,104.28,56.31,2025-12-16 11:58:00,Mason Lee,False
C003314,Ethan,Patel,GA,4,24,4234.67,1518.12,2026-04-05 22:43:00,Ethan Patel,True
C003315,Mia,Miller,PA,5,25,3122.45,1069.3700000000001,2026-08-15 17:04:00,Mia Miller,True
C003316,Mason,Thomas,FL,4,27,4415.96,1530.3300000000002,2026-08-25 22:27:00,Mason Thomas,True
C003317,Ava,Lee,VA,5,31,5215.36,2209.33,2026-05-23 09:44:00,Ava Lee,True
C003318,Noah,Smith,FL,5,35,4968.82,1872.38,2026-08-14 20:04:00,Noah Smith,True
C003319,Olivia,Davis,FL,3,13,1285.8,549.62,2026-06-27 15:06:00,Olivia Davis,True
C003320,Isabella,Patel,NY,4,37,6361.51,2726.54,2026-08-17 10:41:00,Isabella Patel,True
C003321,Emma,Johnson,IL,6,49,5642.64,1943.77,2025-12-12 12:25:00,Emma Johnson,True
C003322,Ethan,Anderson,CA,8,47,6263.39,2498.7000000000003,2026-08-07 08:18:00,Ethan Anderson,True
C003323,James,Anderson,IL,2,16,2823.8900000000003,1172.42,2025-05-01 13:00:00,James Anderson,True
C003324,Olivia,Johnson,MO,1,12,1541.2,553.26,2025-09-17 19:39:00,Olivia Johnson,False
C003325,Noah,Thomas,NJ,5,27,3495.33,1450.59,2025-10-22 20:13:00,Noah Thomas,True
C003326,Emma,Anderson,FL,7,43,6977.44,2587.28,2026-05-08 16:31:00,Emma Anderson,True
C003327,Emma,Johnson,MO,3,18,3069.17,1154.27,2026-09-07 14:18:00,Emma Johnson,True
C003328,Lucas,Taylor,PA,3,22,3183.88,1511.62,2026-08-08 17:43:00,Lucas Taylor,True
C003329,Ethan,Miller,TX,6,29,5259.429999999999,2090.43,2026-07-03 10:10:00,Ethan Miller,True
C003330,Mason,Thomas,TX,3,29,4250.06,1708.2200000000003,2026-09-02 11:41:00,Mason Thomas,True
C003331,Isabella,Patel,FL,4,38,4325.780000000001,1582.3100000000002,2026-08-05 15:35:00,Isabella Patel,True
C003332,Mia,Taylor,GA,6,31,5823.2,2380.09,2026-07-14 22:55:00,Mia Taylor,True
C003333,Mia,Miller,MO,3,16,1791.6499999999999,726.8499999999999,2026-07-30 08:33:00,Mia Miller,True
C003334,Lucas,Davis,NY,3,15,2395.89,1008.1700000000001,2026-08-16 21:23:00,Lucas Davis,True
C003335,Mason,Miller,NJ,3,17,2387.43,883.5800000000002,2026-05-06 16:12:00,Mason Miller,True
C003336,Mason,Garcia,IL,4,23,5146.88,2208.9700000000003,2025-10-22 22:23:00,Mason Garcia,True
C003337,Emma,Taylor,PA,4,29,5273.02,2130.63,2026-05-07 18:41:00,Emma Taylor,True
C003338,Emma,Lee,TX,4,23,3538.6400000000003,1220.5700000000004,2026-05-27 20:45:00,Emma Lee,True
C003339,Lucas,Taylor,CA,5,30,5164.46,1963.49,2026-08-06 14:22:00,Lucas Taylor,True
C003340,Olivia,Garcia,NC,5,33,4812.24,1924.95,2026-08-25 18:02:00,Olivia Garcia,True
C003341,Sophia,Taylor,NC,2,14,1507.42,491.14,2026-08-18 21:35:00,Sophia Taylor,True
C003343,Noah,Wilson,VA,3,15,2067.81,856.95,2026-08-28 08:21:00,Noah Wilson,True
C003344,Emma,Davis,NC,3,13,2262.36,900.11,2026-09-11 18:21:00,Emma Davis,True
C003345,Olivia,Johnson,VA,3,18,2202.49,895.72,2026-06-05 22:14:00,Olivia Johnson,True
C003346,Liam,Johnson,CA,5,42,6702.62,2996.21,2026-03-17 15:29:00,Liam Johnson,True
C003347,Liam,Thomas,GA,6,50,7301.16,2457.04,2026-08-14 22:14:00,Liam Thomas,True
C003348,Mia,Anderson,NY,4,27,4204.2300000000005,1552.42,2026-06-03 21:45:00,Mia Anderson,True
C003349,Ethan,Wilson,CA,3,24,3920.09,1463.78,2026-03-29 16:54:00,Ethan Wilson,True
C003350,Mia,Lee,CA,4,28,3563.4100000000003,1484.63,2026-06-04 09:14:00,Mia Lee,True
C003351,Mia,Taylor,NJ,1,11,2311.46,933.01,2025-05-19 19:00:00,Mia Taylor,False
C003352,Mia,Wilson,PA,2,6,818.9300000000001,166.98000000000008,2025-08-19 20:29:00,Mia Wilson,True
C003353,Emma,Patel,MO,5,21,2831.16,873.0000000000001,2026-07-19 11:52:00,Emma Patel,True
C003354,Olivia,Miller,FL,5,25,3477.48,1298.13,2026-08-08 18:40:00,Olivia Miller,True
C003355,Mia,Thomas,NC,8,58,9099.53,3725.82,2025-12-01 10:06:00,Mia Thomas,True
C003356,Emma,Thomas,VA,1,3,203.11,52.97,2025-06-28 15:33:00,Emma Thomas,False
C003357,Mason,Anderson,PA,3,16,3724.82,1528.75,2026-07-26 22:37:00,Mason Anderson,True
C003358,Mia,Johnson,FL,3,30,4981.57,1808.8700000000001,2026-08-26 11:03:00,Mia Johnson,True
C003359,Liam,Miller,TX,6,32,4771.66,1819.54,2026-01-20 19:43:00,Liam Miller,True
C003360,Sophia,Anderson,FL,1,8,817.47,365.85,2025-01-21 11:06:00,Sophia Anderson,False
C003361,Noah,Brown,NC,4,26,3930.05,1374.72,2026-04-30 10:51:00,Noah Brown,True
C003362,Noah,Thomas,FL,3,18,2532.84,790.5799999999999,2026-04-17 13:36:00,Noah Thomas,True
C003363,Mia,Taylor,IL,4,32,3990.66,1252.23,2026-01-31 19:03:00,Mia Taylor,True
C003364,Ava,Taylor,NC,4,31,6016.7,2078.13,2026-08-23 19:16:00,Ava Taylor,True
C003365,Olivia,Smith,IA,2,4,658.68,310.98,2025-06-29 09:42:00,Olivia Smith,True
C003366,Lucas,Garcia,NJ,1,3,238.62,88.76999999999998,2025-12-20 08:19:00,Lucas Garcia,False
C003367,Mason,Davis,PA,1,11,2004.72,773.3700000000001,2025-10-24 17:31:00,Mason Davis,False
C003368,Ethan,Garcia,PA,5,23,2858.7200000000003,1006.46,2025-11-26 12:28:00,Ethan Garcia,True
C003369,Noah,Taylor,IA,3,22,3224.75,1416.74,2025-11-15 19:00:00,Noah Taylor,True
C003370,Mia,Thomas,NY,3,29,4716.969999999999,1665.9299999999998,2026-08-12 19:46:00,Mia Thomas,True
C003371,Liam,Wilson,IA,2,8,765.77,218.07,2026-05-16 22:51:00,Liam Wilson,True
C003372,Mason,Anderson,PA,3,22,4173.46,1631.56,2025-09-16 18:06:00,Mason Anderson,True
C003373,Lucas,Thomas,NJ,5,30,3186.29,1274.9,2026-08-30 14:31:00,Lucas Thomas,True
C003374,Isabella,Smith,GA,3,27,3651.18,1422.09,2026-06-12 09:22:00,Isabella Smith,True
C003375,James,Garcia,PA,4,15,2407.1499999999996,700.8599999999999,2026-06-27 09:19:00,James Garcia,True
C003376,Ethan,Miller,CA,2,14,1578.97,549.04,2025-06-15 14:11:00,Ethan Miller,True
C003377,Ava,Smith,VA,7,52,9752.93,4296.59,2026-09-02 08:27:00,Ava Smith,True
C003378,Lucas,Brown,NY,5,18,2725.31,1233.48,2026-05-25 21:42:00,Lucas Brown,True
C003379,Noah,Thomas,IA,3,26,3306.71,1244.3200000000002,2026-01-21 13:04:00,Noah Thomas,True
C003380,Mason,Miller,NY,5,34,5189.62,2265.67,2026-05-06 21:47:00,Mason Miller,True
C003381,Noah,Anderson,NY,2,22,3625.76,1390.2900000000002,2025-12-07 18:33:00,Noah Anderson,True
C003383,James,Anderson,NJ,1,2,228.12,82.28,2025-01-17 11:31:00,James Anderson,False
C003384,James,Thomas,FL,3,20,3474.86,1583.5600000000002,2026-04-16 14:15:00,James Thomas,True
C003385,Lucas,Davis,NJ,6,36,5967.1,2796.46,2026-09-05 22:30:00,Lucas Davis,True
C003386,James,Miller,NJ,5,29,5364.51,1943.5500000000002,2026-07-24 12:08:00,James Miller,True
C003387,Mia,Patel,NY,6,25,5445.139999999999,2082.03,2026-08-30 21:17:00,Mia Patel,True
C003388,Sophia,Patel,IA,2,6,784.05,321.49,2026-07-19 08:44:00,Sophia Patel,True
C003389,Ethan,Taylor,IA,2,13,2010.5900000000001,561.6500000000001,2025-11-25 22:36:00,Ethan Taylor,True
C003390,Emma,Davis,MO,5,42,5981.66,2351.92,2026-08-04 14:00:00,Emma Davis,True
C003391,James,Taylor,IL,1,1,114.06,41.14,2025-02-04 19:42:00,James Taylor,False
C003392,Liam,Wilson,TX,2,14,2462.8199999999997,983.4599999999999,2026-06-15 12:14:00,Liam Wilson,True
C003393,Ethan,Johnson,FL,3,18,3049.16,1187.2300000000002,2025-12-11 22:51:00,Ethan Johnson,True
C003394,Ethan,Lee,VA,2,9,1712.83,678.9399999999998,2025-06-13 14:32:00,Ethan Lee,True
C003395,Noah,Thomas,IA,4,31,5033.3099999999995,1694.16,2026-09-04 12:38:00,Noah Thomas,True
C003396,Ethan,Anderson,FL,6,30,4340.28,1629.33,2026-07-04 10:33:00,Ethan Anderson,True
C003397,Sophia,Brown,TX,2,18,2589.84,1026.55,2026-09-11 12:39:00,Sophia Brown,True
C003398,Lucas,Lee,PA,1,3,793.8299999999999,354.41999999999996,2025-07-13 09:42:00,Lucas Lee,False
C003399,Ethan,Johnson,IL,1,10,1694.11,527.6599999999999,2025-02-12 17:08:00,Ethan Johnson,False
C003400,Noah,Brown,GA,2,19,3866.8700000000003,1448.0300000000002,2026-09-02 13:55:00,Noah Brown,True
C003401,Isabella,Wilson,PA,4,15,1978.97,865.1099999999999,2026-08-23 14:02:00,Isabella Wilson,True
C003402,Olivia,Johnson,CA,7,39,5010.01,1915.9099999999999,2026-09-08 21:17:00,Olivia Johnson,True
C003403,Noah,Brown,PA,2,16,1804.2400000000002,642.0200000000001,2025-12-19 11:33:00,Noah Brown,True
C003404,Mason,Taylor,PA,1,9,2085.1800000000003,894.7500000000001,2026-04-23 15:10:00,Mason Taylor,False
C003405,Mia,Thomas,IA,4,21,3292.65,1147.62,2026-07-19 13:53:00,Mia Thomas,True
C003406,Sophia,Johnson,NC,2,11,1719.3500000000001,563.8000000000001,2026-05-25 10:39:00,Sophia Johnson,True
C003407,Emma,Anderson,PA,3,18,2689.38,978.9699999999999,2025-08-07 10:34:00,Emma Anderson,True
C003408,Lucas,Patel,MO,6,38,6886.42,2674.0499999999997,2026-04-11 15:54:00,Lucas Patel,True
C003409,Isabella,Garcia,TX,2,12,1112.88,236.52,2025-10-21 20:35:00,Isabella Garcia,True
C003410,James,Brown,MO,1,8,754.75,254.55999999999997,2025-12-03 19:26:00,James Brown,False
C003411,Lucas,Taylor,MO,2,13,1756.8899999999999,676.4399999999999,2026-06-27 13:23:00,Lucas Taylor,True
C003412,Emma,Brown,GA,2,6,1459.88,667.5799999999999,2025-11-24 22:48:00,Emma Brown,True
C003413,Lucas,Davis,NY,4,19,2628.59,889.29,2026-04-23 16:38:00,Lucas Davis,True
C003414,Mason,Brown,CA,3,17,3238.9700000000003,1172.7600000000002,2026-06-02 09:53:00,Mason Brown,True
C003415,Mason,Miller,CA,2,12,2976.35,1259.87,2026-03-20 11:28:00,Mason Miller,True
C003416,James,Lee,IA,4,32,5297.71,1603.25,2026-09-08 16:08:00,James Lee,True
C003417,Ethan,Brown,NC,5,36,6437.32,2435.62,2026-05-25 09:33:00,Ethan Brown,True
C003418,Noah,Thomas,NC,5,29,4268.2,1424.91,2026-01-22 09:47:00,Noah Thomas,True
C003419,Liam,Wilson,PA,4,33,5066.54,2172.5200000000004,2025-11-23 09:23:00,Liam Wilson,True
C003420,James,Davis,CA,4,18,2017.35,796.89,2026-07-02 22:33:00,James Davis,True
C003421,Liam,Thomas,NY,3,11,1541.35,504.93999999999994,2026-04-17 12:40:00,Liam Thomas,True
C003422,Isabella,Wilson,PA,3,30,4059.3300000000004,1488.3200000000002,2025-09-27 14:41:00,Isabella Wilson,True
C003423,Mason,Patel,IA,3,23,3101.83,1243.47,2026-04-07 09:39:00,Mason Patel,True
C003424,Lucas,Anderson,IL,5,40,5740.219999999999,2311.87,2026-07-23 14:51:00,Lucas Anderson,True
C003425,Ava,Wilson,TX,3,12,2235.23,1047.72,2026-07-21 17:45:00,Ava Wilson,True
C003427,Mia,Smith,PA,3,22,4573.32,1731.9100000000003,2025-07-25 11:58:00,Mia Smith,True
C003428,Emma,Anderson,PA,3,18,2515.48,719.45,2026-07-24 17:33:00,Emma Anderson,True
C003429,James,Anderson,GA,1,5,560.49,228.30999999999997,2025-08-07 18:40:00,James Anderson,False
C003430,Mia,Miller,PA,7,37,5910.24,1965.58,2026-07-13 08:19:00,Mia Miller,True
C003431,Emma,Wilson,IL,1,3,236.59999999999997,80.00999999999999,2025-04-17 15:32:00,Emma Wilson,False
C003432,Mason,Wilson,MO,5,26,2261.77,714.12,2026-08-01 09:53:00,Mason Wilson,True
C003433,Isabella,Anderson,CA,4,22,3050.92,695.3800000000001,2026-03-01 20:01:00,Isabella Anderson,True
C003434,Mason,Patel,GA,2,14,2045.0,615.0400000000001,2026-06-24 10:47:00,Mason Patel,True
C003435,Noah,Anderson,VA,6,21,3209.7400000000002,1187.14,2026-07-01 21:39:00,Noah Anderson,True
C003436,James,Johnson,FL,5,31,4620.65,1896.18,2026-09-05 08:25:00,James Johnson,True
C003437,Mia,Johnson,NY,2,6,801.1100000000001,314.20000000000005,2026-02-07 12:19:00,Mia Johnson,True
C003438,James,Smith,IL,1,3,541.8399999999999,148.10999999999999,2025-02-13 12:40:00,James Smith,False
C003439,Sophia,Anderson,VA,5,24,4200.6900000000005,1597.5300000000002,2026-07-27 13:34:00,Sophia Anderson,True
C003440,Sophia,Thomas,FL,2,8,1333.67,415.7599999999999,2025-12-02 15:05:00,Sophia Thomas,True
C003441,Mia,Smith,NC,5,25,4159.99,1649.0,2026-08-24 12:21:00,Mia Smith,True
C003442,James,Miller,TX,2,16,2157.69,832.55,2025-06-28 08:25:00,James Miller,True
C003443,Mia,Garcia,VA,2,13,1815.02,655.81,2025-12-26 19:54:00,Mia Garcia,True
C003444,Ethan,Taylor,MO,4,13,2306.55,1030.33,2026-01-04 16:11:00,Ethan Taylor,True
C003445,Noah,Wilson,IL,3,21,3231.6,1223.8700000000001,2026-07-27 18:53:00,Noah Wilson,True
C003446,Ava,Wilson,NY,3,26,5302.0,1972.73,2025-09-11 22:03:00,Ava Wilson,True
C003447,Noah,Johnson,NC,2,13,2393.5299999999997,953.9499999999999,2025-12-28 13:40:00,Noah Johnson,True
C003448,Ava,Lee,GA,5,30,5540.03,2125.42,2025-10-05 22:11:00,Ava Lee,True
C003449,Mason,Anderson,GA,7,51,6452.47,2028.7600000000002,2026-05-30 15:06:00,Mason Anderson,True
C003450,Mia,Brown,VA,1,1,21.53,9.32,2025-05-05 19:24:00,Mia Brown,False
C003451,Liam,Lee,CA,3,25,3699.28,1241.54,2026-05-18 12:35:00,Liam Lee,True
C003452,Mia,Anderson,NJ,1,11,1556.77,452.68000000000006,2025-11-01 17:47:00,Mia Anderson,False
C003453,Lucas,Thomas,TX,1,5,1203.28,343.35,2025-02-04 16:53:00,Lucas Thomas,False
C003454,Lucas,Patel,TX,4,21,4122.75,1456.1200000000001,2026-07-06 21:26:00,Lucas Patel,True
C003455,Emma,Garcia,VA,1,9,1457.74,581.76,2025-11-23 10:45:00,Emma Garcia,False
C003456,Mia,Anderson,NJ,7,39,7361.31,2337.48,2026-06-25 12:46:00,Mia Anderson,True
C003457,Liam,Anderson,IL,1,9,1829.5500000000002,817.8000000000002,2026-05-31 11:14:00,Liam Anderson,False
C003458,Lucas,Taylor,NC,5,24,5325.46,2190.63,2026-02-11 22:28:00,Lucas Taylor,True
C003459,Noah,Taylor,IL,3,19,3649.68,1384.55,2026-07-08 17:03:00,Noah Taylor,True
C003460,Ethan,Johnson,MO,3,25,3242.23,1196.49,2026-06-11 18:22:00,Ethan Johnson,True
C003461,Liam,Miller,IL,2,3,354.03,143.76,2026-04-14 16:24:00,Liam Miller,True
C003462,Lucas,Taylor,GA,3,9,1225.8200000000002,453.89000000000004,2026-08-29 11:13:00,Lucas Taylor,True
C003463,Noah,Taylor,CA,8,49,7914.23,3260.7,2026-05-29 11:48:00,Noah Taylor,True
C003464,Mason,Thomas,NY,4,12,981.49,348.54999999999995,2026-05-30 13:38:00,Mason Thomas,True
C003465,Isabella,Brown,CA,4,35,4181.85,1815.81,2026-03-15 20:08:00,Isabella Brown,True
C003466,Lucas,Brown,TX,2,14,2520.48,864.0799999999999,2026-02-07 17:24:00,Lucas Brown,True
C003467,Sophia,Miller,FL,2,13,2786.8199999999997,957.26,2026-04-15 08:37:00,Sophia Miller,True
C003468,Ava,Davis,IL,6,34,5122.03,1992.9899999999998,2026-06-11 20:28:00,Ava Davis,True
C003469,Lucas,Anderson,CA,4,21,4024.96,1587.39,2026-08-29 15:48:00,Lucas Anderson,True
C003470,Emma,Taylor,IL,1,2,489.44,169.92000000000002,2025-09-06 14:22:00,Emma Taylor,False
C003471,Liam,Smith,GA,6,46,7815.56,2918.48,2026-07-22 22:45:00,Liam Smith,True
C003472,Mason,Wilson,PA,3,12,1743.8600000000001,557.2299999999999,2025-11-01 19:13:00,Mason Wilson,True
C003473,James,Patel,NC,5,46,7022.59,2769.95,2026-06-03 12:27:00,James Patel,True
C003474,Sophia,Brown,IA,4,38,5708.1,2502.05,2025-09-22 09:40:00,Sophia Brown,True
C003475,Isabella,Miller,GA,4,30,5042.26,1830.2800000000002,2026-04-22 18:01:00,Isabella Miller,True
C003476,Isabella,Thomas,NC,5,25,4704.87,1944.18,2026-07-22 10:08:00,Isabella Thomas,True
C003477,Lucas,Johnson,VA,4,25,2721.7799999999997,1219.6399999999999,2026-02-17 12:28:00,Lucas Johnson,True
C003478,Noah,Thomas,NC,3,20,2386.13,805.71,2026-08-10 22:06:00,Noah Thomas,True
C003479,Mason,Taylor,MO,4,24,3564.94,1175.31,2026-07-24 13:37:00,Mason Taylor,True
C003480,Liam,Thomas,FL,2,8,1080.47,391.17,2025-12-23 08:09:00,Liam Thomas,True
C003481,Liam,Taylor,GA,2,11,2530.7999999999997,992.05,2026-09-04 12:23:00,Liam Taylor,True
C003482,Liam,Lee,FL,3,19,1788.6599999999999,615.0299999999999,2025-11-27 13:02:00,Liam Lee,True
C003483,Mia,Anderson,TX,1,2,123.11999999999999,34.25999999999999,2026-03-31 16:53:00,Mia Anderson,False
C003484,Emma,Miller,NJ,2,11,1966.2,809.9800000000001,2026-05-01 20:46:00,Emma Miller,True
C003485,James,Garcia,NJ,2,6,1110.32,453.72,2026-06-06 15:35:00,James Garcia,True
C003486,Sophia,Miller,GA,4,33,2961.19,1042.0400000000002,2025-12-08 17:24:00,Sophia Miller,True
C003487,Lucas,Garcia,MO,6,21,3559.48,1319.6699999999998,2026-09-13 17:33:00,Lucas Garcia,True
C003488,Sophia,Patel,PA,4,21,4543.92,1914.52,2026-07-04 09:22:00,Sophia Patel,True
C003489,James,Brown,NJ,3,18,3229.57,1352.43,2026-02-20 13:44:00,James Brown,True
C003490,Noah,Johnson,VA,2,9,1423.01,527.4200000000001,2026-05-20 12:37:00,Noah Johnson,True
C003491,Olivia,Lee,TX,5,41,5709.360000000001,2162.7200000000003,2026-07-05 13:40:00,Olivia Lee,True
C003492,Isabella,Thomas,IA,4,18,4781.29,2164.06,2026-07-18 22:15:00,Isabella Thomas,True
C003493,Emma,Garcia,CA,3,25,4787.89,1864.0700000000002,2025-05-04 11:20:00,Emma Garcia,True
C003494,Sophia,Brown,VA,8,45,7388.62,2876.7400000000002,2026-07-17 08:59:00,Sophia Brown,True
C003495,Liam,Johnson,IL,5,29,4284.3,1628.69,2026-07-13 18:47:00,Liam Johnson,True
C003496,Noah,Smith,IL,4,31,3907.42,1585.44,2026-06-29 11:58:00,Noah Smith,True
C003497,Mia,Smith,FL,4,24,3861.28,1628.47,2026-03-04 19:16:00,Mia Smith,True
C003498,Mason,Lee,FL,5,26,6206.11,2598.19,2026-04-17 22:29:00,Mason Lee,True
C003499,Lucas,Anderson,TX,2,13,2304.04,781.55,2026-02-08 21:27:00,Lucas Anderson,True
C003500,Liam,Brown,CA,3,29,3090.65,1180.83,2026-06-02 22:39:00,Liam Brown,True
C003501,Ava,Johnson,NY,6,52,7820.91,2658.37,2026-09-06 22:37:00,Ava Johnson,True
C003502,Mia,Lee,IA,8,48,8730.97,3097.65,2026-08-25 19:37:00,Mia Lee,True
C003503,Ava,Miller,NJ,2,7,1054.06,310.5699999999999,2026-05-23 19:34:00,Ava Miller,True
C003504,Olivia,Smith,IA,3,22,3480.9700000000003,1211.14,2026-07-04 18:18:00,Olivia Smith,True
C003505,Liam,Lee,NJ,5,23,3766.79,1525.93,2026-08-17 10:39:00,Liam Lee,True
C003506,Noah,Brown,IL,7,49,5913.58,2028.68,2026-06-22 09:46:00,Noah Brown,True
C003507,Mia,Wilson,TX,4,22,2439.58,944.6999999999998,2026-01-06 12:27:00,Mia Wilson,True
C003508,Isabella,Smith,VA,5,39,5287.780000000001,1909.3800000000003,2026-05-05 15:09:00,Isabella Smith,True
C003509,Ava,Anderson,CA,4,24,3353.3199999999997,1267.99,2025-11-18 08:57:00,Ava Anderson,True
C003510,Ethan,Patel,NC,3,23,4739.2699999999995,1809.2600000000002,2025-10-30 22:22:00,Ethan Patel,True
C003512,Ava,Miller,NY,8,35,3998.19,1787.62,2026-06-05 09:59:00,Ava Miller,True
C003513,Isabella,Patel,MO,2,21,4241.64,1703.34,2026-06-13 16:24:00,Isabella Patel,True
C003514,Lucas,Anderson,NJ,5,23,2597.11,1025.49,2026-08-29 12:25:00,Lucas Anderson,True
C003515,Mason,Miller,NJ,5,24,3402.11,1388.1699999999998,2026-07-02 17:52:00,Mason Miller,True
C003516,Isabella,Davis,MO,1,4,675.79,196.95,2025-08-12 21:26:00,Isabella Davis,False
C003517,Lucas,Davis,NJ,5,29,3016.7200000000003,882.75,2026-06-26 11:43:00,Lucas Davis,True
C003518,Ethan,Brown,CA,4,24,2611.72,870.19,2026-08-03 16:38:00,Ethan Brown,True
C003519,James,Johnson,NJ,2,14,1561.8899999999999,459.7499999999999,2026-08-16 15:18:00,James Johnson,True
C003520,Ethan,Thomas,TX,4,26,5644.39,2355.5400000000004,2026-02-24 11:21:00,Ethan Thomas,True
C003521,Mia,Patel,IA,2,6,466.7,104.36000000000001,2026-03-01 13:58:00,Mia Patel,True
C003522,Olivia,Brown,PA,4,22,3946.1800000000003,1789.31,2026-01-13 19:39:00,Olivia Brown,True
C003523,Ethan,Brown,NJ,4,32,4668.2300000000005,1388.54,2026-01-31 13:44:00,Ethan Brown,True
C003524,Lucas,Thomas,FL,3,22,2079.52,716.4600000000002,2025-09-11 09:11:00,Lucas Thomas,True
C003525,Lucas,Lee,FL,2,16,1586.4299999999998,602.0300000000001,2026-08-29 17:34:00,Lucas Lee,True
C003526,Sophia,Johnson,NJ,1,4,830.72,194.44000000000005,2026-08-20 09:42:00,Sophia Johnson,False
C003527,James,Brown,MO,4,19,1647.3200000000002,572.8900000000001,2026-06-02 19:38:00,James Brown,True
C003528,Isabella,Anderson,PA,7,45,5063.89,2092.64,2026-09-03 08:45:00,Isabella Anderson,True
C003529,Sophia,Lee,CA,3,9,1435.11,674.42,2025-04-22 22:20:00,Sophia Lee,True
C003530,Mia,Davis,FL,6,38,6327.03,2922.54,2026-08-05 19:38:00,Mia Davis,True
C003531,Lucas,Garcia,NJ,1,7,745.3399999999999,248.65,2025-08-15 13:51:00,Lucas Garcia,False
C003532,Liam,Lee,MO,8,39,4533.98,1699.05,2026-08-02 08:29:00,Liam Lee,True
C003533,Olivia,Miller,FL,2,10,1897.11,733.3000000000001,2025-12-06 17:06:00,Olivia Miller,True
C003534,James,Brown,GA,1,8,1008.0099999999999,487.92999999999984,2025-11-26 22:08:00,James Brown,False
C003535,Mia,Garcia,NJ,4,18,2867.87,1158.08,2026-08-29 17:04:00,Mia Garcia,True
C003536,Mason,Brown,FL,1,2,482.12,190.64999999999998,2026-05-22 15:54:00,Mason Brown,False
C003537,Lucas,Brown,NC,7,46,7337.15,2820.35,2026-06-18 14:14:00,Lucas Brown,True
C003538,Ethan,Anderson,IL,2,14,2203.02,847.4699999999999,2026-07-09 10:48:00,Ethan Anderson,True
C003540,Ethan,Smith,GA,2,15,3219.25,1239.3300000000002,2026-08-13 17:07:00,Ethan Smith,True
C003541,James,Johnson,MO,3,22,3091.75,941.0,2026-08-09 20:29:00,James Johnson,True
C003542,Ethan,Anderson,VA,1,3,231.96,105.51000000000002,2026-03-28 10:50:00,Ethan Anderson,False
C003543,Lucas,Lee,IL,5,30,6162.62,2646.7799999999997,2026-08-11 20:35:00,Lucas Lee,True
C003544,Noah,Wilson,IA,8,72,8908.96,3214.6699999999996,2026-08-31 12:41:00,Noah Wilson,True
C003545,Sophia,Smith,TX,3,23,3683.31,1201.6799999999998,2026-08-13 11:19:00,Sophia Smith,True
C003546,Olivia,Taylor,CA,2,11,1782.3200000000002,463.5199999999999,2026-05-31 16:30:00,Olivia Taylor,True
C003547,James,Brown,IA,3,15,2018.01,796.02,2026-01-22 21:14:00,James Brown,True
C003548,Lucas,Smith,TX,3,19,1972.9,710.0500000000001,2026-09-08 10:09:00,Lucas Smith,True
C003549,Lucas,Miller,FL,12,65,10723.79,3823.1600000000003,2026-06-25 20:04:00,Lucas Miller,True
C003550,Mason,Thomas,GA,3,8,1299.97,504.96000000000004,2026-05-15 11:34:00,Mason Thomas,True
C003551,Mason,Johnson,NY,3,18,3194.95,1403.2999999999997,2026-03-24 08:59:00,Mason Johnson,True
C003552,Isabella,Anderson,IL,3,22,3554.77,1397.1399999999999,2026-09-04 16:13:00,Isabella Anderson,True
C003553,Ethan,Smith,VA,2,21,2197.7,1014.9599999999999,2025-08-26 18:03:00,Ethan Smith,True
C003554,Emma,Taylor,NY,4,17,3080.94,1221.66,2026-08-06 10:14:00,Emma Taylor,True
C003555,Isabella,Brown,VA,1,2,191.72,64.62,2025-11-14 21:43:00,Isabella Brown,False
C003556,Noah,Lee,PA,3,23,3820.39,1361.79,2026-07-20 19:50:00,Noah Lee,True
C003557,Mason,Miller,NY,5,28,5120.88,2135.75,2026-03-29 17:50:00,Mason Miller,True
C003558,Liam,Wilson,IA,7,37,5118.68,2354.69,2026-07-03 10:18:00,Liam Wilson,True
C003559,Lucas,Lee,GA,8,41,6761.59,2860.42,2026-08-06 15:31:00,Lucas Lee,True
C003560,Liam,Thomas,NJ,3,27,3634.7,1236.43,2026-05-19 22:32:00,Liam Thomas,True
C003561,Sophia,Lee,IL,1,4,715.5600000000001,73.5200000000001,2025-07-19 08:27:00,Sophia Lee,False
C003562,Isabella,Davis,PA,3,19,2539.84,966.0999999999999,2026-08-23 14:19:00,Isabella Davis,True
C003563,Ava,Johnson,CA,5,55,9694.46,3992.7,2026-08-06 20:03:00,Ava Johnson,True
C003564,Ava,Garcia,NY,4,29,4040.86,1523.95,2026-04-10 13:42:00,Ava Garcia,True
C003565,Sophia,Miller,IL,4,15,2845.47,1030.8899999999999,2026-05-03 10:29:00,Sophia Miller,True
C003566,Emma,Thomas,NJ,5,31,4976.39,1924.71,2026-08-01 14:46:00,Emma Thomas,True
C003567,Olivia,Miller,NC,5,31,3665.94,1219.43,2026-08-11 10:08:00,Olivia Miller,True
C003568,Mia,Lee,NC,6,39,6040.04,2488.6200000000003,2026-08-17 15:57:00,Mia Lee,True
C003569,Lucas,Garcia,MO,6,49,7510.59,2658.1200000000003,2026-07-29 18:45:00,Lucas Garcia,True
C003570,Isabella,Smith,IL,4,21,2497.17,1012.6500000000001,2025-11-25 22:11:00,Isabella Smith,True
C003571,Noah,Patel,CA,7,48,8246.78,3040.67,2026-08-21 18:34:00,Noah Patel,True
C003572,Liam,Smith,VA,3,25,4839.13,2101.1099999999997,2026-04-14 08:15:00,Liam Smith,True
C003573,Mia,Anderson,VA,4,35,4606.39,1441.49,2025-08-06 10:08:00,Mia Anderson,True
C003574,Noah,Patel,VA,5,27,5194.71,2047.4299999999998,2026-06-11 22:46:00,Noah Patel,True
C003575,Mason,Smith,NC,2,15,2799.44,998.8,2026-09-02 08:30:00,Mason Smith,True
C003577,Noah,Anderson,NJ,2,7,1477.05,624.5699999999999,2026-03-10 08:47:00,Noah Anderson,True
C003578,Mia,Brown,PA,3,22,3782.3599999999997,1250.06,2025-09-10 13:31:00,Mia Brown,True
C003579,James,Smith,VA,2,12,1929.91,737.57,2025-10-25 19:05:00,James Smith,True
C003580,Liam,Brown,NJ,3,21,3927.05,1481.06,2026-01-29 19:54:00,Liam Brown,True
C003581,Sophia,Lee,VA,4,29,3595.42,1321.41,2026-05-16 09:22:00,Sophia Lee,True
C003582,James,Davis,MO,4,25,3947.6,1535.68,2026-08-14 11:00:00,James Davis,True
C003583,James,Taylor,IA,4,23,4206.34,1550.17,2026-02-15 17:04:00,James Taylor,True
C003584,Olivia,Patel,TX,7,45,5823.83,2241.2599999999998,2026-08-07 10:39:00,Olivia Patel,True
C003585,Emma,Johnson,MO,3,15,2136.61,630.8700000000001,2025-08-16 11:05:00,Emma Johnson,True
C003586,James,Smith,VA,2,13,2167.41,928.74,2026-04-27 20:29:00,James Smith,True
C003587,Liam,Johnson,NC,1,13,1959.3200000000002,909.1100000000001,2025-02-15 21:21:00,Liam Johnson,False
C003588,Emma,Anderson,NY,4,32,5249.46,2250.89,2026-07-24 17:30:00,Emma Anderson,True
C003589,Emma,Brown,NJ,2,10,1597.58,663.52,2026-08-27 10:49:00,Emma Brown,True
C003590,James,Brown,NC,1,12,1545.22,763.0600000000002,2025-12-07 18:03:00,James Brown,False
C003591,Emma,Garcia,NJ,3,21,3590.81,1444.4099999999999,2026-07-30 16:16:00,Emma Garcia,True
C003592,Noah,Davis,GA,4,30,4959.23,1683.3700000000001,2026-07-11 18:59:00,Noah Davis,True
C003593,Mason,Miller,GA,4,11,1722.24,695.2000000000002,2026-05-23 08:42:00,Mason Miller,True
C003594,Lucas,Patel,PA,2,5,850.78,421.28000000000003,2026-07-26 09:26:00,Lucas Patel,True
C003595,Ethan,Thomas,NY,1,3,674.49,275.01,2025-12-24 18:31:00,Ethan Thomas,False
C003596,James,Lee,IA,4,24,2917.9300000000003,1180.8600000000001,2026-04-15 21:11:00,James Lee,True
C003597,Lucas,Lee,PA,5,27,4678.599999999999,1825.37,2026-06-17 18:09:00,Lucas Lee,True
C003598,Ethan,Wilson,IL,7,54,8450.92,3517.81,2026-04-06 21:29:00,Ethan Wilson,True
C003599,Mia,Patel,NY,4,21,4601.22,2133.18,2026-08-09 20:54:00,Mia Patel,True
C003600,Lucas,Lee,IL,5,29,5351.139999999999,2289.91,2026-06-10 14:04:00,Lucas Lee,True
C003601,Lucas,Johnson,IL,4,24,2319.3500000000004,907.9300000000002,2026-09-04 16:36:00,Lucas Johnson,True
C003602,Sophia,Patel,FL,6,39,6977.06,2760.9900000000002,2026-08-02 16:42:00,Sophia Patel,True
C003603,Sophia,Taylor,NC,6,43,6831.21,2686.97,2026-06-22 15:54:00,Sophia Taylor,True
C003604,Ava,Miller,NC,5,24,4771.4,1637.8000000000002,2026-09-03 22:14:00,Ava Miller,True
C003605,Mia,Brown,NY,2,7,1144.95,418.72,2026-05-15 09:20:00,Mia Brown,True
C003606,Lucas,Johnson,FL,5,45,7262.8,2600.2200000000003,2026-04-28 11:52:00,Lucas Johnson,True
C003607,Ava,Davis,MO,1,10,698.73,254.85999999999996,2025-09-04 20:39:00,Ava Davis,False
C003608,Olivia,Garcia,IA,5,40,4794.66,1841.08,2026-05-26 09:58:00,Olivia Garcia,True
C003609,Mason,Thomas,IL,3,20,3249.62,1267.05,2026-07-15 08:07:00,Mason Thomas,True
C003610,Mia,Davis,FL,4,19,2985.43,1132.1,2026-05-31 19:37:00,Mia Davis,True
C003611,Noah,Lee,VA,4,25,2117.49,790.53,2026-01-03 12:10:00,Noah Lee,True
C003612,Mia,Brown,IA,5,49,7997.19,3059.25,2026-06-18 14:29:00,Mia Brown,True
C003613,Sophia,Davis,MO,5,35,5266.6900000000005,1916.43,2026-08-20 21:36:00,Sophia Davis,True
C003614,Mia,Lee,NJ,2,12,1693.93,688.0200000000001,2025-08-20 09:51:00,Mia Lee,True
C003615,Sophia,Anderson,NY,3,31,4728.9,1893.9399999999998,2026-06-29 11:58:00,Sophia Anderson,True
C003616,Olivia,Garcia,TX,3,14,2603.33,1054.09,2026-01-06 12:53:00,Olivia Garcia,True
C003617,James,Johnson,NC,3,10,1785.6299999999999,852.3499999999998,2026-05-28 11:20:00,James Johnson,True
C003618,Noah,Patel,IL,4,16,3022.21,893.8799999999999,2026-04-17 11:03:00,Noah Patel,True
C003619,Liam,Brown,FL,2,12,1576.3000000000002,674.2800000000001,2025-12-03 22:36:00,Liam Brown,True
C003620,Ethan,Taylor,MO,4,21,4123.68,1790.4699999999998,2026-08-17 15:16:00,Ethan Taylor,True
C003621,Olivia,Lee,IA,4,18,1963.84,751.35,2026-09-11 15:27:00,Olivia Lee,True
C003622,Mia,Lee,MO,4,17,3935.29,1723.27,2026-03-28 09:50:00,Mia Lee,True
C003623,Mason,Brown,NY,6,53,9882.59,3939.9700000000003,2026-05-12 09:19:00,Mason Brown,True
C003624,Lucas,Patel,NY,5,23,4091.21,1511.6100000000001,2026-06-20 11:21:00,Lucas Patel,True
C003625,Sophia,Johnson,VA,5,21,3827.21,1437.7600000000002,2026-07-29 17:08:00,Sophia Johnson,True
C003626,Lucas,Davis,CA,3,24,4242.14,1651.12,2026-07-17 20:26:00,Lucas Davis,True
C003627,Sophia,Brown,IL,1,1,36.69,16.7,2026-01-21 14:24:00,Sophia Brown,False
C003628,Ethan,Patel,TX,3,20,3704.12,1475.2100000000003,2026-08-17 14:42:00,Ethan Patel,True
C003629,Isabella,Patel,MO,4,32,3865.02,1422.3300000000002,2026-01-17 09:31:00,Isabella Patel,True
C003630,Lucas,Wilson,NY,2,21,3368.12,1328.6100000000001,2025-08-17 15:56:00,Lucas Wilson,True
C003631,Ethan,Davis,IA,5,32,4207.14,1749.7500000000002,2026-05-20 09:15:00,Ethan Davis,True
C003632,Liam,Taylor,CA,2,23,2868.91,1347.68,2026-02-04 13:12:00,Liam Taylor,True
C003633,Noah,Garcia,NY,5,37,6139.74,2585.26,2026-08-28 20:09:00,Noah Garcia,True
C003634,Olivia,Wilson,MO,3,26,3939.89,1125.26,2026-07-30 10:54:00,Olivia Wilson,True
C003635,Sophia,Thomas,FL,4,33,4164.93,1613.7200000000003,2026-09-08 10:01:00,Sophia Thomas,True
C003636,Liam,Johnson,IA,2,21,3185.88,1147.8400000000001,2025-10-24 14:47:00,Liam Johnson,True
C003637,Isabella,Taylor,GA,5,32,5376.53,2262.29,2026-07-18 18:35:00,Isabella Taylor,True
C003638,Lucas,Johnson,NC,3,14,2966.62,968.1600000000001,2026-06-11 09:07:00,Lucas Johnson,True
C003639,Olivia,Johnson,FL,2,14,2426.26,1082.24,2025-03-02 08:14:00,Olivia Johnson,True
C003640,Noah,Garcia,NC,2,6,1029.59,212.60999999999996,2025-10-14 18:41:00,Noah Garcia,True
C003641,James,Anderson,MO,2,7,295.74,122.55000000000001,2026-02-23 21:56:00,James Anderson,True
C003642,Mason,Johnson,TX,2,14,1532.7700000000002,552.24,2026-09-04 16:09:00,Mason Johnson,True
C003643,Ava,Lee,VA,2,14,1430.54,492.43,2026-04-20 14:59:00,Ava Lee,True
C003644,Ethan,Thomas,TX,1,4,522.11,204.92,2025-11-07 18:14:00,Ethan Thomas,False
C003645,Isabella,Miller,GA,5,36,6045.05,2369.71,2026-07-08 15:42:00,Isabella Miller,True
C003646,Ethan,Anderson,TX,3,26,4403.16,1938.0500000000002,2026-02-05 13:42:00,Ethan Anderson,True
C003647,Ethan,Anderson,IA,3,17,1885.16,796.24,2025-12-23 20:38:00,Ethan Anderson,True
C003648,James,Thomas,GA,2,15,2312.99,962.13,2026-07-03 13:38:00,James Thomas,True
C003649,Noah,Johnson,VA,2,9,1133.13,358.12,2025-06-27 11:46:00,Noah Johnson,True
C003650,Mia,Thomas,CA,3,16,2382.82,961.5,2026-03-03 09:15:00,Mia Thomas,True
C003651,Ethan,Lee,NC,3,17,2431.4900000000002,857.1500000000001,2026-08-06 10:04:00,Ethan Lee,True
C003652,Noah,Davis,NC,3,12,1244.8899999999999,509.8499999999999,2025-10-22 09:42:00,Noah Davis,True
C003653,Olivia,Miller,GA,5,36,4397.73,1458.9699999999998,2026-07-11 21:58:00,Olivia Miller,True
C003654,Olivia,Smith,TX,3,21,4079.39,1719.46,2026-03-16 22:42:00,Olivia Smith,True
C003655,Noah,Garcia,TX,4,47,6522.6900000000005,2584.24,2026-09-02 16:50:00,Noah Garcia,True
C003656,Isabella,Taylor,GA,3,15,2062.54,646.72,2025-10-23 21:12:00,Isabella Taylor,True
C003657,James,Brown,NJ,3,26,3437.94,1052.36,2026-01-10 17:06:00,James Brown,True
C003658,Liam,Brown,GA,2,12,1225.7,354.9000000000001,2026-01-19 19:27:00,Liam Brown,True
C003659,Olivia,Lee,TX,4,24,3795.29,1615.4700000000003,2026-02-01 12:56:00,Olivia Lee,True
C003660,Isabella,Miller,NJ,4,23,4408.4400000000005,1641.26,2026-08-04 19:00:00,Isabella Miller,True
C003661,Lucas,Patel,IA,4,27,3512.32,1086.74,2026-08-28 20:45:00,Lucas Patel,True
C003662,Ava,Brown,VA,5,33,4899.38,1951.8999999999999,2026-06-03 15:35:00,Ava Brown,True
C003663,Mason,Davis,MO,1,4,833.8,293.0799999999999,2025-09-14 15:23:00,Mason Davis,False
C003664,Noah,Anderson,PA,5,28,5342.54,2402.15,2026-09-07 11:13:00,Noah Anderson,True
C003666,Isabella,Thomas,GA,2,9,1738.94,579.0300000000001,2026-05-25 15:13:00,Isabella Thomas,True
C003667,Ethan,Wilson,CA,1,8,1158.04,511.15,2025-03-06 16:34:00,Ethan Wilson,False
C003668,Mason,Garcia,MO,5,49,7580.3,2646.81,2026-08-11 12:19:00,Mason Garcia,True
C003669,Emma,Miller,NC,6,28,4909.38,1833.75,2026-08-13 22:04:00,Emma Miller,True
C003670,Lucas,Patel,IA,5,35,4113.3,1519.81,2026-04-25 09:28:00,Lucas Patel,True
C003671,Isabella,Wilson,NJ,4,24,2912.54,1005.11,2026-06-25 14:06:00,Isabella Wilson,True
C003673,James,Brown,VA,8,39,5972.55,2025.5500000000002,2026-06-13 13:28:00,James Brown,True
C003674,James,Thomas,NY,3,13,1103.58,413.24,2026-02-02 10:22:00,James Thomas,True
C003675,Isabella,Brown,PA,4,25,3604.78,1275.65,2026-05-28 11:58:00,Isabella Brown,True
C003676,Ava,Taylor,IL,2,4,738.29,378.7099999999999,2026-06-11 17:49:00,Ava Taylor,True
C003677,Liam,Wilson,IA,1,2,223.1,65.89999999999998,2025-02-28 13:10:00,Liam Wilson,False
C003678,Liam,Johnson,GA,3,10,1930.1799999999998,795.96,2026-07-02 21:33:00,Liam Johnson,True
C003679,James,Miller,IL,4,28,4400.01,1766.32,2026-09-08 08:42:00,James Miller,True
C003680,Mason,Johnson,FL,1,1,234.38000000000002,101.93000000000004,2026-08-10 21:30:00,Mason Johnson,False
C003681,Mason,Garcia,CA,1,4,988.96,327.88,2025-05-13 16:06:00,Mason Garcia,False
C003682,Noah,Patel,NY,4,22,3721.2,1645.29,2026-05-02 18:57:00,Noah Patel,True
C003683,Ava,Garcia,GA,2,14,3030.0,1201.4099999999999,2026-08-11 15:19:00,Ava Garcia,True
C003684,Sophia,Thomas,IL,1,6,964.04,355.7399999999999,2026-04-19 12:19:00,Sophia Thomas,False
C003686,Ethan,Smith,PA,3,15,1923.77,731.69,2026-05-14 20:39:00,Ethan Smith,True
C003687,Ava,Garcia,NJ,5,29,3695.94,1158.34,2026-05-08 20:43:00,Ava Garcia,True
C003688,Mia,Garcia,IA,4,16,2177.56,860.1,2025-12-09 22:33:00,Mia Garcia,True
C003689,Noah,Taylor,MO,7,56,8736.6,2781.7200000000003,2026-06-01 11:56:00,Noah Taylor,True
C003690,Ava,Smith,TX,4,18,2510.34,665.1799999999998,2026-06-12 16:21:00,Ava Smith,True
C003691,Lucas,Anderson,MO,4,40,5205.43,2078.13,2026-07-03 19:04:00,Lucas Anderson,True
C003692,James,Anderson,GA,1,9,856.24,304.09000000000003,2025-12-30 13:44:00,James Anderson,False
C003693,James,Johnson,PA,4,21,3196.12,1223.98,2026-01-31 11:31:00,James Johnson,True
C003694,Isabella,Miller,FL,3,14,1949.31,598.9599999999999,2026-05-15 17:58:00,Isabella Miller,True
C003695,Sophia,Davis,IL,8,48,7014.06,2583.61,2026-08-23 11:16:00,Sophia Davis,True
C003696,Mason,Patel,GA,8,57,10315.949999999999,3793.1,2026-03-12 18:05:00,Mason Patel,True
C003697,James,Garcia,IA,2,10,2153.44,918.03,2025-07-23 18:42:00,James Garcia,True
C003698,Ava,Taylor,IA,2,21,3009.7,909.6100000000001,2025-12-26 22:26:00,Ava Taylor,True
C003699,Liam,Thomas,MO,3,20,1460.5500000000002,678.6000000000001,2026-05-20 08:56:00,Liam Thomas,True
C003700,Isabella,Patel,GA,4,17,3056.08,1306.36,2026-06-05 16:22:00,Isabella Patel,True
C003701,Lucas,Brown,PA,1,8,1639.6,768.76,2025-12-28 08:04:00,Lucas Brown,False
C003702,Noah,Anderson,NC,4,24,3751.21,1238.5600000000002,2026-04-25 21:54:00,Noah Anderson,True
C003703,Olivia,Johnson,IL,2,16,2555.31,1082.8999999999999,2026-08-31 14:32:00,Olivia Johnson,True
C003704,James,Wilson,NC,4,31,4335.46,1715.6400000000003,2025-12-15 22:41:00,James Wilson,True
C003705,Isabella,Lee,PA,2,16,2248.59,664.89,2026-05-30 22:11:00,Isabella Lee,True
C003706,Sophia,Lee,NY,5,24,4489.46,1872.4299999999998,2026-02-28 10:59:00,Sophia Lee,True
C003708,Sophia,Lee,CA,5,40,6123.28,2407.63,2026-06-11 15:06:00,Sophia Lee,True
C003709,Emma,Johnson,NY,2,6,1099.69,417.61,2026-08-22 08:52:00,Emma Johnson,True
C003710,Lucas,Davis,NJ,5,29,3662.3599999999997,1304.6599999999999,2026-08-08 16:09:00,Lucas Davis,True
C003711,Olivia,Taylor,NC,4,28,3702.9700000000003,1048.3300000000002,2026-08-02 08:03:00,Olivia Taylor,True
C003712,Olivia,Taylor,NC,6,36,5288.85,1652.51,2026-05-23 17:33:00,Olivia Taylor,True
C003713,Mia,Brown,NY,4,25,3957.62,1270.3600000000001,2026-05-11 10:35:00,Mia Brown,True
C003714,Noah,Wilson,FL,4,21,2305.84,1028.21,2026-09-11 18:37:00,Noah Wilson,True
C003715,Mason,Patel,VA,4,21,2364.09,911.3900000000001,2026-06-20 11:41:00,Mason Patel,True
C003716,Mia,Thomas,NJ,4,32,3880.45,1492.09,2026-07-15 13:50:00,Mia Thomas,True
C003717,Ethan,Davis,PA,2,15,2282.25,697.8,2026-03-04 21:13:00,Ethan Davis,True
C003718,Ethan,Wilson,PA,7,46,8724.04,3484.23,2026-09-03 15:08:00,Ethan Wilson,True
C003719,Sophia,Brown,NJ,3,25,3899.29,1499.0100000000002,2026-06-08 13:01:00,Sophia Brown,True
C003720,James,Smith,FL,2,19,3183.51,1248.94,2025-12-07 19:49:00,James Smith,True
C003721,Lucas,Johnson,NJ,3,22,3269.1899999999996,1241.0299999999997,2026-01-15 17:18:00,Lucas Johnson,True
C003722,Olivia,Smith,GA,6,46,8618.02,3646.2000000000003,2026-05-13 09:11:00,Olivia Smith,True
C003723,James,Garcia,VA,4,27,4081.05,1428.65,2026-07-05 17:22:00,James Garcia,True
C003724,Emma,Brown,FL,5,18,3096.9700000000003,1299.4,2026-03-30 11:59:00,Emma Brown,True
C003725,Ava,Patel,MO,2,8,1451.9700000000003,142.25000000000023,2025-09-06 12:35:00,Ava Patel,True
C003726,Liam,Johnson,VA,4,25,3919.49,1410.84,2026-01-01 18:34:00,Liam Johnson,True
C003727,Lucas,Smith,IA,4,29,5013.64,2172.0400000000004,2026-05-31 18:15:00,Lucas Smith,True
C003728,Sophia,Patel,NJ,8,61,10053.86,4081.75,2026-07-09 16:29:00,Sophia Patel,True
C003729,Ethan,Brown,FL,4,41,5535.84,1631.79,2026-07-08 10:54:00,Ethan Brown,True
C003730,Mason,Davis,NY,4,30,5398.92,2223.98,2026-08-28 18:46:00,Mason Davis,True
C003731,Ava,Davis,IL,1,8,1105.84,451.96,2025-09-29 19:06:00,Ava Davis,False
C003732,Emma,Thomas,GA,3,7,1468.9,523.88,2025-04-17 15:29:00,Emma Thomas,True
C003733,Olivia,Smith,FL,3,20,3847.55,1557.1399999999999,2026-05-12 16:52:00,Olivia Smith,True
C003734,Mason,Lee,NY,2,11,1516.76,726.65,2025-10-15 12:16:00,Mason Lee,True
C003735,Ava,Davis,FL,2,9,2350.16,1092.54,2026-07-25 20:26:00,Ava Davis,True
C003736,Olivia,Smith,IA,5,14,2501.88,891.0200000000001,2026-08-01 21:21:00,Olivia Smith,True
C003737,James,Taylor,PA,6,42,7805.549999999999,2876.3199999999997,2026-02-22 13:58:00,James Taylor,True
C003739,Ava,Lee,IL,5,23,4497.16,1750.43,2026-05-22 14:33:00,Ava Lee,True
C003740,Lucas,Brown,PA,4,21,2972.5,676.14,2026-06-09 17:06:00,Lucas Brown,True
C003741,Isabella,Johnson,GA,6,30,4732.73,1898.82,2026-04-02 19:24:00,Isabella Johnson,True
C003742,Noah,Wilson,IL,5,29,4886.25,1797.6,2026-06-08 09:57:00,Noah Wilson,True
C003743,James,Anderson,IA,4,22,3781.08,1632.4700000000003,2026-08-11 19:25:00,James Anderson,True
C003744,Isabella,Thomas,CA,1,1,84.39,19.189999999999998,2026-05-27 10:06:00,Isabella Thomas,False
C003745,Noah,Thomas,NY,1,3,313.09000000000003,116.53000000000003,2026-01-13 10:51:00,Noah Thomas,False
C003746,Emma,Johnson,IL,4,27,5638.3,2626.7,2026-09-04 08:48:00,Emma Johnson,True
C003747,Ethan,Miller,NY,2,10,2183.6299999999997,1013.68,2025-09-15 08:30:00,Ethan Miller,True
C003748,Noah,Brown,TX,4,28,3780.83,1566.66,2025-12-18 18:27:00,Noah Brown,True
C003749,Ava,Miller,MO,5,26,3686.7200000000003,1448.3700000000001,2026-08-23 14:05:00,Ava Miller,True
C003750,Ava,Garcia,FL,2,9,1342.0500000000002,501.4800000000001,2025-09-04 16:20:00,Ava Garcia,True
C003751,Isabella,Anderson,NC,5,38,5923.37,2052.49,2026-08-21 18:09:00,Isabella Anderson,True
C003752,Lucas,Thomas,PA,3,22,3511.84,1346.16,2026-07-17 16:12:00,Lucas Thomas,True
C003753,Mia,Johnson,TX,5,38,5721.0,2464.66,2026-04-28 15:56:00,Mia Johnson,True
C003754,Ethan,Thomas,IL,2,6,1148.56,472.6600000000001,2026-06-07 15:08:00,Ethan Thomas,True
C003755,Olivia,Thomas,PA,3,13,2180.76,962.8900000000001,2025-10-29 20:15:00,Olivia Thomas,True
C003756,Noah,Miller,CA,4,38,7935.7699999999995,2757.11,2026-08-06 19:19:00,Noah Miller,True
C003757,Sophia,Wilson,IA,1,11,822.83,307.68,2025-01-20 09:16:00,Sophia Wilson,False
C003758,Noah,Garcia,VA,3,19,1903.53,803.86,2026-08-18 21:05:00,Noah Garcia,True
C003759,Olivia,Brown,FL,2,21,3198.09,1422.5,2026-07-21 10:05:00,Olivia Brown,True
C003760,Mia,Smith,GA,2,6,680.73,341.01,2026-06-07 18:27:00,Mia Smith,True
C003761,Lucas,Taylor,MO,5,31,5330.74,2162.2799999999997,2025-11-06 15:27:00,Lucas Taylor,True
C003762,Lucas,Smith,IA,3,20,2607.62,916.2199999999999,2025-06-22 12:16:00,Lucas Smith,True
C003763,Noah,Wilson,FL,2,7,1302.46,506.62,2026-01-09 15:00:00,Noah Wilson,True
C003764,Mia,Garcia,MO,3,29,3692.17,1338.5,2026-05-09 16:43:00,Mia Garcia,True
C003765,Sophia,Patel,PA,3,24,3852.6000000000004,1673.0200000000002,2026-03-27 08:10:00,Sophia Patel,True
C003766,Ava,Smith,CA,9,61,11454.19,4556.1900000000005,2026-09-07 21:06:00,Ava Smith,True
C003767,Ava,Garcia,CA,5,38,7030.23,2423.6099999999997,2025-10-27 11:58:00,Ava Garcia,True
C003768,Lucas,Brown,MO,2,4,624.3,224.60000000000002,2026-09-06 20:08:00,Lucas Brown,True
C003769,Lucas,Davis,IL,7,36,6829.35,2480.5400000000004,2026-08-05 09:12:00,Lucas Davis,True
C003770,Sophia,Wilson,TX,2,12,1762.23,838.65,2025-11-27 11:12:00,Sophia Wilson,True
C003771,Mia,Wilson,NJ,5,34,5255.36,1610.2399999999998,2026-08-17 19:59:00,Mia Wilson,True
C003772,Lucas,Wilson,VA,2,11,1761.1399999999999,496.28,2026-02-11 16:45:00,Lucas Wilson,True
C003773,Liam,Taylor,TX,4,32,4465.76,1358.9900000000002,2026-06-06 09:39:00,Liam Taylor,True
C003774,Ethan,Brown,NJ,1,12,1896.3200000000002,666.04,2025-06-19 17:58:00,Ethan Brown,False
C003775,Sophia,Patel,GA,1,4,732.87,270.14000000000004,2025-11-10 18:00:00,Sophia Patel,False
C003776,Ava,Brown,FL,2,15,2208.5,690.0300000000002,2025-11-12 21:33:00,Ava Brown,True
C003777,Mason,Brown,IL,4,33,4654.48,1847.62,2026-02-07 18:27:00,Mason Brown,True
C003778,Olivia,Miller,NY,6,44,7274.74,2457.46,2026-07-12 14:41:00,Olivia Miller,True
C003779,Olivia,Garcia,NY,3,19,2894.93,1027.82,2026-08-18 12:44:00,Olivia Garcia,True
C003780,Sophia,Anderson,VA,3,21,3635.64,1078.3200000000002,2026-09-03 13:22:00,Sophia Anderson,True
C003781,Olivia,Smith,VA,7,29,4435.09,1819.0700000000002,2026-06-27 21:34:00,Olivia Smith,True
C003782,Ava,Lee,NJ,7,48,9178.460000000001,3907.69,2026-09-03 09:21:00,Ava Lee,True
C003783,Lucas,Taylor,IA,1,4,463.27,216.31,2026-03-02 09:11:00,Lucas Taylor,False
C003784,Mason,Lee,CA,2,12,2913.91,1366.53,2025-08-26 08:28:00,Mason Lee,True
C003785,Olivia,Davis,IL,4,26,5094.99,2073.9,2026-01-13 09:43:00,Olivia Davis,True
C003786,Mason,Thomas,PA,5,42,7115.49,2588.91,2026-08-11 21:30:00,Mason Thomas,True
C003787,Noah,Thomas,NC,5,41,6458.73,2446.24,2026-03-23 15:03:00,Noah Thomas,True
C003788,Olivia,Anderson,CA,2,16,2492.37,989.72,2026-08-23 16:52:00,Olivia Anderson,True
C003789,Emma,Garcia,NJ,3,17,3082.75,1042.63,2026-08-05 18:42:00,Emma Garcia,True
C003790,Liam,Lee,CA,4,24,5287.53,1867.7499999999998,2026-09-09 21:45:00,Liam Lee,True
C003791,Liam,Lee,NY,1,10,1098.29,321.40000000000003,2026-02-22 09:57:00,Liam Lee,False
C003792,Olivia,Taylor,NC,1,4,830.72,194.44000000000005,2026-05-12 18:07:00,Olivia Taylor,False
C003793,Mason,Miller,IA,6,39,5690.280000000001,1775.5700000000002,2026-06-02 18:46:00,Mason Miller,True
C003794,Mia,Thomas,NY,5,14,2462.19,828.96,2025-12-23 21:58:00,Mia Thomas,True
C003795,Isabella,Lee,NJ,4,30,6601.95,2463.1,2026-08-26 17:02:00,Isabella Lee,True
C003796,Mason,Wilson,IL,6,65,9629.74,3581.14,2026-02-17 08:06:00,Mason Wilson,True
C003797,James,Garcia,PA,3,9,1110.5,284.98999999999995,2026-03-06 15:26:00,James Garcia,True
C003798,Isabella,Lee,NY,1,8,1899.22,826.35,2026-03-11 20:31:00,Isabella Lee,False
C003799,Ethan,Brown,IL,5,26,4004.59,1484.1000000000001,2026-07-04 17:31:00,Ethan Brown,True
C003800,Emma,Anderson,PA,2,20,2711.36,940.9600000000002,2026-03-03 13:48:00,Emma Anderson,True
C003801,Mia,Garcia,NC,2,16,3383.5,1167.85,2026-05-27 12:51:00,Mia Garcia,True
C003802,Sophia,Wilson,VA,5,30,4912.38,1847.6,2026-09-02 22:47:00,Sophia Wilson,True
C003803,Liam,Garcia,VA,2,11,1866.57,820.3699999999999,2025-12-19 18:46:00,Liam Garcia,True
C003804,Mason,Garcia,CA,4,33,4458.92,1674.0699999999997,2026-09-03 14:13:00,Mason Garcia,True
C003805,Ava,Miller,IA,1,6,748.79,164.08999999999997,2025-10-06 18:55:00,Ava Miller,False
C003806,Lucas,Miller,VA,2,9,1300.52,621.3,2025-12-01 15:40:00,Lucas Miller,True
C003807,Mia,Johnson,VA,7,45,8684.41,3252.01,2026-05-07 20:12:00,Mia Johnson,True
C003808,Ava,Smith,GA,4,24,2491.93,868.0300000000001,2026-09-13 17:06:00,Ava Smith,True
C003809,Olivia,Garcia,CA,2,14,3199.6000000000004,1262.2600000000002,2025-08-18 21:38:00,Olivia Garcia,True
C003810,James,Taylor,VA,3,24,4256.13,1657.0,2026-09-04 11:03:00,James Taylor,True
C003811,Isabella,Anderson,GA,7,38,5574.75,1970.54,2026-08-29 22:41:00,Isabella Anderson,True
C003812,Ethan,Anderson,VA,6,40,6510.26,2603.6,2026-08-23 22:20:00,Ethan Anderson,True
C003813,Liam,Brown,FL,4,18,3296.4900000000002,1086.24,2026-04-06 08:11:00,Liam Brown,True
C003814,Mason,Garcia,NY,4,22,3288.2000000000003,1410.2400000000002,2026-05-09 22:23:00,Mason Garcia,True
C003815,Mia,Patel,MO,3,13,1491.02,687.1199999999999,2026-06-27 09:03:00,Mia Patel,True
C003816,Mia,Miller,MO,3,12,942.89,253.24,2026-03-03 13:29:00,Mia Miller,True
C003819,Liam,Miller,VA,2,9,1996.1599999999999,700.04,2026-05-08 16:51:00,Liam Miller,True
C003820,Mason,Johnson,IL,5,36,5355.26,2114.6000000000004,2026-06-02 13:01:00,Mason Johnson,True
C003821,Noah,Patel,IA,4,27,3532.34,1116.53,2026-08-26 19:09:00,Noah Patel,True
C003822,Sophia,Anderson,IA,2,14,1472.14,626.6400000000001,2026-05-30 17:43:00,Sophia Anderson,True
C003823,Liam,Smith,MO,1,4,683.8,217.35999999999996,2025-09-11 10:57:00,Liam Smith,False
C003824,Lucas,Davis,PA,5,31,5002.89,2041.92,2026-08-12 16:17:00,Lucas Davis,True
C003825,Mason,Miller,FL,2,8,1621.26,626.1600000000001,2025-09-18 15:19:00,Mason Miller,True
C003826,Liam,Taylor,IA,6,55,10579.630000000001,4455.84,2026-08-14 19:04:00,Liam Taylor,True
C003827,Ethan,Lee,CA,1,7,1527.18,560.3300000000002,2026-02-03 12:28:00,Ethan Lee,False
C003828,Mason,Miller,CA,5,20,2018.1299999999999,770.76,2026-08-31 09:15:00,Mason Miller,True
C003829,Ethan,Johnson,MO,2,12,1636.3,657.96,2026-01-23 11:11:00,Ethan Johnson,True
C003830,Isabella,Miller,PA,4,19,2467.79,1017.74,2025-12-28 20:45:00,Isabella Miller,True
C003831,Liam,Brown,FL,6,47,8106.17,3230.75,2026-09-10 22:14:00,Liam Brown,True
C003832,Emma,Brown,FL,4,38,6485.99,2614.02,2026-08-20 14:10:00,Emma Brown,True
C003833,Mason,Davis,FL,1,4,424.44,122.45999999999998,2026-07-30 09:12:00,Mason Davis,False
C003834,Liam,Taylor,NY,2,11,1391.5700000000002,437.0300000000001,2026-03-23 20:39:00,Liam Taylor,True
C003835,Ava,Miller,PA,3,18,2974.88,1079.9,2026-03-17 10:49:00,Ava Miller,True
C003836,Ava,Davis,FL,3,20,3138.33,1284.96,2026-03-18 16:41:00,Ava Davis,True
C003837,Sophia,Smith,IL,3,19,3315.15,1323.77,2025-10-23 13:15:00,Sophia Smith,True
C003838,Liam,Garcia,NC,1,2,499.82,206.88,2026-03-09 20:24:00,Liam Garcia,False
C003839,Mia,Johnson,IL,3,29,5311.86,2072.2,2025-12-06 20:05:00,Mia Johnson,True
C003840,Isabella,Wilson,NY,7,53,7584.53,2824.46,2026-08-04 19:59:00,Isabella Wilson,True
C003841,Sophia,Lee,GA,6,40,5799.13,2302.07,2026-04-20 16:45:00,Sophia Lee,True
C003842,Noah,Thomas,MO,4,20,3848.88,1605.5900000000001,2026-04-08 19:05:00,Noah Thomas,True
C003843,James,Wilson,NY,10,55,8659.96,3614.54,2026-08-14 21:54:00,James Wilson,True
C003844,Olivia,Garcia,VA,3,28,4017.21,1579.3799999999999,2026-05-15 18:56:00,Olivia Garcia,True
C003845,Mia,Miller,IA,3,22,3626.78,1292.04,2025-10-16 20:19:00,Mia Miller,True
C003847,Noah,Brown,CA,5,41,5753.77,2356.42,2026-07-23 17:07:00,Noah Brown,True
C003848,Mason,Taylor,GA,2,11,1303.49,559.5399999999998,2025-10-03 15:47:00,Mason Taylor,True
C003849,Lucas,Miller,CA,8,38,5858.19,2107.61,2026-08-27 18:23:00,Lucas Miller,True
C003850,Liam,Anderson,GA,1,10,1439.6000000000001,461.8100000000001,2026-05-14 19:18:00,Liam Anderson,False
C003851,Emma,Johnson,VA,4,9,970.86,327.11,2026-08-02 13:44:00,Emma Johnson,True
C003852,Olivia,Lee,IL,3,12,1767.79,717.26,2025-09-02 11:51:00,Olivia Lee,True
C003853,Mia,Brown,CA,3,21,2719.33,1133.4,2025-07-29 22:07:00,Mia Brown,True
C003854,Emma,Wilson,TX,3,24,3758.85,1493.08,2026-09-13 13:25:00,Emma Wilson,True
C003855,Ava,Miller,CA,3,17,2015.7,840.51,2026-06-01 10:47:00,Ava Miller,True
C003856,Lucas,Johnson,GA,1,10,1676.28,516.9599999999999,2025-05-01 14:59:00,Lucas Johnson,False
C003857,Ethan,Anderson,NY,3,17,2755.63,1217.6399999999999,2026-08-01 13:54:00,Ethan Anderson,True
C003859,Mia,Taylor,MO,6,26,4551.71,1435.4400000000003,2026-09-03 16:20:00,Mia Taylor,True
C003860,Mia,Patel,FL,5,31,3983.9700000000003,1274.85,2026-06-24 14:51:00,Mia Patel,True
C003861,Lucas,Taylor,CA,2,12,1818.25,724.7699999999999,2026-01-29 14:02:00,Lucas Taylor,True
C003862,James,Miller,CA,6,43,7146.41,2703.42,2026-04-28 18:56:00,James Miller,True
C003863,Ethan,Anderson,CA,2,16,3142.26,1397.39,2026-09-12 14:38:00,Ethan Anderson,True
C003864,Olivia,Miller,IA,5,28,5299.09,2297.52,2026-09-10 09:39:00,Olivia Miller,True
C003865,Mia,Patel,IL,1,7,1494.35,637.5400000000001,2025-10-18 19:07:00,Mia Patel,False
C003866,Ethan,Garcia,NY,2,23,3470.29,1267.8899999999999,2026-01-10 17:11:00,Ethan Garcia,True
C003867,Sophia,Miller,FL,5,22,3469.31,1320.44,2026-07-31 11:46:00,Sophia Miller,True
C003868,Ethan,Davis,GA,4,36,6079.82,2538.04,2026-04-29 09:27:00,Ethan Davis,True
C003869,Liam,Miller,GA,7,74,12954.869999999999,4886.76,2026-06-30 12:27:00,Liam Miller,True
C003870,James,Johnson,NY,4,22,3347.8700000000003,1405.17,2026-08-31 21:01:00,James Johnson,True
C003871,Mia,Patel,MO,2,4,287.74,123.86000000000001,2026-02-24 08:39:00,Mia Patel,True
C003872,Lucas,Miller,IA,6,35,5114.44,1795.9699999999996,2026-07-14 18:18:00,Lucas Miller,True
C003873,Ethan,Brown,IL,3,19,3291.5499999999997,1412.9299999999998,2026-04-06 13:18:00,Ethan Brown,True
C003874,Ava,Brown,FL,2,19,3565.09,1344.95,2026-09-12 22:22:00,Ava Brown,True
C003875,Emma,Lee,VA,2,15,1592.8700000000001,664.32,2025-12-07 19:51:00,Emma Lee,True
C003876,Sophia,Taylor,IL,6,35,5214.95,2072.17,2026-06-21 14:24:00,Sophia Taylor,True
C003877,Emma,Lee,NY,4,24,2726.3999999999996,983.7499999999999,2026-08-30 15:43:00,Emma Lee,True
C003878,Noah,Lee,IL,5,28,3639.48,1484.92,2026-08-12 18:04:00,Noah Lee,True
C003879,Olivia,Johnson,IA,4,33,4836.32,1766.65,2025-09-28 22:22:00,Olivia Johnson,True
C003880,James,Thomas,TX,5,32,4941.8,1958.27,2026-06-26 15:55:00,James Thomas,True
C003881,Olivia,Brown,GA,5,27,3619.93,1478.6,2026-05-29 19:14:00,Olivia Brown,True
C003882,Sophia,Lee,IL,7,64,9065.27,3354.73,2026-05-12 15:42:00,Sophia Lee,True
C003883,Ethan,Garcia,NY,1,10,1622.57,767.54,2026-04-17 18:03:00,Ethan Garcia,False
C003884,Mason,Smith,CA,2,13,2355.3,711.6799999999998,2025-04-26 18:40:00,Mason Smith,True
C003885,Sophia,Wilson,IL,5,36,3115.07,1042.5900000000001,2025-11-26 11:22:00,Sophia Wilson,True
C003886,James,Thomas,CA,3,22,2888.27,1238.22,2026-08-04 19:11:00,James Thomas,True
C003887,Ethan,Taylor,FL,6,36,5783.87,2190.4300000000003,2026-04-24 16:33:00,Ethan Taylor,True
C003888,Isabella,Garcia,PA,7,57,8099.349999999999,2919.54,2026-09-05 22:23:00,Isabella Garcia,True
C003889,Noah,Anderson,MO,4,44,7857.44,3084.44,2025-09-09 12:15:00,Noah Anderson,True
C003890,Liam,Patel,FL,5,42,7033.96,2984.6000000000004,2026-06-05 22:42:00,Liam Patel,True
C003891,Mia,Brown,GA,4,25,4578.89,1775.4099999999999,2026-07-08 21:42:00,Mia Brown,True
C003892,Sophia,Johnson,MO,6,42,7282.33,2849.09,2026-07-25 12:42:00,Sophia Johnson,True
C003893,Emma,Brown,NY,4,17,2752.93,1088.32,2026-06-23 14:22:00,Emma Brown,True
C003894,Ava,Garcia,TX,4,18,2437.99,861.15,2026-08-02 11:25:00,Ava Garcia,True
C003895,Liam,Davis,VA,4,18,2397.08,934.3900000000001,2026-06-14 15:53:00,Liam Davis,True
C003896,Noah,Smith,IL,4,21,3367.16,1172.89,2025-12-09 21:23:00,Noah Smith,True
C003897,Mason,Thomas,NC,3,21,2521.8399999999997,962.4899999999999,2026-06-16 16:10:00,Mason Thomas,True
C003898,Emma,Anderson,IL,3,16,2064.56,888.11,2025-12-14 10:17:00,Emma Anderson,True
C003899,Ethan,Wilson,NJ,3,13,1514.05,409.24,2025-08-28 22:26:00,Ethan Wilson,True
C003900,James,Anderson,NJ,8,37,5928.66,2214.19,2026-07-17 19:49:00,James Anderson,True
C003901,Liam,Brown,NY,5,26,3474.13,1401.23,2026-03-31 15:17:00,Liam Brown,True
C003902,Emma,Lee,IL,5,30,3170.4700000000003,1355.0100000000002,2026-08-05 11:23:00,Emma Lee,True
C003903,Sophia,Patel,PA,3,19,3086.99,1180.08,2026-05-02 12:45:00,Sophia Patel,True
C003904,Noah,Johnson,IA,3,32,5670.92,2273.1,2026-02-08 17:29:00,Noah Johnson,True
C003905,Liam,Davis,MO,5,20,3283.96,1320.02,2026-06-02 10:37:00,Liam Davis,True
C003906,Olivia,Wilson,PA,3,16,1760.37,699.0699999999999,2026-09-02 22:23:00,Olivia Wilson,True
C003907,Sophia,Miller,PA,3,24,4438.63,1686.05,2025-11-24 08:13:00,Sophia Miller,True
C003908,Liam,Johnson,VA,2,13,526.0500000000001,235.68,2026-05-19 21:29:00,Liam Johnson,True
C003909,Ethan,Patel,VA,3,12,2003.17,728.6399999999999,2026-06-09 08:57:00,Ethan Patel,True
C003910,Mia,Miller,FL,5,30,5466.04,2250.7599999999998,2026-09-07 18:42:00,Mia Miller,True
C003911,Ethan,Smith,NC,3,13,1429.3899999999999,562.36,2026-03-16 11:37:00,Ethan Smith,True
C003912,Lucas,Miller,IL,9,55,8325.81,2959.59,2026-06-14 09:59:00,Lucas Miller,True
C003913,Liam,Garcia,FL,4,16,2164.3,821.3800000000001,2026-05-15 09:31:00,Liam Garcia,True
C003914,Ethan,Johnson,TX,5,23,3986.0299999999997,1402.52,2026-09-12 15:06:00,Ethan Johnson,True
C003916,Ava,Johnson,PA,5,25,2617.43,994.84,2026-09-02 21:02:00,Ava Johnson,True
C003917,James,Taylor,VA,2,9,817.8,335.58,2025-11-08 20:43:00,James Taylor,True
C003918,Lucas,Johnson,GA,5,41,7046.17,2397.71,2026-08-20 17:03:00,Lucas Johnson,True
C003919,Ethan,Taylor,IA,2,7,921.07,426.16,2026-02-10 18:14:00,Ethan Taylor,True
C003920,Noah,Patel,NY,3,21,3073.43,731.6600000000001,2026-09-03 17:42:00,Noah Patel,True
C003921,Noah,Patel,NC,2,10,1584.98,649.44,2025-08-11 08:16:00,Noah Patel,True
C003922,Ava,Brown,NY,7,50,9057.36,3708.82,2026-06-06 11:30:00,Ava Brown,True
C003923,Noah,Garcia,IL,2,17,2429.84,835.4200000000001,2025-09-19 09:47:00,Noah Garcia,True
C003924,Noah,Anderson,CA,6,22,3919.13,1495.27,2026-08-28 18:56:00,Noah Anderson,True
C003925,Lucas,Anderson,VA,5,38,4764.7300000000005,1831.3500000000001,2026-06-12 11:38:00,Lucas Anderson,True
C003926,James,Wilson,NJ,4,25,3484.3999999999996,1059.49,2026-09-01 10:29:00,James Wilson,True
C003927,Liam,Thomas,NY,6,43,5833.32,2103.81,2026-08-13 21:57:00,Liam Thomas,True
C003928,Ethan,Taylor,FL,2,17,2774.33,971.51,2026-05-29 22:40:00,Ethan Taylor,True
C003929,Lucas,Lee,IL,7,45,7113.070000000001,2444.4900000000002,2026-07-21 08:36:00,Lucas Lee,True
C003930,James,Miller,NJ,3,19,3563.89,1546.29,2025-11-08 20:58:00,James Miller,True
C003931,Emma,Taylor,MO,2,16,2114.2700000000004,816.2900000000003,2026-04-01 22:24:00,Emma Taylor,True
C003932,Lucas,Johnson,MO,5,37,6376.54,2451.79,2026-07-29 22:56:00,Lucas Johnson,True
C003933,Ava,Anderson,VA,5,36,5812.56,2335.6600000000003,2026-06-14 08:09:00,Ava Anderson,True
C003934,Lucas,Johnson,VA,3,7,928.8,422.47,2026-01-11 21:05:00,Lucas Johnson,True
C003935,Emma,Lee,VA,1,9,426.7,129.15,2026-02-26 12:21:00,Emma Lee,False
C003936,James,Davis,MO,2,13,2556.2599999999998,1021.23,2026-03-07 16:41:00,James Davis,True
C003937,Isabella,Taylor,VA,4,15,1675.84,511.98999999999984,2026-03-05 21:49:00,Isabella Taylor,True
C003938,Lucas,Taylor,MO,5,26,4897.59,1730.38,2026-07-09 14:50:00,Lucas Taylor,True
C003939,Sophia,Brown,TX,2,12,1486.28,524.1899999999999,2025-11-22 09:46:00,Sophia Brown,True
C003940,Ava,Garcia,GA,3,10,1689.26,548.11,2026-08-09 18:59:00,Ava Garcia,True
C003941,Lucas,Taylor,IL,2,12,2042.1999999999998,640.17,2026-03-20 15:42:00,Lucas Taylor,True
C003942,Ethan,Davis,PA,2,10,1857.28,793.8900000000001,2026-07-02 14:11:00,Ethan Davis,True
C003943,James,Thomas,NC,1,2,169.56,63.7,2025-03-26 13:15:00,James Thomas,False
C003944,Mason,Thomas,NC,5,40,6902.58,2344.25,2026-08-08 09:03:00,Mason Thomas,True
C003945,Emma,Miller,TX,3,11,2273.7599999999998,904.63,2025-11-24 16:29:00,Emma Miller,True
C003946,Mia,Patel,NC,2,15,2233.62,601.76,2026-05-22 15:22:00,Mia Patel,True
C003947,Mason,Davis,CA,4,20,2242.78,794.58,2026-09-10 15:25:00,Mason Davis,True
C003948,Mia,Miller,PA,1,5,876.03,216.98000000000005,2025-05-23 18:25:00,Mia Miller,False
C003949,Isabella,Lee,GA,1,4,944.1800000000001,376.76,2025-01-12 22:04:00,Isabella Lee,False
C003950,Ethan,Lee,NY,10,46,6798.06,2403.03,2026-09-13 17:56:00,Ethan Lee,True
C003951,Olivia,Brown,IL,2,22,2571.69,1074.6499999999999,2025-10-07 11:07:00,Olivia Brown,True
C003952,Isabella,Taylor,NC,2,13,2232.05,841.58,2026-09-09 22:13:00,Isabella Taylor,True
C003953,Olivia,Anderson,FL,1,7,276.84999999999997,142.59999999999997,2025-05-17 08:33:00,Olivia Anderson,False
C003954,Ava,Davis,PA,2,12,2132.84,946.15,2025-06-24 09:31:00,Ava Davis,True
C003955,Ava,Garcia,IL,6,39,5126.66,1948.17,2026-08-26 17:56:00,Ava Garcia,True
C003956,Mason,Taylor,FL,4,26,3177.4,1254.96,2026-08-10 08:26:00,Mason Taylor,True
C003957,Lucas,Anderson,FL,3,14,3195.82,1350.6100000000001,2026-08-31 21:03:00,Lucas Anderson,True
C003958,Liam,Davis,NY,8,52,9422.89,3771.5600000000004,2026-07-14 21:18:00,Liam Davis,True
C003960,Ava,Wilson,IA,2,12,1997.4299999999998,669.67,2026-08-18 18:32:00,Ava Wilson,True
C003961,Lucas,Brown,MO,3,19,2978.01,1076.44,2026-06-07 12:26:00,Lucas Brown,True
C003962,Ava,Smith,FL,3,26,2706.7000000000003,1056.22,2026-01-08 22:34:00,Ava Smith,True
C003963,Sophia,Patel,CA,1,4,880.24,411.88,2025-04-20 13:01:00,Sophia Patel,False
C003964,Isabella,Patel,NY,4,32,4876.15,1955.44,2026-05-10 17:39:00,Isabella Patel,True
C003965,Olivia,Taylor,MO,5,40,6457.54,2528.96,2026-08-04 14:04:00,Olivia Taylor,True
C003966,Liam,Miller,VA,3,18,2809.2599999999998,1135.6,2026-06-09 10:25:00,Liam Miller,True
C003967,Isabella,Brown,CA,3,8,927.0,254.66,2026-09-10 15:51:00,Isabella Brown,True
C003968,Noah,Lee,FL,5,26,4378.95,1628.8899999999999,2026-02-17 19:18:00,Noah Lee,True
C003969,Noah,Johnson,GA,5,25,2917.79,914.37,2026-06-07 13:39:00,Noah Johnson,True
C003970,Emma,Taylor,NJ,3,27,3642.04,1215.3400000000001,2026-08-20 12:42:00,Emma Taylor,True
C003971,Sophia,Brown,TX,5,26,3109.62,895.95,2026-06-27 21:37:00,Sophia Brown,True
C003972,Emma,Garcia,VA,2,6,647.6800000000001,239.37000000000003,2026-07-12 17:09:00,Emma Garcia,True
C003973,Noah,Patel,TX,3,27,3566.46,1184.8999999999999,2025-12-26 17:23:00,Noah Patel,True
C003974,Mia,Smith,IA,2,12,2130.5299999999997,898.14,2026-08-27 20:45:00,Mia Smith,True
C003975,Olivia,Wilson,VA,3,13,2586.0099999999998,1083.5,2026-01-03 19:54:00,Olivia Wilson,True
C003976,Lucas,Taylor,VA,4,19,2129.72,861.02,2026-06-17 16:49:00,Lucas Taylor,True
C003977,Ethan,Smith,VA,4,13,1913.56,757.44,2026-07-06 09:11:00,Ethan Smith,True
C003979,Mason,Smith,GA,7,39,6646.360000000001,2940.13,2026-06-27 18:22:00,Mason Smith,True
C003980,Ethan,Johnson,TX,2,13,2919.43,1156.91,2025-10-01 17:48:00,Ethan Johnson,True
C003981,Ethan,Patel,NJ,3,23,3432.7200000000003,1545.24,2026-04-03 12:26:00,Ethan Patel,True
C003982,Sophia,Smith,FL,4,26,3392.7200000000003,1356.8700000000001,2026-05-07 08:07:00,Sophia Smith,True
C003983,Liam,Anderson,TX,4,30,4356.4800000000005,1546.65,2026-09-03 12:39:00,Liam Anderson,True
C003984,James,Thomas,NY,4,22,3050.8,1082.92,2026-04-09 12:35:00,James Thomas,True
C003985,Isabella,Davis,MO,3,21,2133.23,909.66,2026-09-10 09:17:00,Isabella Davis,True
C003986,Isabella,Lee,NC,1,4,255.5,102.63,2025-08-28 18:49:00,Isabella Lee,False
C003987,Lucas,Brown,GA,1,6,1566.46,731.1,2025-06-23 13:17:00,Lucas Brown,False
C003988,Ava,Taylor,NC,6,34,4505.78,1527.4700000000003,2026-02-24 14:01:00,Ava Taylor,True
C003989,Sophia,Thomas,NC,3,21,2459.21,933.79,2026-07-08 19:02:00,Sophia Thomas,True
C003990,Noah,Johnson,IL,2,4,659.19,335.7600000000001,2025-06-19 21:35:00,Noah Johnson,True
C003991,Olivia,Smith,CA,2,19,2544.27,1060.49,2026-09-13 09:27:00,Olivia Smith,True
C003992,Olivia,Wilson,IL,1,7,254.89999999999998,130.96999999999997,2026-06-03 19:46:00,Olivia Wilson,False
C003993,Ava,Taylor,NY,4,19,3655.03,1619.8,2026-07-26 09:35:00,Ava Taylor,True
C003994,Olivia,Miller,IA,1,1,323.74,172.99,2026-08-16 08:20:00,Olivia Miller,False
C003995,Ava,Garcia,VA,2,6,1340.91,545.47,2025-08-10 12:21:00,Ava Garcia,True
C003996,Sophia,Johnson,IA,4,13,2296.64,756.4599999999999,2026-07-12 21:01:00,Sophia Johnson,True
C003997,Noah,Wilson,FL,6,43,5941.95,1686.56,2026-07-31 14:35:00,Noah Wilson,True
C003998,Emma,Thomas,IL,3,15,2775.0299999999997,1097.2,2026-03-03 20:12:00,Emma Thomas,True
C003999,Ava,Garcia,GA,3,26,4657.56,2073.76,2026-01-05 17:05:00,Ava Garcia,True
C004000,Noah,Johnson,PA,3,18,2824.47,873.5899999999999,2026-02-03 20:56:00,Noah Johnson,True
C004001,Noah,Garcia,VA,2,7,832.9599999999999,317.68999999999994,2026-01-07 17:27:00,Noah Garcia,True
C004002,Mia,Anderson,VA,3,27,4329.8099999999995,1887.4199999999998,2025-12-19 22:24:00,Mia Anderson,True
C004003,Liam,Patel,VA,5,44,6744.119999999999,2211.8899999999994,2026-08-14 08:10:00,Liam Patel,True
C004005,Emma,Smith,NJ,3,24,4934.4,2133.9,2026-07-06 15:04:00,Emma Smith,True
C004006,Emma,Miller,GA,6,36,5382.06,2204.49,2026-09-04 21:15:00,Emma Miller,True
C004007,Emma,Thomas,NC,2,16,2039.42,763.81,2026-06-03 20:13:00,Emma Thomas,True
C004008,Noah,Anderson,VA,6,30,4329.98,1691.51,2026-08-24 13:01:00,Noah Anderson,True
C004010,Noah,Garcia,CA,8,48,6767.26,2496.87,2026-01-20 22:28:00,Noah Garcia,True
C004011,Liam,Smith,CA,5,39,5129.53,1884.92,2026-08-16 15:02:00,Liam Smith,True
C004012,Isabella,Anderson,TX,5,36,6257.68,2515.15,2026-03-01 09:17:00,Isabella Anderson,True
C004013,Lucas,Brown,GA,6,51,7479.8,2852.63,2026-06-22 12:51:00,Lucas Brown,True
C004014,Isabella,Wilson,PA,1,2,494.48,163.94,2026-04-24 14:39:00,Isabella Wilson,False
C004015,Isabella,Wilson,GA,4,29,4170.23,1466.5,2026-08-26 17:42:00,Isabella Wilson,True
C004016,Liam,Davis,PA,4,19,3566.84,1532.48,2025-10-12 21:01:00,Liam Davis,True
C004017,Liam,Anderson,FL,2,22,3645.13,1248.92,2026-07-05 11:11:00,Liam Anderson,True
C004018,Emma,Lee,CA,3,18,2961.64,1169.77,2025-10-28 21:25:00,Emma Lee,True
C004019,Sophia,Anderson,NY,7,36,4723.98,1799.0199999999998,2026-02-02 19:40:00,Sophia Anderson,True
C004020,Mason,Smith,MO,4,14,2124.15,732.9100000000001,2026-07-29 21:12:00,Mason Smith,True
C004021,Mason,Davis,NJ,7,57,9756.48,3841.21,2025-11-02 17:57:00,Mason Davis,True
C004022,Mason,Brown,FL,3,21,3139.44,1137.77,2026-08-02 14:14:00,Mason Brown,True
C004023,Mason,Johnson,TX,3,22,2402.9700000000003,984.62,2025-10-30 08:10:00,Mason Johnson,True
C004024,Mia,Thomas,MO,5,45,5793.42,1919.2600000000002,2026-07-10 14:32:00,Mia Thomas,True
C004025,James,Patel,MO,3,25,4373.04,1938.8400000000001,2026-08-29 14:04:00,James Patel,True
C004026,Mia,Brown,FL,6,42,7379.83,3283.15,2026-08-06 15:01:00,Mia Brown,True
C004027,Ava,Taylor,NY,6,40,6075.51,2039.52,2026-08-08 15:34:00,Ava Taylor,True
C004028,James,Patel,VA,6,37,4247.89,1765.33,2026-06-01 13:03:00,James Patel,True
C004029,Liam,Davis,NC,4,24,4166.05,1716.08,2026-06-07 17:00:00,Liam Davis,True
C004030,Isabella,Smith,PA,2,18,2667.5699999999997,1019.04,2026-04-03 19:12:00,Isabella Smith,True
C004031,Sophia,Taylor,FL,3,17,2437.65,837.1100000000001,2026-03-15 08:10:00,Sophia Taylor,True
C004032,Liam,Taylor,NJ,3,12,2895.3,1113.66,2026-08-23 22:08:00,Liam Taylor,True
C004033,Ethan,Brown,FL,3,19,4842.0199999999995,2126.6,2026-08-15 13:38:00,Ethan Brown,True
C004034,Emma,Miller,IL,5,25,5364.1,2357.0,2026-08-13 22:58:00,Emma Miller,True
C004035,Sophia,Davis,GA,4,31,5612.9400000000005,2142.23,2026-04-01 13:30:00,Sophia Davis,True
C004036,James,Davis,GA,5,17,2125.2,509.72999999999996,2026-04-09 21:43:00,James Davis,True
C004037,Noah,Garcia,FL,3,15,2421.0299999999997,759.3499999999999,2026-04-06 10:27:00,Noah Garcia,True
C004038,Mia,Miller,IA,3,27,4695.139999999999,1668.98,2025-04-25 15:27:00,Mia Miller,True
C004039,Noah,Anderson,CA,3,23,3408.52,1262.2600000000002,2026-08-30 17:19:00,Noah Anderson,True
C004040,Isabella,Brown,IA,5,32,4823.08,2019.1299999999999,2026-01-21 09:16:00,Isabella Brown,True
C004041,Emma,Davis,PA,3,7,1240.31,427.02,2026-09-03 09:14:00,Emma Davis,True
C004042,Lucas,Brown,TX,1,11,1391.26,581.04,2025-04-02 10:38:00,Lucas Brown,False
C004043,Liam,Taylor,GA,1,1,67.71000000000001,22.88000000000001,2026-02-16 11:48:00,Liam Taylor,False
C004044,Olivia,Wilson,MO,1,9,1130.8,329.02,2025-01-04 11:48:00,Olivia Wilson,False
C004045,James,Lee,IA,1,8,1508.0500000000002,460.32000000000005,2026-03-06 11:43:00,James Lee,False
C004046,Emma,Taylor,VA,4,17,2474.78,978.52,2026-04-09 08:42:00,Emma Taylor,True
C004047,Ava,Smith,FL,5,26,2787.91,989.32,2026-09-04 08:45:00,Ava Smith,True
C004048,Emma,Brown,IA,3,30,3567.59,1431.36,2026-05-18 10:22:00,Emma Brown,True
C004049,Olivia,Patel,IL,6,52,8569.33,3038.6800000000003,2026-08-09 16:24:00,Olivia Patel,True
C004050,James,Wilson,NC,3,19,2860.43,855.8099999999998,2025-08-18 14:18:00,James Wilson,True
C004051,Ava,Davis,NC,1,4,794.62,379.31999999999994,2025-05-24 15:24:00,Ava Davis,False
C004052,James,Garcia,VA,1,5,330.18,115.5,2026-06-14 16:42:00,James Garcia,False
C004053,Emma,Anderson,PA,4,20,2842.14,1201.3899999999999,2026-04-13 11:36:00,Emma Anderson,True
C004054,Isabella,Anderson,FL,5,26,3565.63,1203.17,2026-05-05 08:36:00,Isabella Anderson,True
C004055,Lucas,Anderson,FL,5,24,4249.14,1377.08,2026-02-17 14:32:00,Lucas Anderson,True
C004056,Ava,Lee,NC,4,20,3388.12,1399.92,2026-08-08 11:52:00,Ava Lee,True
C004057,Olivia,Lee,MO,5,32,4725.9,1766.13,2026-07-22 20:07:00,Olivia Lee,True
C004058,Olivia,Patel,FL,7,48,6462.93,2302.44,2026-08-22 12:44:00,Olivia Patel,True
C004059,Mia,Brown,NY,3,24,4035.7599999999998,1547.4099999999999,2025-11-05 08:32:00,Mia Brown,True
C004060,Liam,Davis,GA,3,28,5060.46,1862.82,2025-11-02 20:45:00,Liam Davis,True
C004061,Noah,Smith,PA,2,14,1476.32,503.8,2026-04-04 18:44:00,Noah Smith,True
C004062,Liam,Thomas,TX,5,34,4523.95,1693.97,2026-06-25 12:03:00,Liam Thomas,True
C004063,Noah,Patel,NC,5,27,3155.63,1475.53,2026-01-28 17:13:00,Noah Patel,True
C004064,Sophia,Smith,NY,5,34,5256.42,1763.6000000000001,2026-09-13 09:23:00,Sophia Smith,True
C004065,Lucas,Brown,NY,1,3,642.48,178.56000000000006,2025-04-27 15:39:00,Lucas Brown,False
C004066,Mason,Smith,MO,4,8,1086.97,392.86,2026-07-29 15:52:00,Mason Smith,True
C004067,Mason,Wilson,IA,10,61,7369.18,2419.15,2026-08-27 21:29:00,Mason Wilson,True
C004068,James,Garcia,IL,7,26,3172.75,1129.84,2026-05-24 11:13:00,James Garcia,True
C004069,James,Patel,PA,2,19,1964.19,753.3000000000001,2026-02-17 09:49:00,James Patel,True
C004070,Sophia,Lee,MO,3,23,3466.5099999999998,1433.75,2026-04-04 21:32:00,Sophia Lee,True
C004071,Mason,Brown,CA,4,38,4972.7,1872.6599999999999,2026-03-06 09:59:00,Mason Brown,True
C004072,James,Lee,FL,6,31,6633.43,2992.1000000000004,2026-08-14 15:26:00,James Lee,True
C004073,Olivia,Thomas,IL,3,21,3461.46,1383.8,2026-06-20 19:04:00,Olivia Thomas,True
C004075,Liam,Johnson,IA,3,11,1173.04,389.46000000000004,2026-04-28 18:55:00,Liam Johnson,True
C004076,Ava,Thomas,PA,3,9,1695.26,460.98,2026-09-05 09:00:00,Ava Thomas,True
C004077,Liam,Johnson,MO,2,4,1071.18,549.71,2026-06-04 13:43:00,Liam Johnson,True
C004078,Isabella,Davis,GA,7,36,4305.66,1552.02,2026-05-21 14:53:00,Isabella Davis,True
C004079,Ava,Smith,TX,2,14,2314.8,987.05,2025-04-20 18:14:00,Ava Smith,True
C004080,Emma,Taylor,NJ,3,25,3185.23,1323.41,2026-04-29 18:19:00,Emma Taylor,True
C004081,Noah,Johnson,PA,5,25,4052.14,1342.97,2026-08-05 15:57:00,Noah Johnson,True
C004082,Mia,Lee,GA,5,32,5059.7,1772.22,2026-01-31 17:29:00,Mia Lee,True
C004083,Isabella,Miller,TX,2,11,1866.88,816.1800000000001,2026-04-24 14:00:00,Isabella Miller,True
C004084,Liam,Smith,TX,4,8,1622.4299999999998,585.3299999999999,2026-09-08 19:38:00,Liam Smith,True
C004085,Sophia,Brown,VA,3,23,2922.09,1223.54,2025-06-16 14:18:00,Sophia Brown,True
C004086,Olivia,Thomas,PA,2,12,1401.26,437.67999999999995,2025-08-14 09:11:00,Olivia Thomas,True
C004087,Mason,Wilson,TX,3,17,1770.1000000000001,698.5900000000001,2025-12-29 16:13:00,Mason Wilson,True
C004088,Mia,Anderson,FL,3,20,2871.58,718.2000000000002,2026-01-23 08:10:00,Mia Anderson,True
C004089,Emma,Anderson,NC,1,12,1649.54,710.71,2025-06-11 13:34:00,Emma Anderson,False
C004090,Liam,Miller,GA,4,21,3538.02,1518.88,2025-09-14 11:06:00,Liam Miller,True
C004091,Lucas,Smith,CA,1,4,810.92,348.64,2026-07-28 17:22:00,Lucas Smith,False
C004092,Mia,Patel,PA,6,26,4118.32,1511.8899999999999,2026-08-11 17:40:00,Mia Patel,True
C004093,Olivia,Smith,PA,5,23,2493.03,902.51,2026-08-23 15:11:00,Olivia Smith,True
C004094,Mason,Thomas,NJ,3,19,3024.2400000000002,1263.2400000000002,2026-02-05 15:05:00,Mason Thomas,True
C004095,Mia,Wilson,CA,3,22,2416.0200000000004,904.9000000000001,2026-06-05 14:10:00,Mia Wilson,True
C004097,Olivia,Smith,CA,3,23,3506.07,1390.05,2026-02-13 16:33:00,Olivia Smith,True
C004098,Noah,Garcia,CA,5,23,4346.63,1884.78,2026-08-12 12:57:00,Noah Garcia,True
C004099,Mia,Johnson,CA,3,15,2841.42,1187.61,2025-07-17 11:15:00,Mia Johnson,True
C004100,Liam,Johnson,IL,2,11,885.77,304.44999999999993,2026-09-10 12:54:00,Liam Johnson,True
C004101,Noah,Wilson,NJ,4,13,1040.16,382.75000000000006,2026-06-26 14:52:00,Noah Wilson,True
C004102,Noah,Miller,IL,4,37,5606.42,1853.48,2026-06-21 11:40:00,Noah Miller,True
C004103,Lucas,Johnson,NC,7,33,3750.3599999999997,1458.1899999999998,2026-05-01 11:00:00,Lucas Johnson,True
C004104,Ava,Patel,NC,4,29,4107.58,1569.45,2026-02-18 11:02:00,Ava Patel,True
C004105,Isabella,Thomas,GA,5,28,4850.73,1915.32,2026-08-26 11:37:00,Isabella Thomas,True
C004106,Ava,Smith,PA,3,19,3386.94,1313.3400000000001,2026-09-10 12:50:00,Ava Smith,True
C004107,Isabella,Anderson,PA,3,20,3468.02,1443.4499999999998,2025-11-29 15:06:00,Isabella Anderson,True
C004108,Liam,Davis,PA,4,31,4520.19,1607.12,2026-06-17 11:47:00,Liam Davis,True
C004109,Isabella,Lee,CA,4,27,3602.2599999999998,1414.51,2026-02-23 14:02:00,Isabella Lee,True
C004111,Ethan,Lee,TX,3,19,3286.4700000000003,1441.3,2026-01-04 21:33:00,Ethan Lee,True
C004112,Olivia,Taylor,VA,2,7,1459.7400000000002,373.4100000000001,2026-07-25 09:24:00,Olivia Taylor,True
C004113,Emma,Johnson,IA,7,43,5884.14,2001.5099999999998,2026-05-30 19:52:00,Emma Johnson,True
C004114,Mason,Taylor,TX,1,5,1197.34,502.02,2026-02-28 12:00:00,Mason Taylor,False
C004115,Olivia,Smith,IL,6,40,4854.66,1660.02,2026-09-10 13:54:00,Olivia Smith,True
C004116,Olivia,Anderson,IA,8,42,7694.36,3207.67,2026-03-03 22:04:00,Olivia Anderson,True
C004117,Lucas,Patel,FL,5,32,5735.11,2084.22,2026-08-03 21:46:00,Lucas Patel,True
C004118,Ava,Anderson,GA,2,10,1207.96,396.58,2025-11-17 19:10:00,Ava Anderson,True
C004119,Emma,Brown,NJ,1,4,384.92,164.76000000000002,2025-07-23 12:16:00,Emma Brown,False
C004120,Ethan,Smith,NJ,3,19,3714.48,1291.45,2026-05-21 08:31:00,Ethan Smith,True
C004121,Emma,Wilson,CA,2,3,1037.42,503.73,2026-04-23 21:30:00,Emma Wilson,True
C004122,Mason,Smith,FL,6,42,4683.25,1889.3600000000001,2026-06-05 08:21:00,Mason Smith,True
C004123,Emma,Wilson,TX,1,9,1551.9900000000002,434.22000000000014,2025-05-02 14:52:00,Emma Wilson,False
C004124,Isabella,Patel,NC,3,18,2668.66,847.1,2026-04-20 12:16:00,Isabella Patel,True
C004125,Mason,Miller,TX,8,60,10612.73,4392.43,2026-05-24 12:35:00,Mason Miller,True
C004126,Ava,Taylor,PA,8,41,6711.8099999999995,2460.84,2026-06-08 08:22:00,Ava Taylor,True
C004127,Liam,Brown,FL,5,31,3999.53,1607.6100000000001,2026-01-03 10:59:00,Liam Brown,True
C004128,Olivia,Davis,NY,6,41,7181.26,3095.29,2026-06-12 15:09:00,Olivia Davis,True
C004129,Mason,Taylor,GA,1,5,1308.19,620.02,2025-11-27 21:32:00,Mason Taylor,False
C004130,Ava,Garcia,VA,4,23,3686.04,1167.31,2025-11-19 22:53:00,Ava Garcia,True
C004131,Emma,Wilson,FL,3,14,1667.03,594.09,2026-06-23 09:51:00,Emma Wilson,True
C004132,James,Patel,CA,5,27,4715.59,1882.6699999999998,2026-01-30 13:37:00,James Patel,True
C004133,Emma,Taylor,PA,4,37,3776.8599999999997,1242.6999999999998,2026-05-19 14:04:00,Emma Taylor,True
C004134,Lucas,Brown,IL,9,51,7114.97,2551.4300000000003,2026-07-28 22:55:00,Lucas Brown,True
C004135,Liam,Wilson,PA,2,13,1675.47,587.6800000000001,2026-08-31 17:25:00,Liam Wilson,True
C004136,Liam,Johnson,IA,2,12,1761.6299999999999,627.5699999999999,2026-02-23 09:01:00,Liam Johnson,True
C004137,Sophia,Anderson,PA,4,28,5978.07,1917.5500000000002,2025-12-18 08:31:00,Sophia Anderson,True
C004138,Olivia,Anderson,TX,2,10,1872.38,569.84,2026-05-17 12:29:00,Olivia Anderson,True
C004139,Mia,Patel,IA,6,30,4372.1,1575.0900000000001,2026-06-07 10:45:00,Mia Patel,True
C004140,James,Johnson,FL,1,12,2735.76,1047.12,2025-05-13 10:11:00,James Johnson,False
C004142,Emma,Smith,IA,4,13,1957.21,692.04,2026-09-04 15:12:00,Emma Smith,True
C004143,Sophia,Garcia,GA,3,21,4239.64,1544.9100000000003,2026-09-09 20:44:00,Sophia Garcia,True
C004144,Ethan,Garcia,NC,1,5,293.31,139.21999999999997,2025-02-04 17:58:00,Ethan Garcia,False
C004145,Liam,Thomas,FL,1,6,812.65,370.15000000000003,2026-05-22 15:00:00,Liam Thomas,False
C004146,Isabella,Johnson,CA,6,42,7946.13,3526.9399999999996,2026-07-31 18:36:00,Isabella Johnson,True
C004147,Ava,Taylor,PA,2,10,1958.3,702.1299999999999,2026-08-21 18:52:00,Ava Taylor,True
C004148,Emma,Miller,FL,4,28,4783.01,1991.42,2026-08-07 14:59:00,Emma Miller,True
C004149,Olivia,Anderson,IA,5,40,7671.71,2896.81,2026-04-12 11:56:00,Olivia Anderson,True
C004150,James,Smith,MO,3,14,1494.33,539.7,2026-01-19 14:35:00,James Smith,True
C004151,James,Wilson,CA,3,17,2654.09,1194.6,2026-04-22 19:03:00,James Wilson,True
C004152,Ethan,Thomas,IA,6,41,5916.33,1817.01,2026-07-06 09:40:00,Ethan Thomas,True
C004153,James,Patel,NY,3,24,5200.45,2059.7000000000003,2025-10-04 11:32:00,James Patel,True
C004154,Isabella,Taylor,IA,3,10,1043.6499999999999,406.1399999999999,2026-08-02 15:03:00,Isabella Taylor,True
C004155,Liam,Brown,IA,9,47,7055.13,2724.42,2026-01-30 09:46:00,Liam Brown,True
C004156,Liam,Wilson,NC,4,24,5336.7,2270.05,2025-05-02 16:42:00,Liam Wilson,True
C004157,James,Smith,NC,1,10,1590.69,691.9799999999999,2026-08-18 17:48:00,James Smith,False
C004158,Mia,Smith,MO,4,30,3233.25,1127.3899999999999,2026-06-16 11:23:00,Mia Smith,True
C004159,Mason,Davis,PA,2,13,3101.05,1348.7200000000003,2025-10-14 18:39:00,Mason Davis,True
C004160,Olivia,Patel,VA,3,13,2160.0200000000004,743.0900000000001,2025-11-20 16:11:00,Olivia Patel,True
C004161,Noah,Taylor,NY,2,9,1013.8900000000001,299.1600000000001,2026-08-23 21:02:00,Noah Taylor,True
C004162,Mia,Miller,MO,3,26,3760.48,1308.93,2026-06-29 10:51:00,Mia Miller,True
C004163,Sophia,Patel,GA,5,23,4139.26,1415.5400000000002,2026-06-04 14:52:00,Sophia Patel,True
C004164,Olivia,Davis,NY,6,31,5192.3,1835.12,2026-08-01 11:36:00,Olivia Davis,True
C004165,Lucas,Wilson,VA,7,53,9129.29,3093.09,2026-07-03 21:41:00,Lucas Wilson,True
C004166,James,Wilson,CA,3,21,3170.4300000000003,1239.38,2026-05-26 10:53:00,James Wilson,True
C004167,Liam,Patel,TX,3,18,1786.84,780.5399999999998,2026-08-17 20:51:00,Liam Patel,True
C004168,Ethan,Miller,VA,2,10,1757.69,773.8,2025-10-04 21:30:00,Ethan Miller,True
C004169,Mason,Wilson,TX,5,24,3374.25,1200.68,2026-02-22 16:16:00,Mason Wilson,True
C004170,Sophia,Lee,PA,3,18,3514.04,1416.4900000000002,2026-06-18 18:46:00,Sophia Lee,True
C004171,Lucas,Garcia,PA,5,32,3359.71,1079.42,2026-08-25 16:12:00,Lucas Garcia,True
C004172,Noah,Thomas,NY,3,22,3683.22,1404.6399999999999,2026-09-09 20:30:00,Noah Thomas,True
C004173,Isabella,Brown,NY,2,11,1297.91,479.26,2026-07-12 16:17:00,Isabella Brown,True
C004174,Ethan,Johnson,NY,4,33,4125.48,1485.8299999999997,2026-04-11 10:37:00,Ethan Johnson,True
C004175,Mason,Smith,IA,4,19,2607.52,898.58,2026-05-28 16:23:00,Mason Smith,True
C004176,Isabella,Anderson,CA,3,22,3623.59,1461.04,2026-07-28 17:46:00,Isabella Anderson,True
C004177,Emma,Brown,CA,3,21,2716.56,1073.5099999999998,2026-04-05 08:32:00,Emma Brown,True
C004178,Lucas,Lee,CA,2,11,1134.58,371.39,2026-01-29 17:13:00,Lucas Lee,True
C004179,Sophia,Brown,TX,5,24,3324.16,1299.5700000000002,2026-08-27 20:31:00,Sophia Brown,True
C004180,Mia,Brown,PA,1,1,198.57,46.47,2026-08-01 14:42:00,Mia Brown,False
C004181,Lucas,Garcia,MO,2,12,1253.86,579.5999999999999,2026-06-27 15:02:00,Lucas Garcia,True
C004182,Noah,Smith,FL,4,21,2702.38,733.27,2026-02-05 12:03:00,Noah Smith,True
C004183,James,Thomas,PA,4,14,1230.4,518.75,2026-04-27 21:11:00,James Thomas,True
C004184,Olivia,Miller,CA,3,19,3568.29,1542.06,2026-08-12 08:52:00,Olivia Miller,True
C004185,Isabella,Patel,NC,4,24,3787.18,1587.7,2026-07-16 13:02:00,Isabella Patel,True
C004186,Sophia,Miller,IL,2,11,1635.6299999999999,630.75,2026-09-07 13:52:00,Sophia Miller,True
C004187,Ava,Wilson,PA,1,4,975.9200000000001,463.42,2026-02-19 11:09:00,Ava Wilson,False
C004188,Mia,Miller,PA,2,18,2559.65,1032.95,2026-06-06 16:25:00,Mia Miller,True
C004189,Ava,Wilson,MO,7,55,8631.38,3228.99,2026-07-16 13:20:00,Ava Wilson,True
C004190,Sophia,Anderson,FL,2,19,2787.64,1000.6899999999999,2026-03-30 11:12:00,Sophia Anderson,True
C004191,Sophia,Johnson,GA,5,34,4576.74,1786.86,2026-06-27 08:34:00,Sophia Johnson,True
C004192,James,Brown,NC,6,25,3679.3,1256.39,2026-07-01 18:51:00,James Brown,True
C004193,Emma,Lee,MO,2,7,1392.07,461.38000000000005,2025-07-13 09:42:00,Emma Lee,True
C004194,Olivia,Wilson,FL,1,13,2140.55,962.5999999999999,2025-05-14 20:22:00,Olivia Wilson,False
C004195,Noah,Davis,NY,5,39,5746.27,2110.03,2025-10-23 09:42:00,Noah Davis,True
C004196,Isabella,Johnson,CA,2,2,492.83000000000004,208.55,2025-11-05 12:34:00,Isabella Johnson,True
C004197,Emma,Thomas,IA,8,40,3496.4900000000002,1150.44,2026-04-11 17:26:00,Emma Thomas,True
C004198,Emma,Wilson,MO,4,21,4596.17,2099.84,2026-07-10 14:57:00,Emma Wilson,True
C004199,Lucas,Brown,CA,4,23,4858.03,1660.2699999999998,2026-07-31 10:12:00,Lucas Brown,True
C004200,Lucas,Taylor,MO,4,22,2570.2,914.89,2026-08-13 10:38:00,Lucas Taylor,True
C004201,Liam,Brown,GA,4,31,4332.19,1593.51,2026-07-02 19:51:00,Liam Brown,True
C004202,Noah,Patel,PA,2,12,1236.89,555.58,2026-04-19 21:03:00,Noah Patel,True
C004203,Lucas,Thomas,NC,2,18,3684.76,1587.3200000000002,2026-03-12 17:09:00,Lucas Thomas,True
C004204,Olivia,Lee,GA,3,19,2117.7200000000003,561.0,2025-10-31 16:59:00,Olivia Lee,True
C004205,Emma,Anderson,IA,4,24,3769.23,1678.21,2026-06-10 17:40:00,Emma Anderson,True
C004206,Lucas,Garcia,PA,4,21,3937.82,1407.83,2026-07-13 09:00:00,Lucas Garcia,True
C004207,James,Anderson,NY,4,33,2921.7599999999998,1072.3999999999999,2026-04-04 18:13:00,James Anderson,True
C004208,Mason,Miller,NY,3,11,1356.58,432.58000000000004,2026-09-08 21:21:00,Mason Miller,True
C004209,Isabella,Anderson,CA,2,18,3244.11,1023.6300000000001,2025-09-16 14:23:00,Isabella Anderson,True
C004210,Emma,Johnson,CA,6,40,5620.91,2314.0,2026-07-16 08:15:00,Emma Johnson,True
C004211,Isabella,Anderson,FL,4,24,3537.8399999999997,1230.79,2026-06-23 09:22:00,Isabella Anderson,True
C004212,Mason,Smith,NC,3,14,1944.45,563.4500000000002,2025-10-16 13:17:00,Mason Smith,True
C004213,Emma,Anderson,CA,1,3,169.23,39.23999999999998,2026-08-21 09:20:00,Emma Anderson,False
C004214,Noah,Johnson,MO,6,42,7306.73,3029.47,2025-10-21 11:27:00,Noah Johnson,True
C004215,Sophia,Miller,TX,4,18,2876.0,1074.85,2026-04-24 13:26:00,Sophia Miller,True
C004216,James,Patel,NY,3,24,2967.35,1146.79,2026-08-03 13:46:00,James Patel,True
C004217,Isabella,Smith,FL,1,5,1111.41,238.30000000000004,2026-04-22 22:04:00,Isabella Smith,False
C004218,Ava,Taylor,FL,2,22,3192.83,1226.97,2026-06-01 12:38:00,Ava Taylor,True
C004219,Liam,Garcia,PA,2,4,847.97,252.95,2026-08-30 17:55:00,Liam Garcia,True
C004220,Liam,Lee,NY,3,14,2894.55,1319.75,2026-07-12 08:12:00,Liam Lee,True
C004221,Olivia,Johnson,MO,4,24,4609.17,1749.8899999999999,2026-05-31 15:09:00,Olivia Johnson,True
C004222,Ava,Lee,IA,5,33,6358.9400000000005,2604.52,2026-08-15 10:47:00,Ava Lee,True
C004223,Mia,Thomas,VA,5,43,6147.41,2280.97,2026-08-14 11:00:00,Mia Thomas,True
C004224,Olivia,Johnson,GA,3,19,2282.14,784.47,2026-07-22 08:06:00,Olivia Johnson,True
C004225,Olivia,Taylor,NC,1,3,723.48,204.99,2025-04-10 22:27:00,Olivia Taylor,False
C004226,Emma,Smith,NJ,4,38,5318.780000000001,2120.01,2026-03-20 18:16:00,Emma Smith,True
C004227,Ethan,Miller,FL,2,13,2500.66,1080.44,2025-05-27 22:45:00,Ethan Miller,True
C004228,Ava,Wilson,MO,6,23,3492.42,1244.75,2026-06-08 17:11:00,Ava Wilson,True
C004229,Noah,Taylor,FL,5,40,5696.05,1942.67,2026-05-21 11:49:00,Noah Taylor,True
C004230,Olivia,Lee,MO,2,8,1528.06,513.8400000000001,2025-05-25 12:49:00,Olivia Lee,True
C004231,Emma,Brown,VA,3,21,2753.77,1259.78,2025-10-21 12:30:00,Emma Brown,True
C004232,Mia,Brown,CA,4,29,4096.0,1387.84,2026-05-18 08:34:00,Mia Brown,True
C004233,Emma,Taylor,CA,5,29,5917.36,2348.04,2026-08-04 16:05:00,Emma Taylor,True
C004234,Mia,Davis,GA,3,24,4528.31,2155.3700000000003,2026-03-06 16:01:00,Mia Davis,True
C004235,Isabella,Wilson,GA,5,38,5875.28,2050.3,2026-09-02 10:50:00,Isabella Wilson,True
C004236,Sophia,Smith,FL,3,20,3241.77,1364.1399999999999,2026-04-06 18:50:00,Sophia Smith,True
C004237,Olivia,Brown,FL,3,16,2691.96,826.3,2026-08-09 22:49:00,Olivia Brown,True
C004238,Liam,Anderson,NJ,6,35,5183.49,1819.96,2026-08-04 09:08:00,Liam Anderson,True
C004239,Ava,Smith,GA,2,14,2838.6400000000003,1235.89,2026-07-24 21:23:00,Ava Smith,True
C004240,Mason,Taylor,GA,4,27,3582.9900000000002,1260.2,2025-11-11 18:23:00,Mason Taylor,True
C004241,Isabella,Anderson,IA,6,34,4727.6,1577.49,2026-03-21 16:19:00,Isabella Anderson,True
C004242,Ethan,Patel,PA,7,57,7882.47,3349.7000000000003,2026-07-14 10:30:00,Ethan Patel,True
C004243,Isabella,Wilson,TX,4,24,4320.37,1758.66,2026-09-04 20:58:00,Isabella Wilson,True
C004244,Lucas,Taylor,NY,7,47,6481.3,2358.42,2026-06-01 15:47:00,Lucas Taylor,True
C004245,Ava,Thomas,TX,3,20,3537.92,1479.34,2026-06-02 11:45:00,Ava Thomas,True
C004246,Emma,Garcia,NJ,5,25,3703.81,1293.4799999999998,2026-08-24 20:07:00,Emma Garcia,True
C004247,Lucas,Anderson,IL,6,36,6577.2,2651.91,2026-02-19 11:23:00,Lucas Anderson,True
C004248,Ava,Thomas,TX,4,28,4044.7300000000005,1627.92,2025-07-03 20:52:00,Ava Thomas,True
C004249,Sophia,Miller,PA,6,49,7195.35,2966.6200000000003,2026-08-12 15:56:00,Sophia Miller,True
C004250,Ethan,Patel,TX,3,19,3085.87,974.1800000000001,2025-08-19 17:11:00,Ethan Patel,True
C004251,James,Taylor,IL,3,29,4708.1,1737.21,2026-04-18 15:13:00,James Taylor,True
C004252,Mia,Anderson,GA,1,7,1067.4,276.58000000000004,2026-05-05 21:34:00,Mia Anderson,False
C004253,Ava,Miller,IA,4,35,6021.21,2556.5899999999997,2026-07-03 12:48:00,Ava Miller,True
C004254,Liam,Brown,MO,4,27,4530.27,1847.7800000000002,2026-07-14 08:56:00,Liam Brown,True
C004255,Mia,Lee,VA,5,28,4174.65,1772.26,2026-02-28 13:47:00,Mia Lee,True
C004256,Liam,Lee,TX,2,18,2822.65,1053.4,2026-02-19 22:30:00,Liam Lee,True
C004257,Olivia,Smith,IL,4,25,2890.17,1023.03,2026-06-04 12:19:00,Olivia Smith,True
C004258,Mia,Taylor,MO,6,53,6903.25,2441.87,2026-07-30 15:30:00,Mia Taylor,True
C004259,Mia,Patel,NY,1,5,564.35,246.51000000000002,2026-05-25 13:38:00,Mia Patel,False
C004260,Sophia,Brown,MO,4,35,6076.7,2458.13,2026-08-21 16:01:00,Sophia Brown,True
C004261,Lucas,Wilson,IL,2,14,2221.57,692.28,2026-01-16 19:37:00,Lucas Wilson,True
C004262,Liam,Brown,VA,4,20,3123.31,1229.9199999999998,2025-12-29 09:56:00,Liam Brown,True
C004263,Olivia,Garcia,NJ,5,22,3232.36,1256.75,2026-07-09 11:57:00,Olivia Garcia,True
C004264,Ava,Thomas,NY,4,29,3341.93,1382.6299999999999,2026-05-12 15:28:00,Ava Thomas,True
C004265,Ethan,Patel,NY,5,34,3269.02,1189.64,2026-09-08 19:16:00,Ethan Patel,True
C004266,Emma,Wilson,FL,8,36,5853.66,1786.5800000000002,2026-06-29 14:37:00,Emma Wilson,True
C004267,Sophia,Garcia,VA,3,17,2695.3,891.73,2026-09-08 08:19:00,Sophia Garcia,True
C004268,Lucas,Brown,MO,4,26,2382.85,856.5499999999998,2026-05-31 22:24:00,Lucas Brown,True
C004269,Sophia,Davis,VA,5,26,4015.6499999999996,1778.3199999999997,2025-11-27 19:15:00,Sophia Davis,True
C004270,James,Davis,IL,3,17,1868.26,710.99,2026-06-25 18:09:00,James Davis,True
C004271,Ava,Johnson,VA,5,23,3338.77,1259.8500000000001,2026-05-29 18:53:00,Ava Johnson,True
C004272,Mason,Wilson,IL,5,19,3312.58,1283.91,2026-08-02 09:38:00,Mason Wilson,True
C004273,Liam,Garcia,NJ,2,11,2347.58,785.5100000000002,2026-03-17 18:19:00,Liam Garcia,True
C004274,Olivia,Lee,NY,8,47,5959.78,2476.31,2026-09-05 22:20:00,Olivia Lee,True
C004275,Isabella,Anderson,PA,5,29,5091.22,1762.24,2026-08-09 17:19:00,Isabella Anderson,True
C004276,Liam,Wilson,FL,3,10,1251.69,375.65,2026-08-12 21:34:00,Liam Wilson,True
C004277,Olivia,Johnson,VA,2,7,1071.88,174.4600000000001,2026-05-31 12:04:00,Olivia Johnson,True
C004278,Ethan,Brown,GA,5,20,2517.68,875.76,2026-07-28 10:23:00,Ethan Brown,True
C004279,Lucas,Thomas,GA,1,1,43.04,20.27,2025-06-06 09:32:00,Lucas Thomas,False
C004280,Noah,Davis,NJ,1,13,1561.1299999999999,439.0299999999999,2026-06-10 13:24:00,Noah Davis,False
C004281,Sophia,Davis,GA,3,17,2994.62,1374.8199999999997,2026-01-28 15:55:00,Sophia Davis,True
C004282,Mia,Patel,CA,3,23,4379.88,1478.78,2025-08-31 15:42:00,Mia Patel,True
C004283,Sophia,Wilson,GA,2,10,2109.84,791.74,2025-12-08 19:39:00,Sophia Wilson,True
C004284,Mia,Johnson,NJ,3,21,3024.36,1152.56,2026-05-15 17:38:00,Mia Johnson,True
C004285,Ethan,Taylor,NC,5,33,5821.12,2157.28,2026-02-11 08:03:00,Ethan Taylor,True
C004287,Olivia,Davis,NC,4,42,6187.91,2293.58,2026-01-26 14:37:00,Olivia Davis,True
C004288,Sophia,Anderson,IA,2,12,2193.01,684.6600000000001,2026-05-19 12:50:00,Sophia Anderson,True
C004289,Olivia,Taylor,VA,1,8,1389.39,661.9100000000001,2026-08-01 17:30:00,Olivia Taylor,False
C004290,Mia,Lee,NY,2,18,2177.72,764.1099999999999,2026-04-04 09:21:00,Mia Lee,True
C004291,Ava,Wilson,NY,3,19,3241.41,1105.65,2025-10-29 21:33:00,Ava Wilson,True
C004292,Mason,Anderson,FL,5,17,2497.19,1071.81,2026-07-06 10:13:00,Mason Anderson,True
C004293,Ava,Johnson,CA,4,32,5351.01,2264.3100000000004,2026-03-25 19:25:00,Ava Johnson,True
C004294,Ava,Anderson,NC,7,29,4507.12,1841.57,2026-09-12 08:41:00,Ava Anderson,True
C004295,Sophia,Thomas,CA,2,12,1787.76,693.61,2026-02-21 14:02:00,Sophia Thomas,True
C004296,Isabella,Johnson,IA,6,36,4091.16,1414.9,2026-07-31 16:09:00,Isabella Johnson,True
C004297,James,Anderson,NC,1,5,1121.9499999999998,523.7399999999999,2025-12-28 20:30:00,James Anderson,False
C004298,Emma,Lee,VA,8,44,6467.24,2500.23,2026-07-25 18:31:00,Emma Lee,True
C004299,Olivia,Davis,CA,6,46,6339.139999999999,2420.2099999999996,2026-07-05 18:52:00,Olivia Davis,True
C004300,Lucas,Smith,NJ,3,17,1658.17,701.8000000000002,2026-08-12 13:05:00,Lucas Smith,True
C004301,Olivia,Miller,MO,6,39,6562.2,2558.9100000000003,2026-06-28 21:40:00,Olivia Miller,True
C004302,Liam,Wilson,IL,2,5,758.55,233.92000000000002,2026-06-26 14:34:00,Liam Wilson,True
C004303,Lucas,Garcia,NY,8,48,8903.69,3495.66,2026-09-11 13:16:00,Lucas Garcia,True
C004304,Mason,Smith,VA,2,15,2866.06,1173.76,2025-08-09 17:19:00,Mason Smith,True
C004305,Olivia,Davis,NY,1,5,1133.01,490.2399999999999,2025-05-25 21:25:00,Olivia Davis,False
C004306,Mason,Anderson,TX,7,43,7351.83,2916.07,2026-07-28 20:01:00,Mason Anderson,True
C004307,James,Johnson,IL,3,33,5811.1900000000005,2253.36,2026-09-04 21:53:00,James Johnson,True
C004308,Mason,Brown,CA,1,2,637.51,281.61,2025-08-21 17:02:00,Mason Brown,False
C004309,Isabella,Wilson,GA,3,14,1309.0600000000002,490.3700000000002,2026-07-13 09:14:00,Isabella Wilson,True
C004310,Ava,Miller,CA,3,28,3237.04,1195.28,2026-09-09 09:32:00,Ava Miller,True
C004311,Liam,Lee,NJ,6,17,2261.74,818.9300000000001,2025-12-19 21:56:00,Liam Lee,True
C004312,Ava,Taylor,IA,4,17,2685.06,924.71,2026-04-17 08:30:00,Ava Taylor,True
C004313,Sophia,Thomas,FL,5,25,3319.06,1237.5,2026-01-21 20:04:00,Sophia Thomas,True
C004314,Mason,Patel,IL,3,17,2791.89,859.4799999999999,2026-08-01 15:08:00,Mason Patel,True
C004315,Mia,Garcia,VA,5,26,2390.43,923.9900000000001,2026-07-05 19:47:00,Mia Garcia,True
C004316,Ethan,Lee,PA,7,71,8456.86,2842.11,2026-08-03 17:15:00,Ethan Lee,True
C004317,Olivia,Miller,TX,2,5,516.3,123.66000000000003,2026-05-05 19:28:00,Olivia Miller,True
C004318,Liam,Johnson,FL,3,28,3233.12,1013.7500000000001,2026-05-10 20:20:00,Liam Johnson,True
C004319,Emma,Johnson,NY,2,15,3215.74,1405.6,2026-04-09 22:13:00,Emma Johnson,True
C004320,Isabella,Wilson,TX,5,31,4331.39,1578.76,2026-08-25 20:26:00,Isabella Wilson,True
C004321,Liam,Brown,FL,2,20,2628.33,1145.04,2026-08-27 18:12:00,Liam Brown,True
C004322,Mia,Garcia,FL,3,26,4051.25,1747.1299999999999,2026-08-14 18:58:00,Mia Garcia,True
C004323,Ethan,Johnson,NJ,3,15,1820.55,738.92,2026-07-02 19:33:00,Ethan Johnson,True
C004324,Mia,Lee,IL,6,16,2674.85,1067.24,2026-06-04 19:51:00,Mia Lee,True
C004325,Mia,Miller,NY,4,13,1458.37,536.46,2026-02-09 10:18:00,Mia Miller,True
C004326,Liam,Lee,PA,5,30,5024.58,1999.44,2026-07-11 22:51:00,Liam Lee,True
C004327,Olivia,Smith,MO,5,30,5692.8099999999995,2160.43,2026-05-16 15:12:00,Olivia Smith,True
C004328,Ava,Taylor,NC,3,9,954.05,295.70000000000005,2026-07-26 09:59:00,Ava Taylor,True
C004329,Sophia,Wilson,IA,2,9,1245.87,631.95,2025-07-23 22:19:00,Sophia Wilson,True
C004330,Ethan,Davis,NY,4,34,5683.64,2051.25,2026-07-24 17:28:00,Ethan Davis,True
C004331,Liam,Patel,IA,4,30,6173.57,2168.4,2026-07-04 11:04:00,Liam Patel,True
C004333,Lucas,Anderson,VA,4,28,3707.24,1340.8,2026-01-23 08:22:00,Lucas Anderson,True
C004334,Liam,Wilson,GA,2,10,1112.3,407.45,2026-09-07 11:06:00,Liam Wilson,True
C004335,Emma,Patel,MO,5,31,4913.93,2159.94,2025-11-17 22:32:00,Emma Patel,True
C004336,Liam,Miller,NC,3,26,5387.49,1832.68,2026-03-29 20:48:00,Liam Miller,True
C004337,Emma,Davis,NC,3,15,2240.77,908.5799999999999,2026-01-12 08:55:00,Emma Davis,True
C004338,Liam,Smith,NC,1,4,891.14,433.02,2026-05-20 17:34:00,Liam Smith,False
C004340,Lucas,Thomas,FL,2,15,2505.95,711.1099999999999,2026-01-07 22:31:00,Lucas Thomas,True
C004341,Lucas,Lee,FL,4,35,3735.61,1457.84,2026-08-09 22:02:00,Lucas Lee,True
C004342,Emma,Johnson,NY,2,17,1950.7,692.7900000000001,2025-11-03 17:29:00,Emma Johnson,True
C004343,Ava,Lee,VA,6,34,6123.24,2675.73,2026-05-29 19:32:00,Ava Lee,True
C004344,Mason,Wilson,FL,2,8,1098.74,417.5299999999999,2026-02-24 21:28:00,Mason Wilson,True
C004345,Olivia,Davis,NY,3,23,5253.67,1902.41,2026-08-25 13:56:00,Olivia Davis,True
C004346,Mia,Davis,PA,3,7,1058.1599999999999,447.51,2026-01-12 21:16:00,Mia Davis,True
C004347,Mia,Brown,NC,2,10,1578.8,650.1599999999999,2026-03-28 11:03:00,Mia Brown,True
C004349,Ethan,Anderson,GA,1,2,176.12,61.82000000000001,2025-11-09 10:21:00,Ethan Anderson,False
C004350,Olivia,Davis,IL,3,6,1456.28,518.81,2026-03-16 11:36:00,Olivia Davis,True
C004351,Mia,Davis,TX,6,32,4631.84,1540.8300000000002,2026-07-05 18:27:00,Mia Davis,True
C004352,James,Taylor,NC,3,17,2089.4,669.71,2026-06-01 08:29:00,James Taylor,True
C004353,Ethan,Thomas,NJ,3,26,5357.629999999999,2170.77,2025-12-30 20:13:00,Ethan Thomas,True
C004354,James,Anderson,NC,2,23,2835.0099999999998,1096.8,2026-02-13 16:02:00,James Anderson,True
C004355,Mia,Garcia,CA,2,12,1203.45,400.34999999999997,2026-03-09 16:14:00,Mia Garcia,True
C004356,Sophia,Lee,PA,1,6,1124.22,337.18000000000006,2026-01-02 08:11:00,Sophia Lee,False
C004357,Ava,Patel,GA,4,19,4338.53,1926.04,2026-08-01 22:18:00,Ava Patel,True
C004358,Ethan,Taylor,IA,2,14,2733.2799999999997,1115.27,2026-08-28 14:01:00,Ethan Taylor,True
C004359,Liam,Smith,NJ,10,58,11277.890000000001,4463.370000000001,2026-08-10 14:36:00,Liam Smith,True
C004360,Noah,Lee,NJ,4,15,2851.14,1132.26,2026-04-06 13:17:00,Noah Lee,True
C004361,Ava,Lee,MO,3,18,3289.15,1284.8300000000002,2025-12-10 17:03:00,Ava Lee,True
C004362,Olivia,Brown,GA,3,21,3070.4700000000003,1077.99,2026-09-07 11:20:00,Olivia Brown,True
C004363,Mia,Taylor,PA,1,10,1392.43,417.65,2026-09-07 14:45:00,Mia Taylor,False
C004364,Emma,Wilson,IA,1,6,556.0799999999999,239.59999999999997,2025-06-08 15:45:00,Emma Wilson,False
C004365,Mason,Thomas,NY,2,11,1426.71,389.09999999999997,2026-06-26 08:00:00,Mason Thomas,True
C004366,James,Brown,IL,3,12,1495.0,396.78999999999996,2025-12-30 08:54:00,James Brown,True
C004367,Lucas,Thomas,NJ,1,12,1292.9299999999998,393.41,2025-04-18 18:06:00,Lucas Thomas,False
C004368,Mia,Thomas,FL,2,15,1528.33,525.9799999999999,2026-05-30 16:04:00,Mia Thomas,True
C004369,Olivia,Thomas,NC,3,12,1493.26,487.31999999999994,2026-06-14 16:03:00,Olivia Thomas,True
C004370,Liam,Smith,IA,7,45,7922.23,3162.02,2026-08-24 12:44:00,Liam Smith,True
C004371,James,Wilson,TX,4,31,4206.76,1748.3,2026-07-28 11:10:00,James Wilson,True
C004372,Liam,Smith,TX,2,8,1142.47,370.99000000000007,2026-06-14 12:40:00,Liam Smith,True
C004373,Mia,Taylor,NY,3,20,3426.21,1465.19,2026-02-16 12:37:00,Mia Taylor,True
C004374,Mason,Smith,IA,3,34,4980.74,1700.7099999999998,2026-06-03 08:04:00,Mason Smith,True
C004375,Ava,Smith,PA,3,23,3585.16,1506.35,2026-03-18 16:34:00,Ava Smith,True
C004376,Lucas,Johnson,IA,4,30,2611.82,931.37,2026-05-17 22:12:00,Lucas Johnson,True
C004377,Lucas,Lee,CA,3,22,3271.73,1195.9199999999998,2025-06-04 15:50:00,Lucas Lee,True
C004378,Lucas,Miller,TX,6,45,7380.33,2519.11,2026-05-20 21:02:00,Lucas Miller,True
C004379,Mia,Johnson,IL,5,28,3446.05,1273.68,2026-03-23 11:54:00,Mia Johnson,True
C004380,Ethan,Garcia,IL,5,28,4650.75,1663.65,2026-04-14 09:32:00,Ethan Garcia,True
C004381,Emma,Davis,NJ,1,2,314.98,73.98000000000002,2025-11-18 09:45:00,Emma Davis,False
C004382,Mason,Patel,TX,2,10,1573.8400000000001,656.57,2026-08-03 14:56:00,Mason Patel,True
C004383,Noah,Wilson,NY,7,51,7804.4400000000005,3314.82,2026-06-27 22:23:00,Noah Wilson,True
C004384,Olivia,Brown,NJ,7,63,11935.76,4828.29,2026-07-11 13:41:00,Olivia Brown,True
C004385,Olivia,Johnson,GA,4,33,4392.02,1731.24,2026-06-04 18:27:00,Olivia Johnson,True
C004386,Lucas,Johnson,NJ,1,3,206.57999999999998,111.32999999999998,2026-09-03 20:38:00,Lucas Johnson,False
C004387,Liam,Brown,NJ,4,22,4207.84,1969.35,2025-11-16 15:05:00,Liam Brown,True
C004388,James,Brown,PA,3,14,1739.71,764.12,2026-08-22 17:14:00,James Brown,True
C004389,Ethan,Johnson,GA,5,23,4098.81,1518.98,2025-12-11 18:26:00,Ethan Johnson,True
C004390,Mason,Anderson,NY,3,31,5714.84,2458.05,2026-06-22 15:26:00,Mason Anderson,True
C004391,Mia,Smith,FL,4,22,2901.46,969.94,2026-06-24 22:14:00,Mia Smith,True
C004392,Isabella,Anderson,NC,1,9,1481.6799999999998,430.9100000000001,2026-07-09 13:06:00,Isabella Anderson,False
C004393,Liam,Wilson,IA,5,30,6416.97,2589.29,2026-08-27 14:50:00,Liam Wilson,True
C004394,Ethan,Taylor,TX,7,52,8215.92,3384.82,2026-04-05 22:25:00,Ethan Taylor,True
C004395,Mason,Wilson,MO,5,25,4766.5,1964.44,2026-08-17 18:07:00,Mason Wilson,True
C004396,Emma,Garcia,CA,1,6,982.61,334.23,2025-07-10 11:24:00,Emma Garcia,False
C004397,James,Taylor,IL,2,8,1007.56,288.79999999999995,2026-04-23 10:40:00,James Taylor,True
C004398,Lucas,Brown,PA,3,30,2932.52,1237.1399999999999,2026-03-07 18:49:00,Lucas Brown,True
C004399,Emma,Brown,FL,5,36,5653.34,1965.7400000000002,2026-05-04 17:53:00,Emma Brown,True
C004400,Emma,Garcia,NC,5,34,3356.7799999999997,1297.5,2026-06-30 14:12:00,Emma Garcia,True
C004401,James,Smith,PA,8,54,8678.3,3616.6499999999996,2026-09-11 20:51:00,James Smith,True
C004402,Mason,Davis,NY,4,20,2566.66,932.1800000000002,2026-03-05 11:05:00,Mason Davis,True
C004403,Mia,Davis,NY,1,9,1937.02,859.06,2026-04-03 13:00:00,Mia Davis,False
C004404,Ethan,Brown,GA,2,6,970.4200000000001,455.35,2025-12-20 14:52:00,Ethan Brown,True
C004405,Lucas,Thomas,CA,6,28,3797.5,1727.97,2026-08-01 20:49:00,Lucas Thomas,True
C004406,James,Lee,IL,6,43,5989.32,2107.26,2026-06-20 13:30:00,James Lee,True
C004407,Olivia,Brown,CA,3,23,4497.5,1688.5000000000002,2026-05-12 19:26:00,Olivia Brown,True
C004408,Isabella,Smith,GA,6,48,6074.51,1888.1899999999998,2026-09-09 12:03:00,Isabella Smith,True
C004409,Sophia,Thomas,NC,6,43,8290.789999999999,3152.0,2026-07-14 22:19:00,Sophia Thomas,True
C004410,Mia,Patel,MO,3,9,1680.66,764.6800000000002,2025-12-14 09:23:00,Mia Patel,True
C004411,Lucas,Anderson,CA,1,3,481.02000000000004,175.77000000000004,2026-07-17 21:22:00,Lucas Anderson,False
C004412,Olivia,Anderson,CA,5,28,4017.6499999999996,1616.43,2026-02-12 13:56:00,Olivia Anderson,True
C004413,Liam,Thomas,NJ,5,41,5804.96,2039.57,2026-07-20 10:17:00,Liam Thomas,True
C004414,Ethan,Johnson,CA,1,4,481.4,143.32,2026-01-04 16:33:00,Ethan Johnson,False
C004415,Sophia,Patel,CA,4,18,1900.06,779.53,2026-07-06 14:50:00,Sophia Patel,True
C004416,Emma,Garcia,GA,1,4,911.62,228.74,2025-02-28 12:08:00,Emma Garcia,False
C004417,Noah,Anderson,NJ,8,43,6159.02,2060.6800000000003,2026-09-01 10:23:00,Noah Anderson,True
C004418,Noah,Lee,IL,3,17,2778.97,1077.59,2025-09-02 17:19:00,Noah Lee,True
C004419,Mason,Smith,PA,4,30,4831.17,1902.57,2026-06-01 15:46:00,Mason Smith,True
C004420,Isabella,Anderson,TX,4,28,4083.6299999999997,1404.8899999999999,2026-06-24 20:54:00,Isabella Anderson,True
C004421,Mason,Thomas,PA,4,19,3944.56,1703.11,2026-06-27 22:04:00,Mason Thomas,True
C004422,Noah,Garcia,GA,1,7,442.35,151.91000000000005,2026-07-02 13:14:00,Noah Garcia,False
C004423,Isabella,Thomas,IA,4,25,3871.5499999999997,1533.7399999999998,2026-08-14 12:48:00,Isabella Thomas,True
C004424,Liam,Patel,NY,3,20,1797.7,735.27,2026-08-23 15:41:00,Liam Patel,True
C004425,Liam,Taylor,VA,2,11,1722.35,748.96,2026-03-18 19:22:00,Liam Taylor,True
C004426,Noah,Johnson,NY,1,2,473.11,154.62,2025-12-30 12:32:00,Noah Johnson,False
C004427,Mia,Thomas,NJ,5,22,2950.86,1244.4,2026-07-19 19:17:00,Mia Thomas,True
C004428,Mia,Smith,MO,3,16,3393.5099999999998,1300.97,2026-06-26 21:39:00,Mia Smith,True
C004429,Isabella,Johnson,IL,4,29,5384.36,1946.98,2026-07-01 15:02:00,Isabella Johnson,True
C004430,James,Taylor,NY,4,22,3285.75,1368.9599999999998,2025-11-03 12:59:00,James Taylor,True
C004431,Sophia,Miller,VA,6,41,5354.31,1619.28,2026-09-02 19:30:00,Sophia Miller,True
C004432,Ava,Smith,TX,1,6,965.7199999999999,492.14,2026-03-20 16:31:00,Ava Smith,False
C004433,James,Lee,TX,5,40,5578.61,2278.31,2026-02-01 21:00:00,James Lee,True
C004434,Mason,Thomas,MO,5,26,5417.58,1977.62,2026-05-19 16:01:00,Mason Thomas,True
C004435,Mason,Brown,IA,2,12,2668.99,1277.13,2025-06-20 11:48:00,Mason Brown,True
C004436,Liam,Wilson,NC,3,24,3306.71,1262.77,2025-11-17 17:16:00,Liam Wilson,True
C004437,Lucas,Taylor,TX,2,4,619.23,209.40999999999997,2025-09-20 18:32:00,Lucas Taylor,True
C004438,Noah,Johnson,CA,3,15,2542.4300000000003,1016.17,2025-09-01 21:09:00,Noah Johnson,True
C004439,Noah,Garcia,VA,9,81,11643.01,4360.28,2026-06-06 22:36:00,Noah Garcia,True
C004440,Isabella,Miller,CA,5,44,4933.82,1854.37,2026-07-24 11:24:00,Isabella Miller,True
C004441,Mason,Taylor,GA,3,17,3146.0699999999997,1188.79,2026-04-25 11:17:00,Mason Taylor,True
C004442,Mason,Garcia,TX,4,27,5102.23,2036.32,2026-09-03 19:41:00,Mason Garcia,True
C004443,Mason,Brown,GA,3,12,910.26,409.81999999999994,2026-03-23 21:12:00,Mason Brown,True
C004444,Sophia,Smith,PA,2,9,1289.13,560.0699999999999,2025-09-13 14:47:00,Sophia Smith,True
C004445,James,Taylor,MO,3,21,3521.0099999999998,1468.9,2026-05-27 17:54:00,James Taylor,True
C004446,Mason,Davis,PA,1,1,289.10999999999996,122.71999999999997,2025-07-15 22:46:00,Mason Davis,False
C004447,Liam,Davis,VA,3,21,2720.51,1113.94,2026-09-12 10:01:00,Liam Davis,True
C004448,Liam,Miller,IA,2,12,1840.03,650.0200000000001,2026-05-23 20:38:00,Liam Miller,True
C004449,Olivia,Lee,NC,3,24,2815.36,821.4300000000001,2026-08-25 14:05:00,Olivia Lee,True
C004450,Liam,Patel,TX,3,19,2970.33,1324.83,2026-05-18 19:33:00,Liam Patel,True
C004451,Mia,Patel,PA,3,18,2482.42,871.76,2026-03-21 14:15:00,Mia Patel,True
C004452,Sophia,Smith,GA,6,36,4397.66,1607.6899999999998,2026-09-07 20:27:00,Sophia Smith,True
C004453,Lucas,Brown,TX,7,44,6556.96,2919.02,2026-08-03 13:31:00,Lucas Brown,True
C004454,Mia,Anderson,GA,2,8,1009.06,314.2900000000001,2025-07-13 14:51:00,Mia Anderson,True
C004455,James,Smith,PA,5,34,2997.9700000000003,1108.02,2026-05-30 14:39:00,James Smith,True
C004456,Ava,Miller,NY,1,3,548.37,180.26999999999998,2025-05-05 20:15:00,Ava Miller,False
C004457,Emma,Wilson,TX,4,26,5467.44,2183.66,2026-05-08 18:07:00,Emma Wilson,True
C004458,Emma,Johnson,NC,3,13,2014.05,937.5,2025-07-02 22:43:00,Emma Johnson,True
C004459,James,Garcia,PA,4,32,5587.85,1990.6,2026-07-09 16:03:00,James Garcia,True
C004460,Noah,Patel,GA,2,9,1140.1200000000001,275.67000000000013,2026-09-11 14:01:00,Noah Patel,True
C004461,Mason,Taylor,IL,3,19,3197.02,1164.38,2025-08-20 20:50:00,Mason Taylor,True
C004462,Emma,Anderson,FL,2,5,128.5,44.0,2025-11-10 14:17:00,Emma Anderson,True
C004463,Mason,Taylor,IL,3,13,999.87,349.62,2026-06-26 12:17:00,Mason Taylor,True
C004464,Sophia,Johnson,IA,1,7,1642.92,610.1199999999999,2025-09-01 21:19:00,Sophia Johnson,False
C004465,Noah,Johnson,IL,6,41,6780.54,2323.49,2026-06-23 19:08:00,Noah Johnson,True
C004466,Ava,Smith,FL,5,34,6288.9,2434.32,2026-05-14 10:11:00,Ava Smith,True
C004467,Noah,Wilson,GA,3,21,3009.08,1089.8500000000001,2025-10-22 08:47:00,Noah Wilson,True
C004468,Ava,Thomas,MO,2,12,2028.02,537.33,2026-08-15 18:41:00,Ava Thomas,True
C004469,Noah,Davis,MO,2,5,396.02,165.23,2026-06-20 22:38:00,Noah Davis,True
C004470,Lucas,Johnson,VA,8,62,10831.89,4163.05,2026-06-20 14:23:00,Lucas Johnson,True
C004471,Olivia,Patel,GA,5,26,3689.53,1369.3500000000001,2026-03-26 15:31:00,Olivia Patel,True
C004472,Isabella,Lee,PA,5,40,6566.2300000000005,2669.0299999999997,2026-04-03 18:26:00,Isabella Lee,True
C004473,Mason,Patel,TX,3,29,5323.57,2114.87,2026-02-13 22:14:00,Mason Patel,True
C004474,Ava,Davis,PA,5,38,6627.05,2469.17,2025-12-16 08:58:00,Ava Davis,True
C004475,Ava,Miller,CA,2,14,2394.7200000000003,1051.66,2026-05-29 15:45:00,Ava Miller,True
C004476,Ava,Davis,MO,5,26,3999.54,1631.28,2026-08-17 21:01:00,Ava Davis,True
C004477,Ava,Garcia,VA,7,33,5695.09,2290.72,2026-07-28 15:51:00,Ava Garcia,True
C004478,Lucas,Garcia,IA,4,28,2652.88,866.9,2026-06-22 09:04:00,Lucas Garcia,True
C004479,Mia,Smith,FL,2,10,2308.97,839.13,2026-06-05 20:03:00,Mia Smith,True
C004480,Mason,Miller,GA,3,21,3947.23,1592.03,2026-08-04 18:50:00,Mason Miller,True
C004481,Olivia,Taylor,CA,2,10,1163.13,495.26,2026-01-01 13:04:00,Olivia Taylor,True
C004482,James,Miller,FL,2,16,3460.98,1246.58,2026-04-06 20:27:00,James Miller,True
C004483,Liam,Smith,GA,3,25,2896.92,1182.04,2026-02-06 13:27:00,Liam Smith,True
C004484,Isabella,Brown,MO,3,30,3854.88,1316.4099999999999,2026-05-05 16:11:00,Isabella Brown,True
C004485,Emma,Miller,IL,4,31,4952.3,1680.08,2026-06-02 13:09:00,Emma Miller,True
C004486,Noah,Lee,TX,5,32,4564.97,1660.0900000000001,2026-04-21 18:55:00,Noah Lee,True
C004488,Ava,Garcia,GA,4,25,2806.2,770.1600000000001,2026-04-02 22:52:00,Ava Garcia,True
C004489,Noah,Garcia,FL,2,6,1344.77,492.61,2026-05-25 20:06:00,Noah Garcia,True
C004490,Ava,Smith,NY,7,42,7076.38,2848.4700000000003,2026-08-13 15:19:00,Ava Smith,True
C004491,Mason,Davis,IL,2,6,429.28999999999996,163.72999999999996,2026-08-20 18:15:00,Mason Davis,True
C004492,Ava,Patel,IA,2,7,715.4499999999999,315.28,2025-04-15 17:31:00,Ava Patel,True
C004493,Olivia,Wilson,MO,5,32,4099.08,1544.73,2026-09-06 10:39:00,Olivia Wilson,True
C004494,Mason,Thomas,PA,4,20,2591.6,1039.2400000000002,2026-07-09 14:04:00,Mason Thomas,True
C004495,Ethan,Brown,GA,3,25,1592.0,609.3800000000001,2025-08-08 19:58:00,Ethan Brown,True
C004496,Ava,Garcia,TX,5,33,5676.23,2223.38,2026-03-20 21:44:00,Ava Garcia,True
C004497,Emma,Taylor,NY,8,42,5172.74,2051.16,2026-09-03 08:35:00,Emma Taylor,True
C004498,Olivia,Davis,NY,3,23,4318.6900000000005,1981.77,2026-04-04 19:13:00,Olivia Davis,True
C004499,Liam,Davis,VA,3,22,3220.7799999999997,1411.62,2025-12-06 19:46:00,Liam Davis,True
C004500,Sophia,Miller,VA,1,7,1005.96,327.33,2026-06-24 15:41:00,Sophia Miller,False
C004501,Sophia,Smith,FL,5,23,2500.18,829.6199999999999,2026-08-30 16:14:00,Sophia Smith,True
C004502,Emma,Patel,IL,5,21,3111.0099999999998,1450.99,2026-07-13 10:13:00,Emma Patel,True
C004503,Emma,Brown,NY,4,26,3306.1699999999996,1208.06,2025-12-26 17:01:00,Emma Brown,True
C004504,Ethan,Miller,TX,7,52,8536.75,3026.2799999999997,2026-03-02 19:40:00,Ethan Miller,True
C004505,James,Wilson,PA,1,10,2463.18,1230.47,2026-03-10 15:29:00,James Wilson,False
C004506,Noah,Anderson,NY,3,23,4111.74,1451.6100000000001,2026-05-23 12:20:00,Noah Anderson,True
C004507,Noah,Thomas,GA,3,14,2119.98,659.66,2026-03-30 13:09:00,Noah Thomas,True
C004508,Isabella,Johnson,FL,2,17,2594.7599999999998,810.9300000000001,2025-09-15 14:23:00,Isabella Johnson,True
C004509,Ava,Wilson,IL,6,32,3862.99,1174.18,2026-07-18 12:14:00,Ava Wilson,True
C004510,Mia,Smith,CA,4,20,4464.54,1950.04,2026-05-22 18:40:00,Mia Smith,True
C004511,Mia,Taylor,GA,2,20,3536.37,1355.24,2025-11-14 22:44:00,Mia Taylor,True
C004512,Isabella,Garcia,NJ,8,74,10865.960000000001,4032.08,2026-09-11 22:03:00,Isabella Garcia,True
C004513,Noah,Brown,CA,6,44,7159.02,2797.93,2026-07-13 13:22:00,Noah Brown,True
C004514,Mason,Anderson,PA,5,23,2256.71,774.1300000000001,2026-07-24 14:57:00,Mason Anderson,True
C004515,Noah,Davis,VA,3,15,1768.15,610.8200000000002,2026-02-24 15:21:00,Noah Davis,True
C004516,Olivia,Taylor,CA,5,36,5286.33,2174.62,2026-05-04 11:20:00,Olivia Taylor,True
C004518,Olivia,Johnson,IA,3,11,1867.88,894.78,2026-04-15 13:25:00,Olivia Johnson,True
C004519,Lucas,Lee,VA,5,34,5438.93,1820.26,2026-05-10 09:55:00,Lucas Lee,True
C004520,Olivia,Lee,IL,6,33,5443.99,2043.22,2026-07-14 13:11:00,Olivia Lee,True
C004521,Mia,Patel,CA,7,44,6801.03,2662.24,2026-04-22 08:38:00,Mia Patel,True
C004522,Ava,Miller,CA,1,2,135.39000000000001,60.81000000000002,2026-06-21 22:44:00,Ava Miller,False
C004523,Isabella,Smith,IL,1,3,1099.08,565.7099999999999,2026-08-07 16:55:00,Isabella Smith,False
C004524,Sophia,Anderson,MO,2,10,1530.96,496.13,2026-04-09 11:55:00,Sophia Anderson,True
C004525,Sophia,Smith,NY,2,5,607.09,275.1500000000001,2025-12-07 21:44:00,Sophia Smith,True
C004526,Lucas,Taylor,CA,4,18,2311.96,945.38,2026-06-01 09:07:00,Lucas Taylor,True
C004527,Mason,Taylor,TX,5,19,2790.06,996.36,2026-08-13 12:24:00,Mason Taylor,True
C004528,Mia,Davis,CA,4,27,2612.98,1090.97,2026-09-05 12:35:00,Mia Davis,True
C004529,Lucas,Taylor,NJ,7,50,7264.5199999999995,3055.7,2026-04-19 18:01:00,Lucas Taylor,True
C004530,Mason,Lee,GA,2,11,2046.47,708.4300000000001,2026-06-01 11:21:00,Mason Lee,True
C004532,Sophia,Patel,NC,3,17,3099.69,1137.23,2026-09-09 14:53:00,Sophia Patel,True
C004533,Liam,Johnson,NJ,9,62,8368.69,3143.1,2026-09-06 22:06:00,Liam Johnson,True
C004534,James,Wilson,NJ,3,28,5424.9,2229.7599999999998,2025-12-13 20:50:00,James Wilson,True
C004535,Sophia,Lee,PA,5,18,4127.25,1730.29,2026-07-11 10:49:00,Sophia Lee,True
C004536,Mason,Taylor,IL,9,42,7511.6,2945.16,2026-09-04 20:31:00,Mason Taylor,True
C004538,Emma,Anderson,NJ,2,13,1688.02,484.8999999999999,2025-11-04 18:52:00,Emma Anderson,True
C004539,Liam,Thomas,CA,8,41,7646.08,3368.2,2026-09-04 15:50:00,Liam Thomas,True
C004540,Ava,Garcia,FL,2,4,554.03,143.74,2026-07-22 08:54:00,Ava Garcia,True
C004541,Mia,Smith,IA,5,25,3513.29,1469.37,2026-09-12 14:56:00,Mia Smith,True
C004542,Olivia,Lee,TX,2,15,1622.8999999999999,673.8499999999999,2025-12-17 15:25:00,Olivia Lee,True
C004543,Mia,Lee,TX,2,15,1549.87,624.23,2026-06-14 20:39:00,Mia Lee,True
C004544,Sophia,Garcia,NJ,4,34,5566.87,2071.78,2026-08-17 19:27:00,Sophia Garcia,True
C004545,Mason,Brown,CA,3,15,1909.32,860.16,2025-07-08 13:21:00,Mason Brown,True
C004546,Olivia,Thomas,FL,4,28,3446.0299999999997,1246.75,2025-11-20 18:04:00,Olivia Thomas,True
C004547,Sophia,Johnson,GA,1,9,992.97,388.42,2025-06-30 14:43:00,Sophia Johnson,False
C004548,Mia,Wilson,IL,5,36,5661.1900000000005,2224.87,2026-04-15 11:26:00,Mia Wilson,True
C004549,Noah,Miller,NY,3,23,4116.57,1614.83,2026-03-19 08:49:00,Noah Miller,True
C004550,Noah,Garcia,VA,7,40,6674.51,2329.44,2026-07-15 18:34:00,Noah Garcia,True
C004551,Mason,Thomas,VA,5,34,4842.08,2008.21,2025-09-23 09:16:00,Mason Thomas,True
C004552,Mason,Taylor,NJ,4,28,3875.54,1279.22,2025-11-01 12:13:00,Mason Taylor,True
C004553,James,Miller,MO,3,17,3311.9500000000003,1068.8400000000001,2026-08-16 14:47:00,James Miller,True
C004554,Lucas,Thomas,MO,1,10,1518.6699999999998,535.54,2026-02-24 08:28:00,Lucas Thomas,False
C004555,Mia,Brown,NC,2,10,1712.23,654.89,2025-10-06 21:43:00,Mia Brown,True
C004556,Olivia,Wilson,NC,4,25,3349.54,1071.31,2026-05-26 11:24:00,Olivia Wilson,True
C004557,James,Patel,NC,3,13,3516.3999999999996,1476.43,2025-12-25 22:56:00,James Patel,True
C004558,Emma,Davis,IA,6,45,7145.43,2656.0299999999997,2026-08-07 12:33:00,Emma Davis,True
C004559,Mason,Smith,VA,2,8,1706.96,666.6099999999999,2026-07-09 12:01:00,Mason Smith,True
C004560,Ava,Brown,NJ,4,26,3472.52,1269.67,2026-02-28 19:26:00,Ava Brown,True
C004562,Lucas,Thomas,VA,3,11,1234.22,541.5,2026-07-22 11:42:00,Lucas Thomas,True
C004563,Olivia,Johnson,VA,7,45,7043.16,2849.63,2026-05-03 22:41:00,Olivia Johnson,True
C004565,James,Patel,CA,5,32,5741.13,2305.75,2026-05-04 17:48:00,James Patel,True
C004566,Mia,Smith,CA,3,21,4196.83,1673.84,2025-12-03 19:44:00,Mia Smith,True
C004567,Emma,Miller,IL,7,40,4417.48,1740.1699999999998,2026-06-25 14:10:00,Emma Miller,True
C004568,Ethan,Anderson,MO,8,62,11531.06,4841.36,2026-08-29 22:30:00,Ethan Anderson,True
C004569,Sophia,Garcia,NJ,4,35,5381.27,1821.3999999999999,2025-07-22 18:30:00,Sophia Garcia,True
C004570,Olivia,Anderson,NJ,6,37,6016.87,2208.64,2026-06-08 13:17:00,Olivia Anderson,True
C004571,Sophia,Thomas,NY,1,12,1749.37,451.65000000000003,2025-03-12 13:50:00,Sophia Thomas,False
C004572,Sophia,Anderson,CA,4,25,3572.43,1499.4599999999998,2026-07-08 15:54:00,Sophia Anderson,True
C004573,Ethan,Lee,VA,1,9,1870.15,689.26,2026-05-30 09:11:00,Ethan Lee,False
C004574,Ava,Smith,NJ,4,23,3090.04,1268.1100000000001,2026-02-12 08:29:00,Ava Smith,True
C004575,James,Anderson,TX,6,41,7458.17,3105.89,2026-05-21 11:00:00,James Anderson,True
C004576,Lucas,Lee,NJ,6,38,6729.7,2862.59,2026-07-22 22:08:00,Lucas Lee,True
C004577,James,Patel,FL,7,58,7685.07,2684.8,2026-05-03 11:11:00,James Patel,True
C004578,Lucas,Smith,VA,5,32,6446.150000000001,2580.8500000000004,2026-09-02 19:23:00,Lucas Smith,True
C004579,Ava,Brown,PA,3,27,3051.91,1068.27,2026-07-23 08:46:00,Ava Brown,True
C004580,Ethan,Brown,FL,2,19,2585.33,996.0500000000002,2026-06-13 09:54:00,Ethan Brown,True
C004581,Mia,Smith,NJ,6,27,4973.25,1734.3100000000002,2026-09-07 10:44:00,Mia Smith,True
C004582,Mason,Patel,NC,3,25,4536.69,1707.41,2026-05-05 21:14:00,Mason Patel,True
C004583,Ava,Patel,GA,3,25,3628.41,1412.69,2026-08-31 11:41:00,Ava Patel,True
C004584,Emma,Wilson,TX,7,43,6838.96,2836.77,2026-06-03 19:13:00,Emma Wilson,True
C004585,Emma,Miller,GA,2,15,2416.69,913.9599999999999,2025-12-22 14:01:00,Emma Miller,True
C004586,James,Wilson,IA,5,30,4769.23,1720.57,2026-07-24 10:10:00,James Wilson,True
C004588,Emma,Johnson,FL,3,12,1638.6100000000001,636.6600000000001,2025-09-27 17:57:00,Emma Johnson,True
C004589,Ethan,Miller,IA,1,8,1556.8899999999999,590.1,2025-12-23 12:14:00,Ethan Miller,False
C004590,Ethan,Wilson,IL,4,35,7783.61,3109.52,2026-09-13 09:55:00,Ethan Wilson,True
C004591,Emma,Lee,IL,8,67,7951.61,2293.37,2026-05-05 09:40:00,Emma Lee,True
C004592,Mason,Patel,CA,1,8,927.84,274.07000000000005,2026-05-31 20:38:00,Mason Patel,False
C004593,Ethan,Garcia,MO,6,50,6876.58,2713.17,2026-06-08 17:57:00,Ethan Garcia,True
C004594,Mia,Taylor,FL,6,25,2105.53,792.8000000000001,2026-01-29 20:00:00,Mia Taylor,True
C004595,Ethan,Thomas,FL,4,32,4078.87,1620.58,2025-09-26 13:07:00,Ethan Thomas,True
C004596,Sophia,Taylor,VA,2,14,2750.19,1151.83,2026-03-09 08:41:00,Sophia Taylor,True
C004597,Ethan,Brown,NY,2,15,2806.2400000000002,968.3000000000001,2026-03-06 17:19:00,Ethan Brown,True
C004598,Isabella,Miller,PA,1,12,2838.78,1310.4,2026-09-01 11:42:00,Isabella Miller,False
C004599,Noah,Johnson,TX,3,18,3039.65,1391.1400000000003,2026-05-16 20:36:00,Noah Johnson,True
C004600,Lucas,Miller,TX,2,19,2854.84,1065.77,2026-09-07 20:35:00,Lucas Miller,True
C004601,Lucas,Garcia,NJ,3,22,2975.24,1124.51,2026-04-25 22:04:00,Lucas Garcia,True
C004602,Mason,Smith,NC,4,25,3444.4700000000003,1204.7400000000002,2025-06-30 22:02:00,Mason Smith,True
C004603,Noah,Johnson,VA,5,21,2368.9,979.0200000000001,2026-06-06 13:36:00,Noah Johnson,True
C004604,Noah,Lee,VA,5,25,3815.0,1111.17,2026-06-24 13:18:00,Noah Lee,True
C004605,Isabella,Miller,CA,3,16,2595.27,980.7000000000002,2026-05-29 13:52:00,Isabella Miller,True
C004606,Ava,Smith,CA,4,28,4684.38,1973.3500000000001,2026-07-22 21:32:00,Ava Smith,True
C004607,Sophia,Davis,CA,7,34,5057.799999999999,1964.23,2026-07-31 10:30:00,Sophia Davis,True
C004608,Liam,Smith,TX,6,50,8784.289999999999,3343.22,2026-08-05 13:34:00,Liam Smith,True
C004609,Ethan,Davis,NY,3,26,4231.88,1689.54,2026-05-25 09:31:00,Ethan Davis,True
C004610,Lucas,Johnson,IA,3,16,3039.2400000000002,1127.92,2026-08-23 19:09:00,Lucas Johnson,True
C004611,Mia,Taylor,IA,3,24,3927.9,1783.07,2025-10-11 14:29:00,Mia Taylor,True
C004612,James,Smith,TX,5,36,6482.17,2275.96,2026-07-05 21:04:00,James Smith,True
C004613,Olivia,Garcia,MO,2,8,680.42,210.86,2025-12-02 11:58:00,Olivia Garcia,True
C004614,Ethan,Brown,IL,7,48,8545.32,3251.5,2026-06-07 22:01:00,Ethan Brown,True
C004615,Mason,Thomas,PA,5,38,6344.21,2655.3,2026-07-26 08:53:00,Mason Thomas,True
C004616,Ava,Davis,CA,5,24,2590.44,1057.7,2026-03-05 17:05:00,Ava Davis,True
C004617,Mia,Lee,NJ,3,29,5553.2,2528.4199999999996,2026-08-11 19:15:00,Mia Lee,True
C004618,Emma,Johnson,TX,5,22,2884.71,1147.6000000000001,2026-07-16 16:09:00,Emma Johnson,True
C004619,James,Brown,CA,3,21,4040.1500000000005,1685.5900000000001,2026-08-24 17:25:00,James Brown,True
C004620,Ethan,Garcia,IA,3,19,3896.35,1713.41,2026-08-27 16:11:00,Ethan Garcia,True
C004621,Sophia,Garcia,NJ,2,11,1394.52,580.6,2026-06-10 16:04:00,Sophia Garcia,True
C004622,Emma,Taylor,NC,7,47,5856.24,2033.74,2026-06-26 15:47:00,Emma Taylor,True
C004623,Mia,Brown,PA,2,8,1091.6,438.7,2025-06-30 14:39:00,Mia Brown,True
C004624,Liam,Johnson,TX,2,10,2111.02,713.3300000000002,2026-06-07 21:46:00,Liam Johnson,True
C004625,Mason,Thomas,CA,5,44,8036.41,3287.26,2026-08-25 17:50:00,Mason Thomas,True
C004626,James,Smith,NY,1,1,17.57,7.82,2025-03-16 17:43:00,James Smith,False
C004627,Liam,Brown,FL,8,61,10774.53,4168.42,2026-09-02 11:41:00,Liam Brown,True
C004628,Isabella,Thomas,NJ,7,50,5717.26,2143.98,2026-07-26 14:13:00,Isabella Thomas,True
C004629,Ava,Brown,TX,5,30,4005.5,1848.88,2026-02-21 10:24:00,Ava Brown,True
C004630,Noah,Davis,TX,2,11,1641.75,796.26,2025-12-15 09:50:00,Noah Davis,True
C004631,Isabella,Wilson,GA,4,14,1145.71,519.06,2026-03-04 13:44:00,Isabella Wilson,True
C004632,Mason,Miller,VA,5,29,4554.66,1759.6799999999998,2026-06-01 20:25:00,Mason Miller,True
C004633,Emma,Lee,GA,3,11,1748.0700000000002,749.51,2025-12-15 14:28:00,Emma Lee,True
C004634,Mason,Brown,FL,2,13,1313.18,355.93000000000006,2026-05-02 12:14:00,Mason Brown,True
C004635,Olivia,Johnson,CA,4,22,1647.82,492.97,2025-07-27 16:12:00,Olivia Johnson,True
C004636,Ethan,Brown,MO,2,18,2659.2,994.97,2026-01-27 22:14:00,Ethan Brown,True
C004637,James,Taylor,GA,2,3,646.31,231.72999999999993,2025-10-30 11:23:00,James Taylor,True
C004638,James,Miller,VA,2,13,1624.48,709.98,2025-05-22 19:11:00,James Miller,True
C004639,Emma,Wilson,CA,3,19,1826.31,621.31,2025-10-16 09:44:00,Emma Wilson,True
C004640,Ethan,Johnson,FL,6,48,5204.92,1998.4,2026-06-10 13:01:00,Ethan Johnson,True
C004641,Isabella,Lee,IA,4,24,4430.87,1606.63,2026-08-14 15:36:00,Isabella Lee,True
C004642,Ava,Wilson,FL,2,18,3642.06,1409.37,2026-08-18 14:34:00,Ava Wilson,True
C004643,Ethan,Thomas,CA,3,17,1757.02,719.9200000000001,2026-06-10 22:21:00,Ethan Thomas,True
C004644,Mason,Brown,NY,2,17,1973.13,741.27,2026-05-21 11:30:00,Mason Brown,True
C004645,Noah,Patel,CA,4,30,5102.17,2103.76,2026-09-01 21:29:00,Noah Patel,True
C004646,Mason,Smith,NJ,1,7,1431.27,415.36000000000007,2025-09-18 09:01:00,Mason Smith,False
C004647,Olivia,Wilson,IL,4,27,3241.54,1226.0,2026-03-22 09:49:00,Olivia Wilson,True
C004648,James,Miller,CA,6,47,8730.53,3723.42,2026-04-26 08:40:00,James Miller,True
C004649,Olivia,Johnson,CA,4,32,5653.5599999999995,2104.83,2026-03-18 22:23:00,Olivia Johnson,True
C004650,Lucas,Anderson,NC,2,16,2365.56,712.7199999999999,2025-12-17 22:14:00,Lucas Anderson,True
C004651,Noah,Garcia,IL,1,4,891.14,433.02,2025-07-30 16:17:00,Noah Garcia,False
C004652,Emma,Miller,TX,4,19,3275.0699999999997,1355.7399999999998,2026-08-11 18:09:00,Emma Miller,True
C004653,James,Anderson,VA,5,39,5674.17,2062.55,2026-03-12 10:17:00,James Anderson,True
C004654,Mia,Garcia,IA,3,20,2136.63,845.09,2026-08-11 08:26:00,Mia Garcia,True
C004655,Isabella,Brown,CA,4,23,3278.74,1152.75,2026-07-12 21:54:00,Isabella Brown,True
C004656,Liam,Brown,CA,3,19,1931.18,692.0600000000001,2026-07-14 15:58:00,Liam Brown,True
C004657,Isabella,Taylor,VA,5,39,6018.110000000001,2320.58,2026-04-22 12:48:00,Isabella Taylor,True
C004658,Mia,Anderson,FL,6,22,4583.81,1678.5100000000002,2026-05-28 10:10:00,Mia Anderson,True
C004659,Olivia,Patel,CA,2,12,1727.04,666.17,2026-09-03 19:08:00,Olivia Patel,True
C004660,Noah,Patel,TX,6,31,2940.84,949.54,2026-03-30 19:34:00,Noah Patel,True
C004661,Liam,Johnson,TX,3,24,2724.15,1060.1799999999998,2026-04-04 09:30:00,Liam Johnson,True
C004662,James,Wilson,VA,4,24,4258.15,1755.3000000000002,2026-06-24 10:16:00,James Wilson,True
C004663,Sophia,Smith,FL,3,25,4539.1,1041.7500000000002,2025-09-30 09:43:00,Sophia Smith,True
C004664,Isabella,Anderson,CA,3,17,3879.07,1581.46,2026-08-10 18:30:00,Isabella Anderson,True
C004665,Noah,Patel,FL,3,7,680.0,216.19000000000003,2025-11-10 19:55:00,Noah Patel,True
C004666,Liam,Lee,IA,5,28,4077.31,1486.91,2026-09-13 14:03:00,Liam Lee,True
C004667,Emma,Patel,VA,3,17,2731.55,878.8900000000002,2026-04-05 18:31:00,Emma Patel,True
C004668,Ethan,Taylor,IA,5,50,6904.28,2041.24,2025-12-16 09:29:00,Ethan Taylor,True
C004669,Mason,Wilson,VA,1,1,38.62,18.63,2026-08-21 09:16:00,Mason Wilson,False
C004670,Emma,Miller,IL,6,31,3421.82,911.6200000000001,2026-07-30 21:40:00,Emma Miller,True
C004671,Emma,Miller,NC,6,35,5284.8,2052.78,2026-06-12 11:33:00,Emma Miller,True
C004672,Noah,Patel,NJ,4,20,3315.7999999999997,1265.05,2025-11-03 08:49:00,Noah Patel,True
C004673,Ava,Davis,PA,2,6,835.36,410.77,2025-08-04 11:56:00,Ava Davis,True
C004674,Ethan,Garcia,GA,5,40,6696.72,2880.43,2026-08-19 22:11:00,Ethan Garcia,True
C004675,Sophia,Davis,NY,5,32,4587.75,1701.85,2026-09-09 13:05:00,Sophia Davis,True
C004676,James,Patel,GA,3,11,2139.89,851.8100000000002,2026-08-08 15:08:00,James Patel,True
C004677,Sophia,Miller,NJ,5,36,6080.15,2379.1600000000003,2026-01-04 13:57:00,Sophia Miller,True
C004678,Ava,Taylor,VA,1,4,823.04,155.36,2026-01-31 09:03:00,Ava Taylor,False
C004679,Noah,Thomas,IA,6,32,6542.349999999999,2418.75,2026-09-10 21:05:00,Noah Thomas,True
C004680,Emma,Patel,MO,6,32,2964.67,1248.77,2026-07-31 10:00:00,Emma Patel,True
C004681,Noah,Miller,NC,1,10,1222.33,471.7900000000001,2025-11-21 10:14:00,Noah Miller,False
C004682,Lucas,Patel,NY,1,3,498.04999999999995,222.71999999999997,2026-06-28 18:53:00,Lucas Patel,False
C004683,Liam,Miller,CA,4,27,3743.98,1520.2,2026-06-21 14:04:00,Liam Miller,True
C004685,James,Anderson,CA,7,29,4581.28,1761.88,2025-11-29 09:05:00,James Anderson,True
C004686,Mason,Davis,FL,2,16,2760.1499999999996,1106.9099999999999,2025-10-16 18:14:00,Mason Davis,True
C004687,Olivia,Miller,MO,5,33,5773.21,2173.85,2026-01-20 13:15:00,Olivia Miller,True
C004688,Isabella,Taylor,CA,4,22,3828.14,1716.4499999999998,2026-06-19 13:08:00,Isabella Taylor,True
C004689,Noah,Lee,NY,6,45,6496.12,2132.56,2026-05-20 15:26:00,Noah Lee,True
C004690,Sophia,Johnson,NY,2,8,979.66,254.61999999999995,2025-11-10 22:47:00,Sophia Johnson,True
C004691,Mason,Davis,VA,7,40,7366.86,2832.17,2026-05-12 16:30:00,Mason Davis,True
C004692,Mason,Brown,PA,6,42,6282.53,1903.22,2026-08-14 20:48:00,Mason Brown,True
C004693,Mia,Miller,VA,2,10,1425.58,551.69,2026-06-13 08:33:00,Mia Miller,True
C004694,Olivia,Anderson,NJ,1,9,1629.74,467.38,2025-03-30 16:39:00,Olivia Anderson,False
C004695,Emma,Smith,GA,2,18,3106.35,933.93,2025-08-17 17:16:00,Emma Smith,True
C004696,Ethan,Johnson,NY,4,34,4802.29,1537.51,2026-03-15 13:52:00,Ethan Johnson,True
C004697,Ethan,Lee,IL,8,69,9864.49,3721.92,2026-05-28 22:29:00,Ethan Lee,True
C004698,Lucas,Davis,IL,3,23,3481.79,1000.98,2026-06-23 08:50:00,Lucas Davis,True
C004699,Isabella,Thomas,VA,1,4,1195.0,521.08,2026-04-08 14:56:00,Isabella Thomas,False
C004700,Sophia,Anderson,IA,4,31,5083.98,2196.61,2026-04-19 19:42:00,Sophia Anderson,True
C004701,Noah,Wilson,VA,3,14,1783.3199999999997,673.8399999999999,2026-03-10 21:03:00,Noah Wilson,True
C004702,Mason,Thomas,VA,10,71,11789.380000000001,4854.24,2026-07-19 16:27:00,Mason Thomas,True
C004703,Emma,Johnson,FL,2,4,1184.58,599.02,2025-09-01 10:03:00,Emma Johnson,True
C004704,Lucas,Lee,NY,5,26,4421.18,1749.73,2026-07-09 13:40:00,Lucas Lee,True
C004705,James,Garcia,GA,7,44,8911.14,3381.36,2026-04-10 16:51:00,James Garcia,True
C004706,Noah,Wilson,TX,5,37,7176.12,2803.6,2026-02-18 20:21:00,Noah Wilson,True
C004707,Ethan,Davis,IA,3,8,1118.9399999999998,316.8999999999999,2026-04-30 14:20:00,Ethan Davis,True
C004708,Olivia,Johnson,FL,6,31,5982.48,2276.6800000000003,2026-05-05 14:42:00,Olivia Johnson,True
C004709,Mia,Johnson,NY,3,15,2069.75,753.54,2026-08-14 09:49:00,Mia Johnson,True
C004710,James,Anderson,GA,6,31,3816.7599999999998,1441.1299999999999,2026-09-01 17:07:00,James Anderson,True
C004711,Noah,Taylor,GA,2,14,2273.2799999999997,692.54,2026-08-31 22:19:00,Noah Taylor,True
C004712,Ethan,Miller,PA,3,22,2819.2000000000003,1226.4,2025-10-17 20:34:00,Ethan Miller,True
C004713,Mia,Brown,IL,7,36,5689.45,1909.94,2026-04-16 17:25:00,Mia Brown,True
C004714,Mia,Wilson,IL,4,31,4650.83,2001.7400000000002,2026-06-23 10:53:00,Mia Wilson,True
C004715,Ethan,Thomas,NY,2,20,2173.3900000000003,944.69,2025-04-23 17:33:00,Ethan Thomas,True
C004716,Noah,Davis,GA,4,22,2063.61,752.98,2026-04-23 10:46:00,Noah Davis,True
C004717,Emma,Thomas,PA,1,4,142.39,71.30999999999999,2025-04-09 19:47:00,Emma Thomas,False
C004718,Mia,Miller,VA,1,6,1206.8500000000001,281.75000000000017,2025-10-13 16:44:00,Mia Miller,False
C004719,Ethan,Patel,CA,3,15,1901.94,743.09,2026-02-10 22:55:00,Ethan Patel,True
C004720,Ethan,Wilson,GA,1,8,1880.8200000000002,782.5100000000001,2026-01-26 15:16:00,Ethan Wilson,False
C004721,Mason,Lee,VA,2,10,1556.93,683.07,2026-03-17 16:50:00,Mason Lee,True
C004722,Lucas,Smith,TX,5,22,3866.91,1550.0900000000001,2026-02-03 14:33:00,Lucas Smith,True
C004723,Sophia,Smith,TX,3,28,4282.77,1456.71,2026-07-14 12:44:00,Sophia Smith,True
C004724,Liam,Davis,NC,5,26,2738.77,1092.19,2026-08-26 19:15:00,Liam Davis,True
C004725,Mia,Brown,NY,1,1,88.23,37.800000000000004,2025-11-17 11:50:00,Mia Brown,False
C004726,Noah,Miller,IL,2,19,3452.6000000000004,1507.8000000000002,2025-06-26 14:05:00,Noah Miller,True
C004728,Noah,Wilson,NJ,3,21,2796.32,1038.41,2025-07-15 10:18:00,Noah Wilson,True
C004729,Ethan,Thomas,PA,6,37,4661.72,1698.0900000000001,2025-11-14 16:05:00,Ethan Thomas,True
C004730,Mia,Anderson,NJ,4,20,3510.13,1613.09,2026-04-27 19:37:00,Mia Anderson,True
C004731,Olivia,Anderson,NY,1,11,1508.07,494.80999999999995,2025-06-21 10:42:00,Olivia Anderson,False
C004732,Ethan,Johnson,FL,5,35,4561.38,1780.41,2026-03-30 17:46:00,Ethan Johnson,True
C004733,Noah,Miller,IL,3,15,2754.52,1123.95,2026-02-09 13:44:00,Noah Miller,True
C004734,Olivia,Johnson,PA,9,75,13302.8,5234.2300000000005,2026-08-24 17:46:00,Olivia Johnson,True
C004735,Olivia,Smith,IA,3,21,2863.09,1173.39,2025-11-07 11:40:00,Olivia Smith,True
C004736,Noah,Patel,PA,8,55,9836.07,3800.87,2026-07-28 11:53:00,Noah Patel,True
C004737,Mia,Lee,GA,5,18,2387.71,808.5699999999999,2026-09-09 19:48:00,Mia Lee,True
C004738,Mia,Smith,NJ,3,24,4611.48,1836.61,2026-02-04 15:21:00,Mia Smith,True
C004739,James,Lee,MO,3,15,2629.9,1037.21,2026-02-15 18:50:00,James Lee,True
C004740,Liam,Lee,CA,2,18,2908.91,1028.86,2026-05-10 19:59:00,Liam Lee,True
C004741,Ava,Miller,CA,4,30,5119.7699999999995,1764.7399999999998,2026-03-23 21:16:00,Ava Miller,True
C004742,Ava,Thomas,FL,4,17,3390.5899999999997,1323.7400000000002,2025-12-04 12:09:00,Ava Thomas,True
C004743,Mason,Wilson,MO,6,44,7290.72,2716.6,2026-09-10 17:43:00,Mason Wilson,True
C004744,Emma,Wilson,IA,2,19,2136.06,957.14,2026-02-19 15:11:00,Emma Wilson,True
C004745,Mia,Lee,IA,5,27,4653.62,1812.88,2026-07-30 14:17:00,Mia Lee,True
C004746,Emma,Miller,NJ,2,16,2167.81,807.3699999999999,2026-04-27 08:08:00,Emma Miller,True
C004747,Ethan,Lee,GA,3,24,3666.61,1171.94,2026-06-14 12:02:00,Ethan Lee,True
C004748,Emma,Thomas,IL,1,11,2250.77,970.0699999999998,2025-10-17 15:24:00,Emma Thomas,False
C004749,Lucas,Anderson,NC,2,11,1441.9900000000002,430.1400000000001,2025-04-08 19:47:00,Lucas Anderson,True
C004750,Ethan,Miller,VA,3,16,3205.1099999999997,1163.3899999999999,2025-12-11 10:17:00,Ethan Miller,True
C004751,Mia,Thomas,NY,7,47,7550.29,2937.2200000000003,2026-08-13 12:00:00,Mia Thomas,True
C004752,Olivia,Lee,GA,2,10,977.97,423.4099999999999,2026-07-04 17:41:00,Olivia Lee,True
C004753,Lucas,Taylor,GA,6,26,4252.349999999999,1626.23,2026-05-29 18:33:00,Lucas Taylor,True
C004754,Isabella,Anderson,GA,3,20,2786.77,1106.48,2026-07-18 18:55:00,Isabella Anderson,True
C004755,Noah,Smith,VA,4,24,3341.7799999999997,1206.59,2026-05-03 17:23:00,Noah Smith,True
C004756,Sophia,Smith,CA,3,16,3366.23,1284.56,2026-03-26 10:18:00,Sophia Smith,True
C004757,Emma,Thomas,NC,4,26,4286.75,1604.08,2026-05-03 11:14:00,Emma Thomas,True
C004758,Ava,Taylor,FL,3,12,1471.9,758.34,2026-04-23 11:06:00,Ava Taylor,True
C004759,Ava,Miller,NJ,3,32,4237.2300000000005,1537.72,2026-07-11 17:53:00,Ava Miller,True
C004760,Emma,Thomas,NC,2,4,389.53000000000003,126.77000000000004,2026-08-18 08:10:00,Emma Thomas,True
C004761,Ava,Smith,TX,1,4,318.16,118.36000000000001,2025-09-20 18:27:00,Ava Smith,False
C004762,Ethan,Anderson,IL,1,4,984.8499999999999,360.3699999999999,2026-09-06 15:55:00,Ethan Anderson,False
C004763,Ava,Johnson,GA,4,34,5412.8,2215.71,2026-07-05 08:30:00,Ava Johnson,True
C004764,Ava,Smith,PA,5,24,4292.78,1722.9,2026-05-25 08:32:00,Ava Smith,True
C004765,Liam,Thomas,NC,3,26,3248.42,1361.7900000000002,2025-12-06 15:24:00,Liam Thomas,True
C004766,Isabella,Taylor,NC,3,16,2128.37,685.6700000000001,2026-09-07 14:37:00,Isabella Taylor,True
C004767,Mason,Lee,NJ,3,20,3729.17,1088.98,2025-12-25 12:20:00,Mason Lee,True
C004768,Ava,Davis,IA,6,47,7855.429999999999,3290.5899999999997,2026-08-15 19:29:00,Ava Davis,True
C004769,James,Brown,IL,2,13,2763.63,1290.71,2026-03-03 08:48:00,James Brown,True
C004770,Olivia,Patel,NY,6,35,5728.639999999999,1932.6899999999998,2026-06-17 09:17:00,Olivia Patel,True
C004771,Mason,Taylor,PA,3,19,3162.63,1337.8400000000001,2026-08-12 11:50:00,Mason Taylor,True
C004772,Liam,Taylor,GA,5,33,5720.58,2507.66,2026-05-17 14:16:00,Liam Taylor,True
C004773,Sophia,Garcia,GA,1,9,1752.3899999999999,817.5,2026-01-12 17:22:00,Sophia Garcia,False
C004774,Ava,Brown,PA,7,37,6082.15,2500.29,2026-08-22 16:32:00,Ava Brown,True
C004776,Sophia,Patel,MO,2,2,161.54,40.09999999999999,2025-08-11 08:36:00,Sophia Patel,True
C004777,Olivia,Garcia,VA,4,23,3315.2999999999997,1188.4199999999998,2026-07-24 17:18:00,Olivia Garcia,True
C004778,Ethan,Anderson,NJ,3,17,2995.92,1435.37,2026-06-08 11:36:00,Ethan Anderson,True
C004779,Ethan,Brown,NC,3,13,3076.1400000000003,1402.8700000000001,2026-03-30 19:05:00,Ethan Brown,True
C004780,Ethan,Johnson,NY,5,33,4528.09,1883.2,2026-07-30 18:48:00,Ethan Johnson,True
C004781,Noah,Patel,FL,1,12,1664.58,634.6599999999999,2026-07-02 16:22:00,Noah Patel,False
C004782,Mason,Anderson,IL,4,22,2662.23,1007.4200000000001,2026-06-23 11:43:00,Mason Anderson,True
C004783,Sophia,Anderson,GA,4,29,4234.0,1698.15,2026-08-31 21:35:00,Sophia Anderson,True
C004784,Ava,Smith,CA,4,26,3979.6600000000003,1526.9900000000002,2026-05-12 18:56:00,Ava Smith,True
C004785,Lucas,Garcia,IL,4,19,3030.23,1208.33,2026-03-12 21:24:00,Lucas Garcia,True
C004786,Liam,Davis,PA,5,33,6456.54,2804.7,2025-11-16 22:57:00,Liam Davis,True
C004787,Mia,Thomas,NJ,4,38,6910.4800000000005,2403.38,2026-06-13 08:46:00,Mia Thomas,True
C004788,Mason,Garcia,MO,4,19,3406.83,1371.45,2026-08-29 21:23:00,Mason Garcia,True
C004789,Ethan,Brown,PA,2,14,1770.93,689.1,2026-05-05 08:00:00,Ethan Brown,True
C004790,Lucas,Davis,FL,1,2,482.52,173.5,2025-04-14 10:18:00,Lucas Davis,False
C004791,Ethan,Lee,TX,2,17,1609.25,625.85,2025-03-16 09:22:00,Ethan Lee,True
C004792,Isabella,Lee,TX,5,33,5892.05,2406.63,2026-07-21 15:04:00,Isabella Lee,True
C004793,Liam,Miller,IL,1,8,1595.31,519.46,2026-08-17 21:44:00,Liam Miller,False
C004795,Olivia,Garcia,IL,4,9,1257.25,404.89,2026-08-31 14:00:00,Olivia Garcia,True
C004796,Isabella,Johnson,GA,1,6,708.9300000000001,304.5100000000001,2026-06-21 08:06:00,Isabella Johnson,False
C004797,Emma,Lee,MO,3,14,2086.88,937.94,2026-07-28 17:09:00,Emma Lee,True
C004798,James,Patel,GA,6,30,3930.19,1376.23,2026-09-01 13:09:00,James Patel,True
C004799,Isabella,Patel,FL,2,7,801.57,337.4200000000001,2026-08-10 16:13:00,Isabella Patel,True
C004800,Isabella,Wilson,GA,5,29,4722.85,1822.78,2026-08-11 18:34:00,Isabella Wilson,True
C004801,Liam,Patel,IA,3,17,2733.75,944.56,2025-05-07 10:30:00,Liam Patel,True
C004802,Sophia,Miller,VA,3,20,2362.1,744.01,2026-03-17 10:40:00,Sophia Miller,True
C004803,Mason,Patel,TX,2,12,1624.17,687.2,2026-06-20 22:13:00,Mason Patel,True
C004804,Lucas,Lee,NC,2,10,1499.9,548.52,2026-08-12 22:38:00,Lucas Lee,True
C004805,Mia,Smith,NY,3,23,2995.7599999999998,1254.1699999999998,2026-06-08 15:01:00,Mia Smith,True
C004806,Mason,Miller,PA,5,27,3760.73,1577.13,2026-07-08 09:38:00,Mason Miller,True
C004807,Ava,Brown,FL,4,17,2695.23,1133.65,2026-08-16 11:55:00,Ava Brown,True
C004808,Mia,Patel,NJ,6,27,4055.16,1642.8000000000002,2026-07-29 11:27:00,Mia Patel,True
C004809,Ethan,Wilson,NC,3,18,2349.57,990.84,2026-03-18 16:43:00,Ethan Wilson,True
C004810,Lucas,Davis,IA,3,17,2607.67,842.0699999999999,2026-01-19 12:36:00,Lucas Davis,True
C004811,Mia,Patel,NY,4,37,5632.5599999999995,2139.71,2025-09-05 09:59:00,Mia Patel,True
C004812,Ethan,Johnson,VA,4,30,5944.18,2402.26,2025-06-10 16:57:00,Ethan Johnson,True
C004813,Ava,Johnson,CA,4,26,3922.0,1322.96,2025-11-24 21:13:00,Ava Johnson,True
C004814,Mia,Smith,PA,6,36,5566.780000000001,2431.19,2026-04-16 10:03:00,Mia Smith,True
C004815,Olivia,Smith,NC,4,31,5340.37,2307.72,2026-05-08 16:04:00,Olivia Smith,True
C004816,Isabella,Lee,GA,3,24,4137.03,1343.2299999999998,2025-08-06 08:16:00,Isabella Lee,True
C004817,Noah,Wilson,VA,2,20,2362.02,953.57,2025-10-25 15:51:00,Noah Wilson,True
C004818,Ethan,Lee,CA,7,39,7309.55,2739.1800000000003,2026-02-26 15:56:00,Ethan Lee,True
C004819,Ethan,Anderson,NY,4,32,4547.88,1727.21,2026-01-22 12:22:00,Ethan Anderson,True
C004820,Mia,Thomas,IL,5,35,5128.36,2050.95,2026-01-25 11:27:00,Mia Thomas,True
C004821,Olivia,Patel,CA,3,12,1487.3600000000001,494.62999999999994,2026-02-25 15:09:00,Olivia Patel,True
C004822,Liam,Davis,NC,2,11,1681.43,639.3000000000001,2025-11-09 17:19:00,Liam Davis,True
C004823,Sophia,Anderson,CA,6,43,7079.6,2912.86,2026-08-11 19:06:00,Sophia Anderson,True
C004824,Lucas,Johnson,NY,1,3,461.56999999999994,111.73999999999995,2026-05-24 20:27:00,Lucas Johnson,False
C004825,Ava,Taylor,IA,7,50,7104.3099999999995,2712.89,2025-11-09 10:44:00,Ava Taylor,True
C004826,Mia,Thomas,TX,5,21,3458.1,988.6700000000001,2026-08-14 09:57:00,Mia Thomas,True
C004827,Ava,Johnson,GA,2,19,3213.46,1239.68,2025-11-16 13:16:00,Ava Johnson,True
C004828,Olivia,Johnson,IA,5,35,6905.259999999999,2650.49,2026-04-28 19:35:00,Olivia Johnson,True
C004830,Emma,Davis,IA,1,9,1518.8,677.36,2026-05-12 21:59:00,Emma Davis,False
C004831,James,Johnson,MO,8,56,8960.59,3612.32,2026-07-01 08:01:00,James Johnson,True
C004832,Ethan,Anderson,FL,2,13,2064.2200000000003,741.26,2026-07-13 22:39:00,Ethan Anderson,True
C004833,Isabella,Johnson,GA,7,36,4829.51,2097.2200000000003,2026-07-24 12:19:00,Isabella Johnson,True
C004834,Isabella,Brown,GA,4,25,3436.37,1195.75,2025-12-19 17:27:00,Isabella Brown,True
C004835,James,Johnson,PA,5,35,6021.4400000000005,2636.77,2026-05-10 18:00:00,James Johnson,True
C004836,Mia,Thomas,TX,3,21,2789.5899999999997,1202.07,2026-08-14 17:56:00,Mia Thomas,True
C004837,Mia,Thomas,NC,1,11,2248.66,650.07,2025-09-19 21:47:00,Mia Thomas,False
C004838,James,Brown,NC,10,75,8765.64,3084.85,2026-06-25 14:43:00,James Brown,True
C004839,Olivia,Smith,TX,2,15,2287.38,897.2499999999999,2026-08-03 11:36:00,Olivia Smith,True
C004840,Sophia,Garcia,GA,4,25,4173.32,1650.25,2026-04-03 19:57:00,Sophia Garcia,True
C004841,Isabella,Patel,GA,5,35,5983.71,2399.41,2026-01-20 15:22:00,Isabella Patel,True
C004842,Liam,Davis,NY,2,14,2283.5699999999997,653.6999999999999,2025-08-13 21:46:00,Liam Davis,True
C004843,Sophia,Anderson,NC,3,24,1812.49,574.32,2025-09-21 17:09:00,Sophia Anderson,True
C004844,Liam,Johnson,CA,5,36,6024.42,2468.9500000000003,2026-04-20 17:34:00,Liam Johnson,True
C004845,Isabella,Johnson,GA,7,48,6672.48,2380.7599999999998,2026-06-20 09:17:00,Isabella Johnson,True
C004846,Isabella,Thomas,NJ,7,49,7704.29,2983.3199999999997,2026-04-22 12:39:00,Isabella Thomas,True
C004847,Sophia,Anderson,IA,3,23,3870.96,1570.96,2026-05-25 15:46:00,Sophia Anderson,True
C004848,Mason,Thomas,TX,4,24,5342.76,2432.61,2025-10-18 10:32:00,Mason Thomas,True
C004849,Emma,Brown,GA,2,10,1346.48,507.48,2026-08-12 13:28:00,Emma Brown,True
C004850,Sophia,Miller,NY,3,17,2446.7000000000003,1019.04,2025-09-24 20:33:00,Sophia Miller,True
C004851,Noah,Brown,NY,4,21,3050.28,1064.1100000000001,2026-06-22 16:38:00,Noah Brown,True
C004852,Ava,Wilson,IL,3,14,2403.64,879.1999999999999,2025-10-05 08:34:00,Ava Wilson,True
C004853,Olivia,Lee,FL,4,23,3127.8,1067.98,2026-06-01 19:35:00,Olivia Lee,True
C004854,Lucas,Patel,FL,6,38,6805.400000000001,2444.5200000000004,2026-06-25 10:30:00,Lucas Patel,True
C004855,Sophia,Johnson,PA,5,27,3718.77,1500.9099999999999,2026-07-05 21:14:00,Sophia Johnson,True
C004856,Sophia,Lee,CA,3,19,2923.44,1128.5700000000002,2026-08-15 19:51:00,Sophia Lee,True
C004857,Mason,Garcia,IA,1,1,12.5,2.6099999999999994,2026-06-08 15:16:00,Mason Garcia,False
C004858,Ava,Davis,NJ,2,11,1424.04,464.9699999999999,2026-07-11 14:04:00,Ava Davis,True
C004859,Isabella,Garcia,MO,5,38,5497.820000000001,2313.0200000000004,2026-07-20 14:21:00,Isabella Garcia,True
C004860,Mason,Miller,MO,5,30,3348.29,1307.32,2026-07-29 12:19:00,Mason Miller,True
C004861,Isabella,Anderson,IA,5,35,5084.61,2051.08,2026-07-21 19:52:00,Isabella Anderson,True
C004862,Liam,Johnson,IL,5,43,7097.53,2684.34,2026-07-01 18:15:00,Liam Johnson,True
C004863,Sophia,Smith,TX,5,35,6518.91,2854.16,2026-06-06 14:53:00,Sophia Smith,True
C004864,Emma,Brown,TX,4,21,4312.39,1839.15,2026-05-14 16:59:00,Emma Brown,True
C004865,James,Lee,TX,1,11,1221.06,437.35,2026-09-08 14:35:00,James Lee,False
C004866,Mia,Smith,NJ,5,27,4356.59,1689.9599999999998,2026-03-09 11:23:00,Mia Smith,True
C004867,Lucas,Anderson,PA,4,26,4604.82,1549.0400000000002,2026-04-14 22:58:00,Lucas Anderson,True
C004868,Sophia,Johnson,NY,4,33,5690.88,1937.47,2026-06-06 22:32:00,Sophia Johnson,True
C004869,James,Smith,IA,6,50,6986.28,2572.09,2026-06-05 16:31:00,James Smith,True
C004870,Liam,Wilson,MO,3,23,3397.2599999999998,1405.06,2026-06-19 12:57:00,Liam Wilson,True
C004871,Mia,Thomas,MO,7,45,7390.91,2938.2200000000003,2026-04-12 22:01:00,Mia Thomas,True
C004872,Ethan,Taylor,TX,2,18,2600.89,1131.8899999999999,2026-07-02 21:02:00,Ethan Taylor,True
C004873,Liam,Brown,CA,1,6,1442.55,591.93,2025-09-06 18:00:00,Liam Brown,False
C004874,Ava,Thomas,MO,7,45,8726.130000000001,3305.86,2026-06-22 17:29:00,Ava Thomas,True
C004875,James,Lee,VA,7,47,6385.2,2237.18,2026-06-02 09:10:00,James Lee,True
C004876,Ethan,Thomas,GA,3,18,2541.22,915.75,2026-03-12 15:12:00,Ethan Thomas,True
C004877,James,Miller,IL,2,7,603.1400000000001,196.67000000000002,2026-06-20 19:57:00,James Miller,True
C004878,Lucas,Miller,NC,3,27,2759.38,990.5000000000001,2025-12-12 18:53:00,Lucas Miller,True
C004879,Ethan,Brown,NJ,3,18,4174.0,1650.9599999999998,2026-05-07 11:36:00,Ethan Brown,True
C004880,Ethan,Anderson,FL,2,7,1507.47,682.9000000000001,2026-08-24 10:46:00,Ethan Anderson,True
C004881,Sophia,Miller,IA,4,24,4107.95,1561.8799999999999,2026-07-21 17:49:00,Sophia Miller,True
C004882,Sophia,Brown,VA,3,25,3818.64,1545.78,2026-07-12 20:51:00,Sophia Brown,True
C004883,Mia,Lee,VA,4,31,5196.6,1650.54,2026-04-23 17:58:00,Mia Lee,True
C004884,Olivia,Thomas,GA,2,17,2701.23,918.5200000000001,2025-09-30 10:53:00,Olivia Thomas,True
C004885,Mason,Garcia,NC,6,27,3922.43,1652.4399999999998,2026-02-25 14:25:00,Mason Garcia,True
C004886,Mia,Miller,NC,5,45,7096.47,2879.7,2026-06-06 19:43:00,Mia Miller,True
C004887,Mason,Miller,NC,4,21,3404.7400000000002,1370.09,2026-05-30 15:58:00,Mason Miller,True
C004888,Mia,Smith,IL,2,13,1356.9,598.08,2026-02-26 22:04:00,Mia Smith,True
C004889,Emma,Johnson,IL,1,2,177.54000000000002,63.12000000000001,2026-02-20 16:06:00,Emma Johnson,False
C004890,Mason,Smith,PA,6,41,6713.98,2395.91,2025-11-11 19:22:00,Mason Smith,True
C004891,Noah,Garcia,FL,1,3,726.2900000000001,299.5100000000001,2025-11-21 12:35:00,Noah Garcia,False
C004892,Isabella,Wilson,IA,1,2,121.38,27.33999999999999,2026-07-29 12:19:00,Isabella Wilson,False
C004893,Sophia,Smith,TX,6,34,4628.99,1778.9399999999998,2026-04-29 18:40:00,Sophia Smith,True
C004894,Emma,Brown,NC,4,22,4365.72,1649.9599999999998,2026-07-08 21:40:00,Emma Brown,True
C004895,Sophia,Brown,NY,2,12,1537.6299999999999,731.49,2025-07-29 14:03:00,Sophia Brown,True
C004897,Isabella,Thomas,NJ,1,2,192.3,47.76000000000002,2025-01-06 14:00:00,Isabella Thomas,False
C004898,Ethan,Johnson,CA,5,41,5806.19,2374.16,2026-09-10 12:42:00,Ethan Johnson,True
C004899,Ethan,Thomas,VA,5,22,4841.58,2097.8,2026-06-12 20:28:00,Ethan Thomas,True
C004900,Emma,Lee,CA,4,41,5732.26,2080.82,2026-06-10 11:44:00,Emma Lee,True
C004901,Isabella,Garcia,NC,4,14,2028.81,657.0,2026-09-06 17:09:00,Isabella Garcia,True
C004902,Lucas,Garcia,CA,3,14,2397.0699999999997,1067.8999999999999,2025-08-09 12:34:00,Lucas Garcia,True
C004903,Isabella,Taylor,NJ,5,19,2764.39,1013.1500000000001,2026-08-22 16:56:00,Isabella Taylor,True
C004904,Lucas,Brown,VA,4,18,3341.45,1308.93,2026-06-29 10:39:00,Lucas Brown,True
C004905,Isabella,Patel,NJ,4,18,3683.6099999999997,1564.66,2026-02-21 16:54:00,Isabella Patel,True
C004906,James,Johnson,NC,4,18,2515.04,896.5,2026-06-21 11:01:00,James Johnson,True
C004907,Lucas,Johnson,IL,4,32,4540.26,1574.3700000000001,2026-08-09 10:08:00,Lucas Johnson,True
C004908,Ethan,Miller,NJ,4,26,3530.69,1203.81,2026-08-29 20:00:00,Ethan Miller,True
C004909,Ava,Smith,IL,6,32,3606.5,1454.67,2025-09-04 12:49:00,Ava Smith,True
C004910,Ava,Taylor,NJ,5,29,4465.6900000000005,1458.95,2026-07-22 11:35:00,Ava Taylor,True
C004911,Lucas,Wilson,TX,2,5,427.98,161.60999999999999,2025-12-22 12:27:00,Lucas Wilson,True
C004912,Ethan,Taylor,NC,4,27,4230.63,1339.14,2026-06-12 12:36:00,Ethan Taylor,True
C004913,Mia,Davis,GA,5,41,4784.28,1632.85,2026-05-04 21:13:00,Mia Davis,True
C004914,Noah,Garcia,TX,1,4,165.52,68.44000000000001,2026-06-04 10:49:00,Noah Garcia,False
C004915,Isabella,Brown,IL,5,25,4628.44,1873.63,2026-01-30 15:56:00,Isabella Brown,True
C004916,Mason,Garcia,GA,6,37,4512.88,1739.63,2026-09-11 08:25:00,Mason Garcia,True
C004917,Noah,Brown,PA,1,4,997.99,447.65,2026-08-13 14:35:00,Noah Brown,False
C004918,James,Smith,NJ,5,32,5972.02,2384.12,2026-05-03 19:59:00,James Smith,True
C004919,Liam,Smith,GA,2,12,2816.41,1126.09,2025-12-17 19:52:00,Liam Smith,True
C004920,Ethan,Lee,NY,1,9,1496.02,568.47,2026-02-25 18:20:00,Ethan Lee,False
C004921,Mia,Thomas,FL,5,39,7682.009999999999,2295.75,2026-08-23 10:43:00,Mia Thomas,True
C004922,Mia,Anderson,NJ,4,26,3808.59,1468.4,2026-07-18 19:47:00,Mia Anderson,True
C004923,Ethan,Johnson,MO,4,25,3421.2,1420.04,2026-06-30 10:14:00,Ethan Johnson,True
C004924,Isabella,Taylor,NC,12,71,8793.93,3451.9500000000003,2026-06-19 22:59:00,Isabella Taylor,True
C004925,Mia,Johnson,TX,1,10,1410.24,631.4200000000001,2025-07-08 19:25:00,Mia Johnson,False
C004926,Mason,Brown,PA,3,25,3458.44,933.6000000000001,2026-01-06 13:38:00,Mason Brown,True
C004927,Ethan,Davis,IA,10,45,4743.1,1492.14,2026-08-17 12:41:00,Ethan Davis,True
C004928,Liam,Johnson,NC,5,48,7917.7,3570.56,2026-05-01 11:27:00,Liam Johnson,True
C004929,Noah,Wilson,FL,3,10,1732.6599999999999,528.7899999999998,2026-08-23 08:48:00,Noah Wilson,True
C004930,Sophia,Smith,IL,6,35,5209.4,1771.47,2026-08-22 16:36:00,Sophia Smith,True
C004931,Ava,Wilson,IL,5,29,4687.41,1647.0700000000002,2026-03-29 14:24:00,Ava Wilson,True
C004932,Lucas,Smith,NY,5,51,8089.39,3053.35,2026-07-27 09:16:00,Lucas Smith,True
C004933,Sophia,Patel,MO,4,31,4810.34,2001.7700000000002,2026-04-22 10:00:00,Sophia Patel,True
C004934,Noah,Johnson,IL,8,58,9773.52,3856.2200000000003,2026-08-29 13:30:00,Noah Johnson,True
C004935,Isabella,Wilson,NC,1,3,440.13,152.86,2026-03-02 17:11:00,Isabella Wilson,False
C004936,Olivia,Taylor,NJ,2,12,1793.7399999999998,593.7099999999998,2026-06-27 13:39:00,Olivia Taylor,True
C004937,Lucas,Taylor,VA,4,24,3556.53,1083.16,2026-08-19 09:33:00,Lucas Taylor,True
C004938,Olivia,Garcia,IA,5,24,3889.01,1513.98,2025-11-18 11:32:00,Olivia Garcia,True
C004939,Ethan,Davis,MO,5,15,2371.91,921.96,2026-04-13 10:18:00,Ethan Davis,True
C004940,Liam,Brown,TX,4,21,2590.64,986.3500000000001,2026-02-23 18:23:00,Liam Brown,True
C004941,James,Wilson,TX,3,22,4994.55,2072.5200000000004,2026-08-07 10:46:00,James Wilson,True
C004942,Mason,Garcia,VA,3,21,2632.31,927.67,2026-06-08 14:44:00,Mason Garcia,True
C004943,Olivia,Taylor,NC,3,7,543.8499999999999,136.32999999999993,2026-05-27 18:33:00,Olivia Taylor,True
C004944,Isabella,Taylor,NJ,1,4,810.0,240.16,2026-03-25 21:14:00,Isabella Taylor,False
C004945,Ethan,Miller,PA,3,20,1791.92,459.18,2025-04-12 12:14:00,Ethan Miller,True
C004946,Mason,Lee,TX,2,14,2221.66,703.3700000000001,2026-01-20 10:12:00,Mason Lee,True
C004947,Ava,Miller,NJ,1,2,66.03999999999999,34.05999999999999,2025-12-02 10:13:00,Ava Miller,False
C004948,James,Davis,NJ,3,23,3115.83,824.3600000000001,2026-04-28 18:03:00,James Davis,True
C004949,Noah,Wilson,NJ,6,48,5851.06,2052.7,2026-09-10 10:06:00,Noah Wilson,True
C004950,Isabella,Davis,FL,3,11,1990.3700000000001,827.77,2026-03-05 19:41:00,Isabella Davis,True
C004951,Ava,Davis,MO,6,34,4548.31,1538.62,2026-08-21 10:50:00,Ava Davis,True
C004952,Emma,Smith,CA,7,57,8660.27,3480.48,2026-04-07 17:01:00,Emma Smith,True
C004954,Mia,Miller,FL,4,29,4159.49,1148.9600000000003,2026-09-11 17:39:00,Mia Miller,True
C004955,Isabella,Miller,IA,3,18,2597.9,1171.98,2026-07-22 09:11:00,Isabella Miller,True
C004956,Lucas,Taylor,PA,3,30,4720.62,1681.48,2026-06-12 20:25:00,Lucas Taylor,True
C004957,Ethan,Thomas,VA,4,23,4233.98,1777.51,2026-01-17 11:37:00,Ethan Thomas,True
C004958,Ava,Lee,IL,2,15,2851.48,1264.92,2025-09-11 17:52:00,Ava Lee,True
C004959,Noah,Johnson,NY,2,2,300.24,92.84000000000002,2026-06-02 19:37:00,Noah Johnson,True
C004960,Sophia,Thomas,VA,3,25,3844.3500000000004,1240.1500000000003,2026-04-11 14:11:00,Sophia Thomas,True
C004961,Mason,Taylor,VA,4,19,2258.01,758.3800000000001,2026-01-19 11:51:00,Mason Taylor,True
C004962,Emma,Patel,FL,4,32,5482.5,1972.3700000000001,2026-07-09 10:43:00,Emma Patel,True
C004963,Sophia,Anderson,PA,7,43,5711.54,2116.67,2026-09-04 17:17:00,Sophia Anderson,True
C004964,Lucas,Wilson,NC,1,11,1572.79,433.05000000000007,2025-06-18 14:28:00,Lucas Wilson,False
C004965,Ava,Davis,TX,2,16,2781.0,1121.65,2026-03-11 20:53:00,Ava Davis,True
C004966,Ava,Garcia,TX,3,16,2097.1,710.8600000000001,2025-10-04 22:15:00,Ava Garcia,True
C004967,Isabella,Patel,TX,4,22,3554.85,1473.1399999999999,2026-07-27 18:45:00,Isabella Patel,True
C004968,Lucas,Smith,NJ,3,28,4395.77,1721.7200000000003,2026-02-23 11:48:00,Lucas Smith,True
C004969,Noah,Johnson,NJ,5,33,5102.35,2245.19,2026-05-10 11:27:00,Noah Johnson,True
C004970,Mason,Brown,MO,8,59,10239.69,3765.61,2026-08-09 08:14:00,Mason Brown,True
C004971,Lucas,Wilson,FL,5,29,5775.3099999999995,2572.2799999999997,2026-05-19 09:27:00,Lucas Wilson,True
C004972,Mason,Wilson,GA,8,39,4595.55,1807.98,2026-05-17 21:25:00,Mason Wilson,True
C004973,Mia,Miller,VA,6,49,7483.99,2678.06,2026-07-06 16:48:00,Mia Miller,True
C004974,Noah,Anderson,MO,2,10,1632.6799999999998,717.95,2026-06-05 09:47:00,Noah Anderson,True
C004975,Isabella,Miller,IL,6,35,5938.96,2510.3900000000003,2026-08-22 14:33:00,Isabella Miller,True
C004976,James,Anderson,NC,9,43,6495.7,2618.3399999999997,2026-08-21 19:06:00,James Anderson,True
C004977,Sophia,Lee,CA,6,40,4694.43,1624.17,2026-05-10 16:39:00,Sophia Lee,True
C004978,Liam,Taylor,NJ,1,11,2897.5299999999997,1143.44,2025-01-23 20:21:00,Liam Taylor,False
C004979,Mason,Smith,VA,2,13,2023.3400000000001,760.1800000000001,2026-08-18 18:18:00,Mason Smith,True
C004980,Liam,Patel,IA,6,26,3369.78,1130.9900000000002,2026-08-07 18:30:00,Liam Patel,True
C004981,Noah,Johnson,MO,5,32,5134.17,2137.27,2026-07-18 09:32:00,Noah Johnson,True
C004982,Mason,Smith,VA,2,6,1115.78,262.24,2026-03-17 16:16:00,Mason Smith,True
C004983,Ethan,Davis,GA,7,49,6701.55,2369.0200000000004,2026-08-09 21:21:00,Ethan Davis,True
C004984,Mason,Taylor,IA,2,17,2021.07,571.35,2026-04-18 17:10:00,Mason Taylor,True
C004985,Lucas,Patel,IA,4,10,1271.48,483.44,2026-05-30 18:21:00,Lucas Patel,True
C004986,Sophia,Wilson,TX,7,36,4341.49,1811.9,2026-08-06 22:55:00,Sophia Wilson,True
C004987,Emma,Wilson,IA,4,21,3710.11,1308.1000000000001,2026-08-27 21:36:00,Emma Wilson,True
C004988,Emma,Anderson,FL,2,18,2894.4300000000003,1028.78,2026-08-31 11:01:00,Emma Anderson,True
C004989,Emma,Smith,IL,2,6,855.24,377.64,2025-04-28 10:12:00,Emma Smith,True
C004990,Sophia,Lee,MO,5,26,3082.77,1485.52,2025-09-21 19:47:00,Sophia Lee,True
C004991,Emma,Lee,GA,4,21,4242.51,1785.33,2026-01-25 18:35:00,Emma Lee,True
C004992,Liam,Lee,FL,4,23,3219.27,1450.99,2026-07-21 08:52:00,Liam Lee,True
C004993,Lucas,Brown,MO,4,27,4561.01,1917.1299999999999,2026-06-09 20:29:00,Lucas Brown,True
C004994,Sophia,Garcia,PA,6,43,7100.4,2461.63,2026-07-03 17:52:00,Sophia Garcia,True
C004995,Lucas,Davis,TX,3,18,3649.44,1573.2599999999998,2026-08-31 10:20:00,Lucas Davis,True
C004996,Mason,Taylor,NJ,3,15,1830.62,659.0699999999999,2026-08-06 17:45:00,Mason Taylor,True
C004997,James,Miller,NY,3,23,3222.0,1058.1299999999999,2026-06-20 15:24:00,James Miller,True
C004998,Ava,Thomas,MO,3,18,2399.7400000000002,826.44,2025-09-15 12:15:00,Ava Thomas,True
C004999,James,Patel,IL,4,35,5149.83,2095.56,2026-04-05 18:07:00,James Patel,True
C005000,Noah,Johnson,NC,3,15,2141.54,676.0999999999999,2025-08-21 08:21:00,Noah Johnson,True
